<?xml version="1.0" encoding="utf-8"?>
<COLLADA xmlns="http://www.collada.org/2005/11/COLLADASchema" version="1.4.1" xmlns:xsi="http://www.w3.org/2001/XMLSchema-instance">
  <asset>
    <contributor>
      <author>Blender User</author>
      <authoring_tool>Blender 4.3.1 commit date:2024-12-10, commit time:07:46, hash:33d812126174</authoring_tool>
    </contributor>
    <created>2026-06-04T15:22:49</created>
    <modified>2026-06-04T15:22:49</modified>
    <unit name="meter" meter="1"/>
    <up_axis>Z_UP</up_axis>
  </asset>
  <library_effects>
    <effect id="text_KARTLI_004-effect">
      <profile_COMMON>
        <newparam sid="spain_struct_png-surface">
          <surface type="2D">
            <init_from>spain_struct_png</init_from>
          </surface>
        </newparam>
        <newparam sid="spain_struct_png-sampler">
          <sampler2D>
            <source>spain_struct_png-surface</source>
          </sampler2D>
        </newparam>
        <technique sid="common">
          <lambert>
            <emission>
              <color sid="emission">0 0 0 1</color>
            </emission>
            <diffuse>
              <texture texture="spain_struct_png-sampler" texcoord="Mapa UV.001"/>
            </diffuse>
            <index_of_refraction>
              <float sid="ior">1.45</float>
            </index_of_refraction>
          </lambert>
        </technique>
      </profile_COMMON>
    </effect>
  </library_effects>
  <library_images>
    <image id="spain_struct_png" name="spain_struct_png">
      <init_from>spain_struct.png</init_from>
    </image>
  </library_images>
  <library_materials>
    <material id="text_KARTLI_004-material" name="text KARTLI.004">
      <instance_effect url="#text_KARTLI_004-effect"/>
    </material>
  </library_materials>
  <library_geometries>
    <geometry id="Cubo_003-mesh" name="Cubo.003">
      <mesh>
        <source id="Cubo_003-mesh-positions">
          <float_array id="Cubo_003-mesh-positions-array" count="3552">-11.7 2.944454 0.4513283 -11.7 2.944454 10.85133 -11.7 9.71323 0.4513283 -11.7 9.71323 10.85133 11.7 2.944454 0.4513283 11.7 2.944454 10.85133 11.7 9.71323 0.4513283 11.7 9.71323 10.85133 -5.937186 9.883828 10.78508 0 9.883828 10.78508 5.937186 9.883828 10.78508 5.937186 0.6018977 10.78508 0 0.6018977 10.78508 -5.937186 0.6018977 10.78508 -4.749748 5.390926 14.78908 3.66838e-7 5.390926 14.78908 4.749748 5.390926 14.78908 4.749748 5.094799 14.78908 -3.40929e-7 5.094799 14.78908 -4.749748 5.094799 14.78908 -11.7 2.944454 5.651329 -11.7 9.71323 5.651329 11.7 9.71323 5.651329 11.7 2.944454 5.651329 3.9 9.71323 0.4513283 -3.9 9.71323 0.4513283 -3.9 9.71323 10.85133 3.9 9.71323 10.85133 -2.73 2.944454 0.4513283 2.73 2.944454 0.4513283 2.73 2.944454 10.85133 -2.73 2.944454 10.85133 2.73 2.944454 5.651329 -2.73 2.944454 5.651329 -3.9 9.71323 5.651329 3.9 9.71323 5.651329 2.457 2.461259 10.85133 -2.457 2.461259 10.85133 2.457 2.461259 5.651329 -2.457 2.461259 5.651329 6.156997 -0.2972655 9.842262 0 -0.2972655 9.842262 -6.156997 -0.2972655 9.842262 4.925598 4.195636 13.84627 -3.48587e-7 4.195636 13.84627 -4.925598 4.195636 13.84627 -2.73 3.974858 10.85133 -2.73 3.974858 5.651329 6.156997 0.7331376 9.842262 -6.156997 0.7331376 9.842262 4.925598 5.226039 13.84627 -4.925598 5.226039 13.84627 7.8 9.71323 10.85133 7.215001 2.944454 0.4513283 7.8 9.71323 5.651329 7.8 9.71323 0.4513283 7.215001 2.944454 10.85133 7.215001 2.944454 5.651329 -7.8 9.71323 0.4513283 -7.215001 2.944454 10.85133 -7.215001 2.944454 5.651329 -7.8 9.71323 10.85133 -7.215001 2.944454 0.4513283 -7.8 9.71323 5.651329 3.9 9.71323 0.4513283 -3.9 9.71323 0.4513283 -3.9 9.71323 5.651329 3.9 9.71323 5.651329 3.785011 9.691477 10.85133 3.785011 9.691477 5.651329 7.796491 9.691477 10.85133 7.796491 9.691477 5.651329 4.659589 9.691477 6.368864 4.659589 9.691477 10.13379 6.921914 9.691477 10.13379 6.921914 9.691477 6.368864 4.659589 9.401608 6.368864 4.659589 9.401608 10.13379 6.921914 9.401608 10.13379 6.921914 9.401608 6.368864 4.659589 9.691477 6.368864 6.921914 9.691477 6.368864 4.659589 9.691477 8.147719 6.921914 9.691477 8.147719 -3.785011 9.691477 10.85133 -3.785011 9.691477 5.651329 -7.796491 9.691477 10.85133 -7.796491 9.691477 5.651329 -4.659589 9.691477 6.368864 -4.659589 9.691477 10.13379 -6.921914 9.691477 10.13379 -6.921914 9.691477 6.368864 -4.659589 9.401608 6.368864 -4.659589 9.401608 10.13379 -6.921914 9.401608 10.13379 -6.921914 9.401608 6.368864 -4.659589 9.691477 6.368864 -6.921914 9.691477 6.368864 -4.659589 9.691477 8.147719 -6.921914 9.691477 8.147719 0.9207643 10.00817 0.4997314 -0.9207643 10.00817 0.4997314 -0.9207643 10.00817 4.995741 0.9207643 10.00817 4.995741 1.394976 9.6737 5.651329 -1.394976 9.6737 5.651329 -1.394976 9.6737 0.4513283 1.394976 9.6737 0.4513283 1.394976 10.00817 5.651329 -1.394976 10.00817 5.651329 -1.394976 10.00817 0.4513283 1.394976 10.00817 0.4513283 0.9207643 9.891802 4.995741 -0.9207643 9.891802 4.995741 -0.9207643 9.891802 0.4997314 0.9207643 9.891802 0.4997314 5.85 0.7829914 10.85133 0 0.7829914 10.85133 -5.85 0.7829914 10.85133 5.85 0.7829914 5.651329 -5.85 0.7829914 5.651329 5.85 2.536491 10.85133 0 2.536491 10.85133 -5.85 2.536491 10.85133 5.85 2.536491 5.651329 -5.85 2.536491 5.651329 5.85 0.7829914 7.775023 -5.85 0.7829914 7.775023 5.85 2.536491 7.775023 -5.85 2.536491 7.775023 -9.906164 0.7829914 6.368864 -7.643838 0.7829914 6.368864 -9.906164 1.07286 6.368864 -7.643838 1.07286 6.368864 11.7 0.7829914 0.4513283 -11.7 0.7829914 0.4513283 11.7 0.7829914 5.651329 -11.7 0.7829914 5.651329 -8.357144 0.7829914 0.4513283 8.357144 0.7829914 0.4513283 -8.357144 0.7829914 5.651329 8.357144 0.7829914 5.651329 -8.357144 2.997758 0.4513283 -11.7 2.997758 0.4513283 11.7 2.997758 0.4513283 -8.357144 2.997758 5.651329 11.7 2.997758 5.651329 8.357144 2.997758 5.651329 8.357144 2.997758 0.4513283 -11.7 2.997758 5.651329 -1.671428 0.7829914 0.4513283 -1.671428 0.7829914 5.651329 -1.002857 0.7829914 0.4513283 -0.3342856 0.7829914 5.651329 -1.002857 0.7829914 5.651329 -1.671428 0.7829914 4.784662 -1.671428 0.7829914 3.917995 -1.671428 0.7829914 3.051328 -1.671428 0.7829914 2.184662 -1.671428 0.7829914 1.317995 -0.3342856 0.7829914 4.784662 -1.002857 0.7829914 4.784662 -1.002857 0.7829914 3.917995 -1.002857 0.7829914 3.051328 -1.002857 0.7829914 2.184662 -1.002857 0.7829914 1.317995 -1.002857 1.302992 4.784662 -1.671428 1.302992 4.784662 -1.671428 1.302992 5.651329 -1.002857 1.302992 5.651329 -0.3342856 1.302992 4.784662 -0.3342856 1.302992 5.651329 -1.002857 1.302992 0.4513283 -1.671428 1.302992 0.4513283 -1.671428 1.302992 1.317995 -1.002857 1.302992 1.317995 -1.671428 1.302992 2.184662 -1.002857 1.302992 2.184662 -1.671428 1.302992 3.051328 -1.002857 1.302992 3.051328 -1.671428 1.302992 3.917995 -1.002857 1.302992 3.917995 0 0.7829914 5.651329 0 0.7829914 4.784662 0 1.302992 4.784662 0 1.302992 5.651329 1.671428 0.7829914 0.4513283 1.671428 0.7829914 5.651329 1.002857 0.7829914 0.4513283 0.3342856 0.7829914 5.651329 1.002857 0.7829914 5.651329 1.671428 0.7829914 4.784662 1.671428 0.7829914 3.917995 1.671428 0.7829914 3.051328 1.671428 0.7829914 2.184662 1.671428 0.7829914 1.317995 0.3342856 0.7829914 4.784662 1.002857 0.7829914 4.784662 1.002857 0.7829914 3.917995 1.002857 0.7829914 3.051328 1.002857 0.7829914 2.184662 1.002857 0.7829914 1.317995 1.002857 1.302992 4.784662 1.671428 1.302992 4.784662 1.671428 1.302992 5.651329 1.002857 1.302992 5.651329 0.3342856 1.302992 4.784662 0.3342856 1.302992 5.651329 1.002857 1.302992 0.4513283 1.671428 1.302992 0.4513283 1.671428 1.302992 1.317995 1.002857 1.302992 1.317995 1.671428 1.302992 2.184662 1.002857 1.302992 2.184662 1.671428 1.302992 3.051328 1.002857 1.302992 3.051328 1.671428 1.302992 3.917995 1.002857 1.302992 3.917995 -1.773309 0.7037511 3.967616 -0.9009763 0.7037511 3.967616 -0.9009763 1.382232 3.967616 -1.773309 1.382232 3.967616 1.773309 0.7037511 3.967616 0.9009763 0.7037511 3.967616 0.9009763 1.382232 3.967616 1.773309 1.382232 3.967616 -0.9009763 0.7037511 3.744746 -1.773309 0.7037511 3.744746 -0.9009763 1.382232 3.744746 -1.773309 1.382232 3.744746 0.9009763 0.7037511 3.744746 1.773309 0.7037511 3.744746 0.9009763 1.382232 3.744746 1.773309 1.382232 3.744746 1.520528 0.7829914 0.4513283 1.520528 0.7829914 5.651329 2.1891 0.7829914 0.4513283 2.857671 0.7829914 5.651329 2.1891 0.7829914 5.651329 1.520528 0.7829914 4.784662 1.520528 0.7829914 3.917995 1.520528 0.7829914 3.051328 1.520528 0.7829914 2.184662 1.520528 0.7829914 1.317995 2.857671 0.7829914 4.784662 2.1891 0.7829914 4.784662 2.1891 0.7829914 3.917995 2.1891 0.7829914 3.051328 2.1891 0.7829914 2.184662 2.1891 0.7829914 1.317995 2.1891 1.302992 4.784662 1.520528 1.302992 4.784662 1.520528 1.302992 5.651329 2.1891 1.302992 5.651329 2.857671 1.302992 4.784662 2.857671 1.302992 5.651329 2.1891 1.302992 0.4513283 1.520528 1.302992 0.4513283 1.520528 1.302992 1.317995 2.1891 1.302992 1.317995 1.520528 1.302992 2.184662 2.1891 1.302992 2.184662 1.520528 1.302992 3.051328 2.1891 1.302992 3.051328 1.520528 1.302992 3.917995 2.1891 1.302992 3.917995 3.191956 0.7829914 5.651329 3.191956 0.7829914 4.784662 3.191956 1.302992 4.784662 3.191956 1.302992 5.651329 4.863385 0.7829914 0.4513283 4.863385 0.7829914 5.651329 4.194814 0.7829914 0.4513283 3.526242 0.7829914 5.651329 4.194814 0.7829914 5.651329 4.863385 0.7829914 4.784662 4.863385 0.7829914 3.917995 4.863385 0.7829914 3.051328 4.863385 0.7829914 2.184662 4.863385 0.7829914 1.317995 3.526242 0.7829914 4.784662 4.194814 0.7829914 4.784662 4.194814 0.7829914 3.917995 4.194814 0.7829914 3.051328 4.194814 0.7829914 2.184662 4.194814 0.7829914 1.317995 4.194814 1.302992 4.784662 4.863385 1.302992 4.784662 4.863385 1.302992 5.651329 4.194814 1.302992 5.651329 3.526242 1.302992 4.784662 3.526242 1.302992 5.651329 4.194814 1.302992 0.4513283 4.863385 1.302992 0.4513283 4.863385 1.302992 1.317995 4.194814 1.302992 1.317995 4.863385 1.302992 2.184662 4.194814 1.302992 2.184662 4.863385 1.302992 3.051328 4.194814 1.302992 3.051328 4.863385 1.302992 3.917995 4.194814 1.302992 3.917995 1.418647 0.7037511 3.967616 2.29098 0.7037511 3.967616 2.29098 1.382232 3.967616 1.418647 1.382232 3.967616 4.965266 0.7037511 3.967616 4.092933 0.7037511 3.967616 4.092933 1.382232 3.967616 4.965266 1.382232 3.967616 2.29098 0.7037511 3.744746 1.418647 0.7037511 3.744746 2.29098 1.382232 3.744746 1.418647 1.382232 3.744746 4.092933 0.7037511 3.744746 4.965266 0.7037511 3.744746 4.092933 1.382232 3.744746 4.965266 1.382232 3.744746 4.712485 0.7829914 0.4513283 4.712485 0.7829914 5.651329 5.381056 0.7829914 0.4513283 6.049628 0.7829914 5.651329 5.381056 0.7829914 5.651329 4.712485 0.7829914 4.784662 4.712485 0.7829914 3.917995 4.712485 0.7829914 3.051328 4.712485 0.7829914 2.184662 4.712485 0.7829914 1.317995 6.049628 0.7829914 4.784662 5.381056 0.7829914 4.784662 5.381056 0.7829914 3.917995 5.381056 0.7829914 3.051328 5.381056 0.7829914 2.184662 5.381056 0.7829914 1.317995 5.381056 1.302992 4.784662 4.712485 1.302992 4.784662 4.712485 1.302992 5.651329 5.381056 1.302992 5.651329 6.049628 1.302992 4.784662 6.049628 1.302992 5.651329 5.381056 1.302992 0.4513283 4.712485 1.302992 0.4513283 4.712485 1.302992 1.317995 5.381056 1.302992 1.317995 4.712485 1.302992 2.184662 5.381056 1.302992 2.184662 4.712485 1.302992 3.051328 5.381056 1.302992 3.051328 4.712485 1.302992 3.917995 5.381056 1.302992 3.917995 6.383913 0.7829914 5.651329 6.383913 0.7829914 4.784662 6.383913 1.302992 4.784662 6.383913 1.302992 5.651329 8.055343 0.7829914 0.4513283 8.055343 0.7829914 5.651329 7.38677 0.7829914 0.4513283 6.718199 0.7829914 5.651329 7.38677 0.7829914 5.651329 8.055343 0.7829914 4.784662 8.055343 0.7829914 3.917995 8.055343 0.7829914 3.051328 8.055343 0.7829914 2.184662 8.055343 0.7829914 1.317995 6.718199 0.7829914 4.784662 7.38677 0.7829914 4.784662 7.38677 0.7829914 3.917995 7.38677 0.7829914 3.051328 7.38677 0.7829914 2.184662 7.38677 0.7829914 1.317995 7.38677 1.302992 4.784662 8.055343 1.302992 4.784662 8.055343 1.302992 5.651329 7.38677 1.302992 5.651329 6.718199 1.302992 4.784662 6.718199 1.302992 5.651329 7.38677 1.302992 0.4513283 8.055343 1.302992 0.4513283 8.055343 1.302992 1.317995 7.38677 1.302992 1.317995 8.055343 1.302992 2.184662 7.38677 1.302992 2.184662 8.055343 1.302992 3.051328 7.38677 1.302992 3.051328 8.055343 1.302992 3.917995 7.38677 1.302992 3.917995 4.610604 0.7037511 3.967616 5.482937 0.7037511 3.967616 5.482937 1.382232 3.967616 4.610604 1.382232 3.967616 8.157223 0.7037511 3.967616 7.28489 0.7037511 3.967616 7.28489 1.382232 3.967616 8.157223 1.382232 3.967616 5.482937 0.7037511 3.744746 4.610604 0.7037511 3.744746 5.482937 1.382232 3.744746 4.610604 1.382232 3.744746 7.28489 0.7037511 3.744746 8.157223 0.7037511 3.744746 7.28489 1.382232 3.744746 8.157223 1.382232 3.744746 -1.520528 0.7829914 0.4513283 -1.520528 0.7829914 5.651329 -2.1891 0.7829914 0.4513283 -2.857671 0.7829914 5.651329 -2.1891 0.7829914 5.651329 -1.520528 0.7829914 4.784662 -1.520528 0.7829914 3.917995 -1.520528 0.7829914 3.051328 -1.520528 0.7829914 2.184662 -1.520528 0.7829914 1.317995 -2.857671 0.7829914 4.784662 -2.1891 0.7829914 4.784662 -2.1891 0.7829914 3.917995 -2.1891 0.7829914 3.051328 -2.1891 0.7829914 2.184662 -2.1891 0.7829914 1.317995 -2.1891 1.302992 4.784662 -1.520528 1.302992 4.784662 -1.520528 1.302992 5.651329 -2.1891 1.302992 5.651329 -2.857671 1.302992 4.784662 -2.857671 1.302992 5.651329 -2.1891 1.302992 0.4513283 -1.520528 1.302992 0.4513283 -1.520528 1.302992 1.317995 -2.1891 1.302992 1.317995 -1.520528 1.302992 2.184662 -2.1891 1.302992 2.184662 -1.520528 1.302992 3.051328 -2.1891 1.302992 3.051328 -1.520528 1.302992 3.917995 -2.1891 1.302992 3.917995 -3.191956 0.7829914 5.651329 -3.191956 0.7829914 4.784662 -3.191956 1.302992 4.784662 -3.191956 1.302992 5.651329 -4.863385 0.7829914 0.4513283 -4.863385 0.7829914 5.651329 -4.194814 0.7829914 0.4513283 -3.526242 0.7829914 5.651329 -4.194814 0.7829914 5.651329 -4.863385 0.7829914 4.784662 -4.863385 0.7829914 3.917995 -4.863385 0.7829914 3.051328 -4.863385 0.7829914 2.184662 -4.863385 0.7829914 1.317995 -3.526242 0.7829914 4.784662 -4.194814 0.7829914 4.784662 -4.194814 0.7829914 3.917995 -4.194814 0.7829914 3.051328 -4.194814 0.7829914 2.184662 -4.194814 0.7829914 1.317995 -4.194814 1.302992 4.784662 -4.863385 1.302992 4.784662 -4.863385 1.302992 5.651329 -4.194814 1.302992 5.651329 -3.526242 1.302992 4.784662 -3.526242 1.302992 5.651329 -4.194814 1.302992 0.4513283 -4.863385 1.302992 0.4513283 -4.863385 1.302992 1.317995 -4.194814 1.302992 1.317995 -4.863385 1.302992 2.184662 -4.194814 1.302992 2.184662 -4.863385 1.302992 3.051328 -4.194814 1.302992 3.051328 -4.863385 1.302992 3.917995 -4.194814 1.302992 3.917995 -1.418647 0.7037511 3.967616 -2.29098 0.7037511 3.967616 -2.29098 1.382232 3.967616 -1.418647 1.382232 3.967616 -4.965266 0.7037511 3.967616 -4.092933 0.7037511 3.967616 -4.092933 1.382232 3.967616 -4.965266 1.382232 3.967616 -2.29098 0.7037511 3.744746 -1.418647 0.7037511 3.744746 -2.29098 1.382232 3.744746 -1.418647 1.382232 3.744746 -4.092933 0.7037511 3.744746 -4.965266 0.7037511 3.744746 -4.092933 1.382232 3.744746 -4.965266 1.382232 3.744746 -4.712485 0.7829914 0.4513283 -4.712485 0.7829914 5.651329 -5.381056 0.7829914 0.4513283 -6.049628 0.7829914 5.651329 -5.381056 0.7829914 5.651329 -4.712485 0.7829914 4.784662 -4.712485 0.7829914 3.917995 -4.712485 0.7829914 3.051328 -4.712485 0.7829914 2.184662 -4.712485 0.7829914 1.317995 -6.049628 0.7829914 4.784662 -5.381056 0.7829914 4.784662 -5.381056 0.7829914 3.917995 -5.381056 0.7829914 3.051328 -5.381056 0.7829914 2.184662 -5.381056 0.7829914 1.317995 -5.381056 1.302992 4.784662 -4.712485 1.302992 4.784662 -4.712485 1.302992 5.651329 -5.381056 1.302992 5.651329 -6.049628 1.302992 4.784662 -6.049628 1.302992 5.651329 -5.381056 1.302992 0.4513283 -4.712485 1.302992 0.4513283 -4.712485 1.302992 1.317995 -5.381056 1.302992 1.317995 -4.712485 1.302992 2.184662 -5.381056 1.302992 2.184662 -4.712485 1.302992 3.051328 -5.381056 1.302992 3.051328 -4.712485 1.302992 3.917995 -5.381056 1.302992 3.917995 -6.383913 0.7829914 5.651329 -6.383913 0.7829914 4.784662 -6.383913 1.302992 4.784662 -6.383913 1.302992 5.651329 -8.055343 0.7829914 0.4513283 -8.055343 0.7829914 5.651329 -7.38677 0.7829914 0.4513283 -6.718199 0.7829914 5.651329 -7.38677 0.7829914 5.651329 -8.055343 0.7829914 4.784662 -8.055343 0.7829914 3.917995 -8.055343 0.7829914 3.051328 -8.055343 0.7829914 2.184662 -8.055343 0.7829914 1.317995 -6.718199 0.7829914 4.784662 -7.38677 0.7829914 4.784662 -7.38677 0.7829914 3.917995 -7.38677 0.7829914 3.051328 -7.38677 0.7829914 2.184662 -7.38677 0.7829914 1.317995 -7.38677 1.302992 4.784662 -8.055343 1.302992 4.784662 -8.055343 1.302992 5.651329 -7.38677 1.302992 5.651329 -6.718199 1.302992 4.784662 -6.718199 1.302992 5.651329 -7.38677 1.302992 0.4513283 -8.055343 1.302992 0.4513283 -8.055343 1.302992 1.317995 -7.38677 1.302992 1.317995 -8.055343 1.302992 2.184662 -7.38677 1.302992 2.184662 -8.055343 1.302992 3.051328 -7.38677 1.302992 3.051328 -8.055343 1.302992 3.917995 -7.38677 1.302992 3.917995 -4.610604 0.7037511 3.967616 -5.482937 0.7037511 3.967616 -5.482937 1.382232 3.967616 -4.610604 1.382232 3.967616 -8.157223 0.7037511 3.967616 -7.28489 0.7037511 3.967616 -7.28489 1.382232 3.967616 -8.157223 1.382232 3.967616 -5.482937 0.7037511 3.744746 -4.610604 0.7037511 3.744746 -5.482937 1.382232 3.744746 -4.610604 1.382232 3.744746 -7.28489 0.7037511 3.744746 -8.157223 0.7037511 3.744746 -7.28489 1.382232 3.744746 -8.157223 1.382232 3.744746 -11.7 0.7829914 10.85133 -11.7 0.7829914 5.651329 -5.85 0.7829914 10.85133 -5.85 0.7829914 5.651329 -9.906164 0.7829914 6.368864 -9.906164 0.7829914 10.13379 -7.643838 0.7829914 10.13379 -7.643838 0.7829914 6.368864 -9.906164 1.07286 6.368864 -9.906164 1.07286 10.13379 -7.643838 1.07286 10.13379 -7.643838 1.07286 6.368864 -9.906164 0.7829914 6.368864 -7.643838 0.7829914 6.368864 -9.906164 0.7829914 8.147719 -7.643838 0.7829914 8.147719 11.7 0.7829914 10.85133 11.7 0.7829914 5.651329 5.85 0.7829914 10.85133 5.85 0.7829914 5.651329 9.906164 0.7829914 6.368864 9.906164 0.7829914 10.13379 7.643838 0.7829914 10.13379 7.643838 0.7829914 6.368864 9.906164 1.07286 6.368864 9.906164 1.07286 10.13379 7.643838 1.07286 10.13379 7.643838 1.07286 6.368864 9.906164 0.7829914 6.368864 7.643838 0.7829914 6.368864 9.906164 0.7829914 8.147719 7.643838 0.7829914 8.147719 -11.7 0.7829914 10.85133 -11.7 0.7829914 5.651329 11.7 0.7829914 10.85133 11.7 0.7829914 5.651329 -11.7 2.991983 10.85133 -11.7 2.991983 5.651329 11.7 2.991983 10.85133 11.7 2.991983 5.651329 5.85 -0.05800247 5.651329 0 -0.05800247 5.651329 -5.85 -0.05800247 5.651329 5.85 -0.05800247 7.775023 0 -0.05800247 7.775023 -5.85 -0.05800247 7.775023 0 0.2019972 5.651329 0 0.2019972 7.775023 5.85 0.2019972 7.775023 5.85 0.2019972 5.651329 -5.85 0.2019972 5.651329 -5.85 0.2019972 7.775023 5.85 0.08761024 5.720847 0 0.08761024 5.720847 -5.85 0.08761024 5.720847 0 2.507201 5.720847 5.85 2.507201 5.720847 -5.85 2.507201 5.720847 7.305182 2.461259 10.85133 1.845183 2.461259 10.85133 7.305182 2.461259 5.651329 1.845183 2.461259 5.651329 -7.305182 2.461259 10.85133 -1.845183 2.461259 10.85133 -7.305182 2.461259 5.651329 -1.845183 2.461259 5.651329 5.61054 0.2100496 5.651329 5.61054 5.790445 5.651329 5.61054 0.2100496 7.775023 5.61054 5.790445 7.775023 5.87054 5.790445 5.651329 5.87054 5.790445 7.775023 5.87054 0.2100496 7.775023 5.87054 0.2100496 5.651329 -5.61054 0.2100496 5.651329 -5.61054 5.790445 5.651329 -5.61054 0.2100496 7.775023 -5.61054 5.790445 7.775023 -5.87054 5.790445 5.651329 -5.87054 5.790445 7.775023 -5.87054 0.2100496 7.775023 -5.87054 0.2100496 5.651329 5.61054 0.2100496 5.592813 5.61054 0.2100496 9.71131 5.87054 0.2100496 9.71131 5.87054 0.2100496 5.592813 -5.61054 0.2100496 5.592813 -5.61054 0.2100496 9.71131 -5.87054 0.2100496 9.71131 -5.87054 0.2100496 5.592813 5.61054 -0.06943035 9.71131 5.61054 -0.06943035 5.592813 5.87054 -0.06943035 9.71131 5.87054 -0.06943035 5.592813 -5.61054 -0.06943035 9.71131 -5.61054 -0.06943035 5.592813 -5.87054 -0.06943035 9.71131 -5.87054 -0.06943035 5.592813 -11.7 2.944454 0.4513283 -11.7 9.71323 0.4513283 -11.7 2.944454 5.651329 -11.7 9.71323 5.651329 -11.7 8.746262 0.4513283 -11.7 7.502363 0.4513283 -11.7 4.188356 0.4513283 -11.7 4.188356 5.651329 -11.7 7.502363 5.651329 -11.7 8.746262 5.651329 -10.87532 3.417995 0.4513283 -10.87532 9.239689 0.4513283 -10.87532 9.239689 5.651329 -10.87532 3.417995 5.651329 -11.75609 7.516788 0.4513286 -11.75609 7.516788 5.651329 -11.75609 6.848217 0.4513286 -11.75609 6.179645 5.651329 -11.75609 6.848217 5.651329 -11.75609 7.516788 4.784662 -11.75609 7.516788 3.917995 -11.75609 7.516788 3.051328 -11.75609 7.516788 2.184662 -11.75609 7.516788 1.317995 -11.75609 6.179645 4.784662 -11.75609 6.848217 4.784662 -11.75609 6.848217 3.917995 -11.75609 6.848217 3.051328 -11.75609 6.848217 2.184662 -11.75609 6.848217 1.317995 -11.23609 6.848217 4.784662 -11.23609 7.516788 4.784662 -11.23609 7.516788 5.651329 -11.23609 6.848217 5.651329 -11.23609 6.179645 4.784662 -11.23609 6.179645 5.651329 -11.23609 6.848217 0.4513286 -11.23609 7.516788 0.4513286 -11.23609 7.516788 1.317995 -11.23609 6.848217 1.317995 -11.23609 7.516788 2.184662 -11.23609 6.848217 2.184662 -11.23609 7.516788 3.051328 -11.23609 6.848217 3.051328 -11.23609 7.516788 3.917995 -11.23609 6.848217 3.917995 -11.75609 5.845359 5.651329 -11.75609 5.845359 4.784662 -11.23609 5.845359 4.784662 -11.23609 5.845359 5.651329 -11.75609 4.173931 0.4513286 -11.75609 4.173931 5.651329 -11.75609 4.842503 0.4513286 -11.75609 5.511074 5.651329 -11.75609 4.842503 5.651329 -11.75609 4.173931 4.784662 -11.75609 4.173931 3.917995 -11.75609 4.173931 3.051328 -11.75609 4.173931 2.184662 -11.75609 4.173931 1.317995 -11.75609 5.511074 4.784662 -11.75609 4.842503 4.784662 -11.75609 4.842503 3.917995 -11.75609 4.842503 3.051328 -11.75609 4.842503 2.184662 -11.75609 4.842503 1.317995 -11.23609 4.842503 4.784662 -11.23609 4.173931 4.784662 -11.23609 4.173931 5.651329 -11.23609 4.842503 5.651329 -11.23609 5.511074 4.784662 -11.23609 5.511074 5.651329 -11.23609 4.842503 0.4513286 -11.23609 4.173931 0.4513286 -11.23609 4.173931 1.317995 -11.23609 4.842503 1.317995 -11.23609 4.173931 2.184662 -11.23609 4.842503 2.184662 -11.23609 4.173931 3.051328 -11.23609 4.842503 3.051328 -11.23609 4.173931 3.917995 -11.23609 4.842503 3.917995 -11.83533 7.618669 3.967616 -11.83533 6.746336 3.967616 -11.15685 6.746336 3.967616 -11.15685 7.618669 3.967616 -11.83533 4.07205 3.967616 -11.83533 4.944383 3.967616 -11.15685 4.944383 3.967616 -11.15685 4.07205 3.967616 -11.83533 6.746336 3.744746 -11.83533 7.618669 3.744746 -11.15685 6.746336 3.744746 -11.15685 7.618669 3.744746 -11.83533 4.944383 3.744746 -11.83533 4.07205 3.744746 -11.15685 4.944383 3.744746 -11.15685 4.07205 3.744746 11.7 2.944454 0.4513283 11.7 9.71323 0.4513283 11.7 2.944454 5.651329 11.7 9.71323 5.651329 11.7 8.746262 0.4513283 11.7 7.502363 0.4513283 11.7 4.188356 0.4513283 11.7 4.188356 5.651329 11.7 7.502363 5.651329 11.7 8.746262 5.651329 10.87532 3.417995 0.4513283 10.87532 9.239689 0.4513283 10.87532 9.239689 5.651329 10.87532 3.417995 5.651329 11.75609 7.516788 0.4513286 11.75609 7.516788 5.651329 11.75609 6.848217 0.4513286 11.75609 6.179645 5.651329 11.75609 6.848217 5.651329 11.75609 7.516788 4.784662 11.75609 7.516788 3.917995 11.75609 7.516788 3.051328 11.75609 7.516788 2.184662 11.75609 7.516788 1.317995 11.75609 6.179645 4.784662 11.75609 6.848217 4.784662 11.75609 6.848217 3.917995 11.75609 6.848217 3.051328 11.75609 6.848217 2.184662 11.75609 6.848217 1.317995 11.23609 6.848217 4.784662 11.23609 7.516788 4.784662 11.23609 7.516788 5.651329 11.23609 6.848217 5.651329 11.23609 6.179645 4.784662 11.23609 6.179645 5.651329 11.23609 6.848217 0.4513286 11.23609 7.516788 0.4513286 11.23609 7.516788 1.317995 11.23609 6.848217 1.317995 11.23609 7.516788 2.184662 11.23609 6.848217 2.184662 11.23609 7.516788 3.051328 11.23609 6.848217 3.051328 11.23609 7.516788 3.917995 11.23609 6.848217 3.917995 11.75609 5.845359 5.651329 11.75609 5.845359 4.784662 11.23609 5.845359 4.784662 11.23609 5.845359 5.651329 11.75609 4.173931 0.4513286 11.75609 4.173931 5.651329 11.75609 4.842503 0.4513286 11.75609 5.511074 5.651329 11.75609 4.842503 5.651329 11.75609 4.173931 4.784662 11.75609 4.173931 3.917995 11.75609 4.173931 3.051328 11.75609 4.173931 2.184662 11.75609 4.173931 1.317995 11.75609 5.511074 4.784662 11.75609 4.842503 4.784662 11.75609 4.842503 3.917995 11.75609 4.842503 3.051328 11.75609 4.842503 2.184662 11.75609 4.842503 1.317995 11.23609 4.842503 4.784662 11.23609 4.173931 4.784662 11.23609 4.173931 5.651329 11.23609 4.842503 5.651329 11.23609 5.511074 4.784662 11.23609 5.511074 5.651329 11.23609 4.842503 0.4513286 11.23609 4.173931 0.4513286 11.23609 4.173931 1.317995 11.23609 4.842503 1.317995 11.23609 4.173931 2.184662 11.23609 4.842503 2.184662 11.23609 4.173931 3.051328 11.23609 4.842503 3.051328 11.23609 4.173931 3.917995 11.23609 4.842503 3.917995 11.83533 7.618669 3.967616 11.83533 6.746336 3.967616 11.15685 6.746336 3.967616 11.15685 7.618669 3.967616 11.83533 4.07205 3.967616 11.83533 4.944383 3.967616 11.15685 4.944383 3.967616 11.15685 4.07205 3.967616 11.83533 6.746336 3.744746 11.83533 7.618669 3.744746 11.15685 6.746336 3.744746 11.15685 7.618669 3.744746 11.83533 4.944383 3.744746 11.83533 4.07205 3.744746 11.15685 4.944383 3.744746 11.15685 4.07205 3.744746 -11.9326 0.1928305 0.7328704 -11.9326 10.29289 0.7328704 11.9326 0.1928305 0.7328704 11.9326 10.29289 0.7328704 -5.9663 10.29289 0.7328704 0 10.29289 0.7328704 5.9663 10.29289 0.7328704 5.9663 0.1928305 0.7328704 0 0.1928305 0.7328704 -5.9663 0.1928305 0.7328704 -11.9326 0.1928305 -1.60713 -11.9326 10.29289 -1.60713 5.9663 10.29289 -1.60713 11.9326 10.29289 -1.60713 11.9326 0.1928305 -1.60713 -5.9663 0.1928305 -1.60713 -5.9663 10.29289 -1.60713 0 10.29289 -1.60713 5.9663 0.1928305 -1.60713 0 0.1928305 -1.60713 -11.9326 0.1928305 0.7328704 -11.9326 10.29289 0.7328704 11.9326 0.1928305 0.7328704 11.9326 10.29289 0.7328704 -5.9663 10.29289 0.7328704 0 10.29289 0.7328704 5.9663 10.29289 0.7328704 5.9663 0.1928305 0.7328704 0 0.1928305 0.7328704 -5.9663 0.1928305 0.7328704 -11.9326 0.1928305 -1.60713 -11.9326 10.29289 -1.60713 5.9663 10.29289 -1.60713 11.9326 10.29289 -1.60713 11.9326 0.1928305 -1.60713 -5.9663 0.1928305 -1.60713 -5.9663 10.29289 -1.60713 0 10.29289 -1.60713 5.9663 0.1928305 -1.60713 0 0.1928305 -1.60713 -4.309897 10.88384 9.671011 -2.3817e-7 10.88384 9.671011 4.309897 10.88384 9.671011 -3.447918 6.390937 13.67502 2.93667e-7 6.390938 13.67502 3.447918 6.390939 13.67502 -3.892535 10.83352 5.651329 0 10.83352 5.651329 3.892536 10.83353 5.651329 -3.892535 10.83352 7.775023 0 10.83352 7.775023 3.892536 10.83353 7.775023 0 10.57353 5.651329 0 10.57353 7.775023 -3.892535 10.57352 7.775023 -3.892535 10.57352 5.651329 3.892536 10.57353 5.651329 3.892536 10.57353 7.775023 -3.733201 10.56547 5.651329 -3.7332 4.985077 5.651329 -3.733201 10.56547 7.775023 -3.7332 4.985077 7.775023 -3.906202 4.985077 5.651329 -3.906202 4.985077 7.775023 -3.906203 10.56547 7.775023 -3.906203 10.56547 5.651329 3.733201 10.56547 5.651329 3.733202 4.985078 5.651329 3.733201 10.56547 7.775023 3.733202 4.985078 7.775023 3.906204 4.985078 5.651329 3.906204 4.985078 7.775023 3.906203 10.56547 7.775023 3.906203 10.56547 5.651329 -3.733201 10.56547 5.592813 -3.733201 10.56547 9.71131 -3.906203 10.56547 9.71131 -3.906203 10.56547 5.592813 3.733201 10.56547 5.592813 3.733201 10.56547 9.71131 3.906203 10.56547 9.71131 3.906203 10.56547 5.592813 -3.733201 10.84495 9.71131 -3.733201 10.84495 5.592813 -3.906203 10.84495 9.71131 -3.906203 10.84495 5.592813 3.733201 10.84495 9.71131 3.733201 10.84495 5.592813 3.906203 10.84495 9.71131 3.906203 10.84495 5.592813 -5.91244 2.513553 5.544226 -0.06244003 2.513553 5.544226 5.78756 2.513553 5.544226 -5.91244 0.09396219 5.544226 -0.06244003 0.09396219 5.544226 5.78756 0.09396219 5.544226 3.955295 8.480493 5.720847 -0.01005786 8.480493 5.720847 -3.97541 8.480493 5.720847 -0.01005786 10.90008 5.720847 3.955295 10.90008 5.720847 -3.97541 10.90008 5.720847 -4.017735 10.90644 5.544226 -0.05238211 10.90644 5.544226 3.91297 10.90644 5.544226 -4.017735 8.486845 5.544226 -0.05238211 8.486845 5.544226 3.91297 8.486845 5.544226 -3.9 9.71323 10.85133 3.9 9.71323 10.85133 -3.9 9.71323 5.651329 3.9 9.71323 5.651329 -3.48131 9.71323 10.43264 3.48131 9.71323 10.43264 -3.48131 9.71323 6.070019 3.48131 9.71323 6.070019 -3.48131 8.31115 10.43264 3.48131 8.31115 10.43264 -3.48131 8.31115 6.070019 3.48131 8.31115 6.070019 -4.77304 1.982281 0.6730726 0 1.982281 0.6730726 4.77304 1.982281 0.6730726 4.77304 -0.3177819 0.6730726 0 -0.3177819 0.6730726 -4.77304 -0.3177819 0.6730726 4.77304 -0.3177819 0.6730726 0 -0.3177819 0.6730726 -4.77304 -0.3177819 0.6730726 -4.77304 -0.3177819 -1.666928 4.77304 -0.3177819 -1.666928 0 -0.3177819 -1.666928 -4.77304 1.377887 0.3286538 0 1.377887 0.3286538 4.77304 1.377887 0.3286538 4.77304 -0.9221768 0.3286538 0 -0.9221768 0.3286538 -4.77304 -0.9221768 0.3286538 4.77304 -0.9221768 0.3286538 0 -0.9221768 0.3286538 -4.77304 -0.9221768 0.3286538 -4.77304 -0.9221768 -2.011346 4.77304 -0.9221768 -2.011346 0 -0.9221768 -2.011346 -4.77304 0.8614197 -0.2630403 0 0.8614197 -0.2630403 4.77304 0.8614197 -0.2630403 4.77304 -1.438643 -0.2630403 0 -1.438643 -0.2630403 -4.77304 -1.438643 -0.2630403 4.77304 -1.438643 -0.2630403 0 -1.438643 -0.2630403 -4.77304 -1.438643 -0.2630403 -4.77304 -1.438643 -2.603041 4.77304 -1.438643 -2.603041 0 -1.438643 -2.603041 -4.77304 0.2570257 -0.6074591 0 0.2570257 -0.6074591 4.77304 0.2570257 -0.6074591 4.77304 -2.043038 -0.6074591 0 -2.043038 -0.6074591 -4.77304 -2.043038 -0.6074591 4.77304 -2.043038 -0.6074591 0 -2.043038 -0.6074591 -4.77304 -2.043038 -0.6074591 -4.77304 -2.043038 -2.947459 4.77304 -2.043038 -2.947459 0 -2.043038 -2.947459 -11.84732 0.7058859 5.775934 -11.84732 9.779839 5.775934 11.84732 0.7058859 5.775934 11.84732 9.779839 5.775934 -5.92366 9.779839 5.775934 0 9.779839 5.775934 5.92366 9.779839 5.775934 5.92366 0.7058859 5.775934 0 0.7058859 5.775934 -5.92366 0.7058859 5.775934 -11.84732 0.7058859 5.516342 -11.84732 9.779839 5.516342 5.92366 9.779839 5.516342 11.84732 9.779839 5.516342 11.84732 0.7058859 5.516342 -5.92366 0.7058859 5.516342 -5.92366 9.779839 5.516342 0 9.779839 5.516342 5.92366 0.7058859 5.516342 0 0.7058859 5.516342 -1.561601 5.284729 17.15949 1.561601 5.28473 17.15949 -1.561601 2.288095 17.15949 1.561601 2.288096 17.15949 -0.04982089 4.505605 18.84359 0.04982054 4.505605 18.84359 0.04982078 3.067221 18.84359 -0.04982066 3.067221 18.84359 -1.268105 5.138318 17.15949 1.268104 5.138318 17.15949 -1.268104 2.434507 17.15949 1.268105 2.434508 17.15949 -1.268105 5.138318 12.39962 1.268104 5.138318 12.39962 1.268105 2.434508 12.39962 -1.268104 2.434507 12.39962 1.268104 4.597556 17.15949 1.268105 2.97527 17.15949 -1.268104 2.97527 17.15949 -1.268105 4.597556 17.15949 -1.268105 4.597556 15.654 -1.268105 2.97527 15.654 1.268105 2.97527 15.654 1.268105 4.597556 15.654 -0.7608627 5.138318 17.15949 0.7608627 5.138318 17.15949 0.7608627 2.434508 17.15949 -0.7608627 2.434507 17.15949 -0.7608627 2.434507 15.654 0.7608629 2.434508 15.654 0.7608627 5.138318 15.654 -0.7608629 5.138318 15.654 -0.7608627 5.047317 17.06849 0.7608628 5.047318 17.06849 1.177104 5.047318 17.06849 1.177104 4.597556 17.06849 1.177105 2.97527 17.06849 1.177105 2.525508 17.06849 0.7608627 2.525508 17.06849 -0.7608627 2.525507 17.06849 -1.177104 2.525507 17.06849 -1.177104 2.97527 17.06849 -1.177105 4.597556 17.06849 -1.177105 5.047317 17.06849 -1.177105 4.597556 15.654 -1.177105 2.97527 15.654 -1.177104 2.525507 12.39962 -1.177105 5.047317 12.39962 -0.7608627 2.525507 15.654 0.7608629 2.525508 15.654 1.177105 2.525508 12.39962 0.7608627 5.047318 15.654 -0.7608629 5.047317 15.654 1.177104 5.047318 12.39962 1.177105 2.97527 15.654 1.177105 4.597556 15.654 -1.144521 4.884552 14.74141 1.14452 4.884552 14.74141 -1.14452 2.688274 14.74141 1.144521 2.688274 14.74141 -0.9026882 3.885591 20.01985 0.9026881 3.885591 20.01985 -0.9026881 3.705348 20.01985 0.9026882 3.705348 20.01985 -0.9621445 3.914511 20.10406 0.8432318 3.914511 20.10406 0.8432319 3.734268 20.10406 -0.9621443 3.734268 20.10406 -0.07183092 3.885591 20.9881 -0.07183092 3.885591 18.46057 -0.07183092 3.705348 20.9881 -0.07183092 3.705348 18.46057 0.01237714 3.914511 21.07134 0.01237714 3.914511 18.54381 0.01237714 3.734268 18.54381 0.01237714 3.734268 21.07134 -11.70505 0.6018977 10.78508 -11.87437 0.8263798 10.78508 -11.87437 9.659346 10.78508 -11.70505 9.883828 10.78508 11.87437 0.8263798 10.78508 11.70505 0.6018982 10.78508 11.70505 9.883828 10.78508 11.87437 9.659346 10.78508 -9.581898 5.163391 14.65016 -9.330345 5.094799 14.78908 -9.330345 5.390926 14.78908 -9.581898 5.322334 14.65016 9.581898 5.322334 14.65016 9.330345 5.390926 14.78908 9.330345 5.094799 14.78908 9.581898 5.163391 14.65016 -12.17358 -0.735239 -1.021963 -12.17358 11.22096 -1.021963 12.17358 -0.735239 -1.021963 12.17358 11.22096 -1.021963 -6.086792 11.22096 -1.021963 0 11.22096 -1.021963 6.086792 11.22096 -1.021963 6.086792 -0.735239 -1.021963 0 -0.735239 -1.021963 -6.086792 -0.735239 -1.021963 -12.17358 -0.735239 -3.791997 -12.17358 11.22096 -3.791997 6.086792 11.22096 -3.791997 12.17358 11.22096 -3.791997 12.17358 -0.735239 -3.791997 -6.086792 -0.735239 -3.791997 -6.086792 11.22096 -3.791997 0 11.22096 -3.791997 6.086792 -0.735239 -3.791997 0 -0.735239 -3.791997 -12.17358 -0.735239 -1.021963 -12.17358 11.22096 -1.021963 12.17358 -0.735239 -1.021963 12.17358 11.22096 -1.021963 -6.086792 11.22096 -1.021963 0 11.22096 -1.021963 6.086792 11.22096 -1.021963 6.086792 -0.735239 -1.021963 0 -0.735239 -1.021963 -6.086792 -0.735239 -1.021963 -12.17358 -0.735239 -3.791997 -12.17358 11.22096 -3.791997 6.086792 11.22096 -3.791997 12.17358 11.22096 -3.791997 12.17358 -0.735239 -3.791997 -6.086792 -0.735239 -3.791997 -6.086792 11.22096 -3.791997 0 11.22096 -3.791997 6.086792 -0.735239 -3.791997 0 -0.735239 -3.791997</float_array>
          <technique_common>
            <accessor source="#Cubo_003-mesh-positions-array" count="1184" stride="3">
              <param name="X" type="float"/>
              <param name="Y" type="float"/>
              <param name="Z" type="float"/>
            </accessor>
          </technique_common>
        </source>
        <source id="Cubo_003-mesh-normals">
          <float_array id="Cubo_003-mesh-normals-array" count="1113">-1 0 0 0 1 0 1 0 0 0 -1 0 0 -1 0 0 0 1 0 -0.6653206 0.7465578 0 -0.6653205 0.7465578 0.3226373 -0.1153569 0.9394668 0.3226393 0.1153581 0.9394661 0 -0.6653206 0.7465578 0 -0.6653206 0.7465578 -1.87559e-7 0 -1 0 0 -1 0 0 -1 0 0.6653206 0.7465578 0 0.6653206 0.7465578 0 0 -1 0 0 -1 0 0 -1 -0.3226371 0.1153573 0.939467 0 0.6653205 0.7465578 0 0.6653205 0.7465579 0 -0.6653205 0.7465579 0.8600907 0 0.5101414 0.8600908 0 0.5101411 0.8600912 0 0.5101404 0 0 -1 0 -1 0 0 -1 0 0 -1 0 0 -1 0 0 -1 0 0 -1 0 0 -0.6653209 0.7465575 0 -0.6653209 0.7465576 0.9558196 0 0.2939543 0.9558196 0 0.293954 0.9558195 0 0.2939543 -0.9558196 0 0.2939543 -0.9558196 0 0.293954 -0.9558196 0 0.2939541 0 1 -2.89856e-7 0 1 0 0 1 -4.2565e-7 0 1 3.45741e-7 0 1 6.12006e-7 0 1 -7.86313e-7 0 1 -1.22401e-6 0 1 0 0 1 0 0 1 -3.45734e-7 0 1 -6.12004e-7 0 1 8.04048e-7 0 1 0 0 1 -3.68288e-7 0 1 1.74644e-7 0 1 1.25414e-6 0 1 -1.82883e-6 0 1 -1.80499e-5 0 1 6.9019e-6 0.7917825 0 -0.6108031 0.7917825 0 -0.6108032 -0.7917825 0 -0.6108031 -0.7917825 0 -0.6108032 0.7917826 0 -0.610803 0.7917827 0 -0.6108031 0.7917823 0 -0.6108036 0.7917822 0 -0.6108036 0.7917822 0 -0.6108036 -0.7917826 0 -0.610803 -0.7917827 0 -0.6108031 -0.7917822 0 -0.6108036 -0.7917823 0 -0.6108036 -0.7917822 0 -0.6108036 0 -1 0 0 -1 0 0 -1 0 0 -1 0 0 -1 0 0 -1 0 0 -1 0 0 -1 0 0 -1 0 0 -1 0 -1 1.23687e-7 0 -1 0 0 1 0 0 1 1.23687e-7 0 0 -0.7917833 -0.6108022 0 -0.7917825 -0.6108032 0 -0.7917821 -0.6108037 0 0.7917826 -0.6108029 0 0.7917831 -0.6108024 0 0.7917825 -0.6108033 -1.67052e-7 0.6653209 0.7465575 -2.08183e-7 0.665321 0.7465574 -2.94144e-7 0.6653209 0.7465575 -1.59945e-7 0.6653209 0.7465576 -2.07395e-7 0.665321 0.7465575 -1.22502e-7 1 0 -1.22499e-7 1 0 -2.45001e-7 1 0 -2.45001e-7 1 0 2.45001e-7 -1 0 2.45001e-7 -1 0 2.45001e-7 -1 0 2.45001e-7 -1 0 0 0 1 0 0 1 0 0 -1 0 0 -1 0 0 -1 4.05997e-7 0 1 0 0 1 -1.78064e-7 0 -1 -1.85958e-7 0 -1 1 0 0 1 0 0 1 0 0 -1 -1.60943e-7 0 -1 -1.60943e-7 0 -1 -1.79572e-7 0 -1 -2.22787e-7 0 1 0 0 1 1.23687e-7 0 1 1.60943e-7 0 0.9428168 0 -0.3333114 0.9428169 0 -0.3333113 0.9428169 0 -0.3333114 -0.9428176 0 0.3333091 -0.9428179 0 0.3333085 -0.9428179 0 0.3333085 0 0.999354 0.03594034 0 0.9993541 0.0359379 0 0.999354 0.03594046 0 -0.999354 -0.03594034 0 -0.999354 -0.03594034 0 0.999354 0.03593873 0 0.9993541 0.03593701 0 -0.999354 -0.03594034 0 -0.999354 -0.0359404 0.972468 0 -0.2330367 0.9724681 0 -0.2330365 0.972468 0 -0.2330368 -0.9724682 0 0.2330356 -0.9724681 0 0.2330359 -0.9724682 0 0.2330359 0 0.9993542 0.03593617 0 0.999354 0.035941 0 0.9993541 0.03593599 0 -0.9993539 -0.03594416 0 -0.9993537 -0.03595054 0 -0.9993537 -0.03595095 0 0.999354 0.03593987 0 0.9993539 0.03594291 0 -0.9993541 -0.03593641 0 -0.9993537 -0.03594642 0 1 0 0 1 1.51774e-7 0 1 1.63571e-7 0 1 0 0 1 -1.51772e-7 0 1 -1.63571e-7 0.7071068 0 0.7071068 0 -0.9075795 0.4198803 0 -0.9075792 0.4198811 0 -0.9075796 0.4198803 0 0.9075798 0.4198796 0 0.9075803 0.4198789 0 0.9075798 0.4198797 0.7441516 0 0.6680108 0.7441517 0 0.6680108 0.7441514 0 0.6680111 -0.7441517 0 0.6680107 -0.7441518 0 0.6680107 -0.744152 -1.46484e-7 0.6680104 0 0 -1 0 0 -1 1.77225e-7 0 -1 0 0 1 2.23577e-7 0 1 -3.58887e-7 0 1 -1 -2.06946e-7 0 -1 0 0 2.54263e-7 -1 0 3.02481e-7 -1 0 1.43689e-7 -1 0 0 1 0 -1.69509e-7 1 0 -2.01654e-7 1 0 1 0 0 1 0 0 1 0 0 5.99044e-7 0 -1 0 0 -1 1 0 0 1 0 0 1 0 0 -1.45935e-7 1 0 -2.79221e-7 1 0 -3.2259e-7 1 0 0 -1 1.1958e-7 1.86147e-7 -1 2.28796e-7 2.1506e-7 -1 2.64333e-7 -1 0 0 -1 0 0 -1 0 0 -0.7071002 0 -0.7071134 -0.7071082 0 -0.7071055 -0.7071086 0 -0.7071049 -1.25871e-7 0 1 0 0 1 -7.24037e-6 0 -1 8.94318e-6 0 -1 9.20547e-6 0 -1 -9.54813e-7 0 1 1.61594e-6 0 1 1.7217e-6 0 1 -9.24458e-7 0 -1 -9.29292e-6 0 -1 -5.03076e-7 0 -1 1 0 -1.66518e-7 1 1.37544e-6 -1.20133e-7 1 0 -1.68553e-7 -8.36437e-7 0.7071 -0.7071136 0 0.7071057 -0.7071079 0 0.7071061 -0.7071076 -1 0 1.22866e-7 -1 -3.17409e-7 0 -1 -3.26304e-7 0 -1 0 -1.26103e-7 -1 3.1741e-7 0 -1 0 -1.26415e-7 -4.08071e-7 -0.7071069 -0.7071067 1.12521e-6 -0.7071069 -0.7071067 -5.00309e-7 -0.7071069 -0.7071067 0 -1 -1.73309e-7 0 -1 0 0 -1 -1.80698e-7 1 0 0 1 3.1741e-7 0 1 3.26305e-7 0 0.7071 0 -0.7071136 0.7071083 0 -0.7071053 0.7071088 0 -0.7071048 -9.41837e-6 0 -1 -7.97629e-6 0 -1 0 1 0 0 1 0 0 1 0 -1.22518e-7 0 1 0 0 1 0.8169054 2.60052e-7 0.5767718 0.8169075 5.41934e-7 0.5767687 0.8169096 8.01986e-7 0.576766 0 0.9457776 -0.3248151 0 0.9457829 -0.3247996 0 0.945783 -0.3247992 -0.8169055 -2.60052e-7 -0.5767715 -0.8169076 -5.41934e-7 -0.5767686 -0.8169036 0 -0.5767742 0 -0.9457793 0.32481 0 -0.9457815 0.3248035 0 -0.9457793 0.3248102 0.7029995 0 -0.7111904 0.7030059 0 -0.7111841 0.7030147 0 -0.7111754 -0.3248123 0.9457786 0 -0.7030004 0 0.7111895 -0.7029993 0 0.7111905 -0.703002 0 0.7111879 0.32481 -0.9457794 0 0.3248099 -0.9457793 0 -0.3226395 -0.1153576 0.939466 -0.5162833 0.2137305 0.8293195 -0.5162828 -0.2137333 0.8293191 0.5162833 0.2137305 0.8293195 0.5240663 0.3952844 0.7543905 0.5240574 0.3952907 0.7543933 0.5240659 -0.3952842 0.7543907 0.5162828 -0.2137334 0.8293191 -0.5240657 -0.3952841 0.7543909 -0.524057 -0.3952904 0.7543938 -0.5240663 0.3952844 0.7543905 -0.8600907 0 0.5101414 -0.8600908 0 0.5101411 -0.8600906 0 0.5101414 2.19792e-7 -0.6653206 0.7465578 -1.583e-7 0 -1 0.8600906 0 0.5101414 0.9558196 0 0.2939541 -0.9558195 0 0.2939543 0.7917823 0 -0.6108035 -0.7917823 0 -0.6108035 -1 1.60943e-7 0 1 1.60943e-7 0 0 -0.7917837 -0.6108016 0 0.7917834 -0.6108021 0 0.6653208 0.7465577 2.45001e-7 -1 0 4.23994e-7 0 1 -1 -1.60943e-7 0 -1 -2.41415e-7 0 -0.9428177 0 0.3333091 0 0.9993541 0.03593695 0.972468 0 -0.2330365 -0.9724682 0 0.2330356 0 0.9993539 0.03594309 0 -0.9993541 -0.03593599 0 -0.9075785 0.4198825 0 0.9075809 0.4198774 0.744152 0 0.6680104 -0.7441516 0 0.6680108 3.8394e-7 0 1 1.52066e-7 0 1 0 0 1 -1.52066e-7 0 1 -1 0 0 -1 0 0 -1 0 0 0 -1 -3.1221e-7 0 -1 -2.47622e-7 0 -1 0 1.72098e-7 -1 0 0 -1 0 0 1 6.2442e-7 0 1 4.95244e-7 0 1 0 0 1 0 0 1 0 1 0 0 1 2.06949e-7 0 1 0 0 0 0 -1 3.69668e-7 0 -1 -1.334e-7 0 -1 1 0 0 1 0 0 1 0 0 1 -1.29935e-7 0 0 1 0 0 1 0 -1.69363e-7 1 0 0 -1 -1.42081e-7 0 -1 1.28228e-7 0 -1 -1.7373e-7 -1 0 0 -1 0 0 -1 0 0 -1 0 0 -0.7070997 0 -0.7071138 -1.30845e-7 0 1 -1.06058e-6 0 1 1 1.41398e-6 0 -8.839e-7 0.7070996 -0.707114 -1 0 1.26416e-7 -1 3.26305e-7 0 1.21744e-6 -0.7071069 -0.7071067 1 0 0 0.7070996 0 -0.7071141 -2.3875e-7 0 1 0.8169034 0 0.5767745 0 0.9457774 -0.3248155 -0.8169096 -8.01986e-7 -0.576766 0 -0.9457816 0.3248034 0.7029907 0 -0.7111991 -0.7029978 0 0.7111921 0.5240572 -0.3952905 0.7543935 -0.5240574 0.3952907 0.7543933 -0.8600912 0 0.5101404</float_array>
          <technique_common>
            <accessor source="#Cubo_003-mesh-normals-array" count="371" stride="3">
              <param name="X" type="float"/>
              <param name="Y" type="float"/>
              <param name="Z" type="float"/>
            </accessor>
          </technique_common>
        </source>
        <source id="Cubo_003-mesh-map-0">
          <float_array id="Cubo_003-mesh-map-0-array" count="11208">0.2694962 0.9868524 0.4027507 0.9035683 0.2694962 0.9035683 0.3860939 0.9868524 0.4110792 0.9035683 0.3860939 0.9035683 0.4027507 0.9868524 0.2694962 0.9035683 0.4027507 0.9035683 0.286153 0.9868524 0.2611678 0.9035683 0.286153 0.9035683 0.286153 0.9701955 0.2611678 0.8369411 0.286153 0.8369411 0.2034036 0.7368364 0.112106 0.8605577 0.04821133 0.7368364 0.01420181 0.8687121 0.1374491 0.8605577 0.1374491 0.8687122 0.04615151 0.7368364 0.1374491 0.8605577 0.01420181 0.8605577 0.04365539 0.743018 0.04365539 0.9862518 0.2034036 0.7368364 0.04615151 0.9924334 0.1374491 0.8687122 0.2013437 0.9924334 0.04615151 0.9924334 0.2058996 0.743018 0.04615151 0.7368364 0.112106 0.8687121 0.2353532 0.8605577 0.2353532 0.8687121 0.04365539 0.9924334 0.171454 0.8687121 0.2034036 0.9924334 0.1984114 0.9924334 0.0706129 0.8687121 0.1984114 0.8687121 0.2034036 0.9924334 0.112106 0.8687121 0.2353532 0.8687121 0.1984114 0.7368364 0.0706129 0.8605577 0.03866326 0.7368364 0.04365539 0.7368364 0.171454 0.8605577 0.04365539 0.8605577 0.04365539 0.8687121 0.171454 0.8605577 0.171454 0.8687121 0.0706129 0.8687121 0.1984114 0.8605577 0.1984114 0.8687121 0.01905536 0.7393357 0.1327496 0.9822942 0.1287302 0.9822942 0.2034036 0.7368364 0.04365539 0.9924334 0.2034036 0.9924334 0.1984114 0.7368364 0.03866326 0.9924334 0.1984114 0.9924334 0.3421781 0.9792122 0.2911228 0.8437618 0.3421781 0.8437618 0.3860939 0.9360933 0.4110792 0.8419526 0.3860939 0.8419526 0.3538245 0.8408023 0.3243811 0.9962462 0.3538245 0.9962462 0.4110792 0.9868524 0.3860939 0.9035683 0.4110792 0.9035683 0.3451461 0.9847297 0.2940908 0.8492794 0.3451461 0.8492794 0.9533619 0.3477981 0.8908333 0.2488395 0.9533619 0.2488396 0.3611087 0.9701955 0.3860939 0.8369411 0.3860939 0.9701955 0.3111382 0.9701955 0.3611087 0.8369411 0.3611087 0.9701955 0.3860939 0.9868524 0.3611087 0.9035683 0.3860939 0.9035683 0.9462661 0.3351135 0.8984572 0.2518294 0.9462661 0.2518294 0.9416784 0.3351135 0.8986504 0.2518294 0.9416784 0.2518294 0.1984114 0.7368364 0.0706129 0.8605577 0.03866326 0.7368364 0.04365539 0.7368364 0.171454 0.8605577 0.04365539 0.8605577 0.171454 0.8605577 0.2034036 0.7368364 0.171454 0.8605577 0.0706129 0.8605577 0.03866326 0.7368364 0.03866326 0.7368364 0.3111382 0.9868524 0.3111382 0.9035683 0.3111382 0.9035683 0.3860939 0.9701955 0.4110792 0.8369411 0.4110792 0.9701956 0.3962013 0.9847297 0.3451461 0.8492794 0.3962013 0.8492794 0.3611087 0.9360933 0.3860939 0.8419526 0.3611087 0.8419526 0.2611678 0.9868524 0.286153 0.9035683 0.2611678 0.9035683 0.3832679 0.8408023 0.3538245 0.9962462 0.3832679 0.9962462 0.3932333 0.9792121 0.3421781 0.8437618 0.3932333 0.8437618 0.3111382 0.9701955 0.286153 0.8369411 0.3111382 0.8369411 0.3111382 0.9868524 0.286153 0.9035683 0.3111382 0.9035683 0.4139504 0.8241327 0.3202852 0.668024 0.3202852 0.8241327 0.3003453 0.8395005 0.3204339 0.9707533 0.3204339 0.8605108 0.3204339 0.9707533 0.3658577 0.9917637 0.3457691 0.9707533 0.3658577 0.8395003 0.3204339 0.8605108 0.3457691 0.8605108 0.3658577 0.9917637 0.3457691 0.8605108 0.3457691 0.9707533 0.9561948 0.5435432 0.9719873 0.590834 0.9719873 0.5435432 0.3457691 0.9707533 0.3204339 0.9707533 0.3457691 0.9707533 0.3204339 0.9707533 0.3204339 0.8605108 0.3204339 0.9707533 0.3457691 0.8605108 0.3457691 0.9707533 0.3457691 0.8605108 0.6384948 0.3330663 0.6890358 0.2506909 0.6384948 0.2506909 0.3204339 0.9707533 0.3003453 0.8395005 0.3204339 0.8605108 0.3204339 0.9707533 0.3658577 0.9917637 0.3003453 0.9917637 0.3204339 0.8605108 0.3658577 0.8395003 0.3457691 0.8605108 0.3457691 0.8605108 0.3658577 0.9917637 0.3457691 0.9707533 0.9719873 0.590834 0.9561948 0.5435432 0.9719873 0.5435432 0.3204339 0.9707533 0.3457691 0.9707533 0.3457691 0.9707533 0.3204339 0.8605108 0.3204339 0.9707533 0.3204339 0.9707533 0.3457691 0.9707533 0.3457691 0.8605108 0.3457691 0.8605108 0.6890358 0.2506909 0.6384948 0.3330663 0.6384948 0.2506909 0.9110889 0.2541399 0.9292687 0.2541399 0.9292687 0.2541399 0.9339503 0.251349 0.9064073 0.251349 0.9339503 0.251349 0.9064073 0.251349 0.9064073 0.3278571 0.9064073 0.251349 0.9339503 0.3278571 0.9339503 0.251349 0.9339503 0.3278571 0.9064073 0.3278571 0.9339503 0.3278571 0.9064073 0.3278571 0.9301679 0.3218385 0.9060255 0.3320027 0.9109693 0.3218385 0.9301679 0.3218385 0.9351117 0.2513821 0.9351117 0.3320027 0.9109693 0.3218385 0.9060255 0.2513821 0.9109693 0.2521325 0.9292687 0.2541399 0.9064073 0.251349 0.9110889 0.2541399 0.9288041 0.320198 0.9120418 0.2516258 0.9120417 0.320198 0.9301679 0.3218385 0.9301679 0.2521325 0.9301679 0.2521325 0.9109693 0.2521325 0.9109693 0.3218385 0.9109693 0.3218385 0.9109693 0.3218385 0.9301679 0.3218385 0.9301679 0.3218385 0.3457691 0.8605108 0.3204339 0.8605108 0.3204339 0.8605108 0 0 0 0 0 0 0.2986456 0.9035683 0.2986456 0.9035683 0.2986456 0.9035683 0.2986456 0.9035683 0.2986456 0.9868524 0.2986456 0.9868524 0.3736013 0.9868524 0.3736013 0.9035683 0.3736013 0.9035683 0.3736013 0.9035683 0.3736013 0.9035683 0.3736013 0.9035683 0 0 0 0 0 0 0.3340541 0.8526699 0.3040614 0.9359134 0.3340541 0.9359134 0.3349649 0.8526699 0.3049722 0.9359134 0.3349649 0.9359133 0.3349649 0.7849024 0.3349649 0.6682639 0.3349649 0.7849024 0.3040614 0.7849025 0.3340541 0.7849025 0.3040614 0.7849025 0.3049722 0.7849025 0.3349649 0.7849024 0.3049722 0.7849025 0.3862471 0.9718084 0.3084838 0.8415042 0.3084838 0.9718084 0.3862471 0.8415042 0.3084838 0.9718084 0.3084838 0.8415042 0.3040614 0.6682639 0.3040614 0.7849025 0.3040614 0.6682639 0.6971302 0.4440565 0.6888118 0.4251466 0.6971302 0.4251466 0.7112303 0.4440565 0.7044796 0.4251466 0.7112303 0.4251466 0.7044796 0.4440565 0.6971302 0.4251466 0.7044796 0.4251466 0.6971302 0.3618112 0.6888118 0.3405516 0.6971302 0.3405516 0.6971302 0.377645 0.6888118 0.3618112 0.6971302 0.3618112 0.6971302 0.3934789 0.6888118 0.377645 0.6971302 0.377645 0.6971302 0.4093127 0.6888118 0.3934789 0.6971302 0.3934789 0.6971302 0.4251466 0.6888118 0.4093127 0.6971302 0.4093127 0.6971302 0.4251466 0.6971302 0.4093127 0.7044796 0.4251466 0.6888118 0.4251466 0.6971302 0.4440565 0.6971302 0.4251466 0.7044796 0.4251466 0.7112303 0.4440565 0.7112303 0.4251466 0.6971302 0.4251466 0.7044796 0.4440565 0.7044796 0.4251466 0.6888118 0.3405516 0.6971302 0.3618112 0.6971302 0.3405516 0.6888118 0.3618112 0.6971302 0.377645 0.6971302 0.3618112 0.6888118 0.377645 0.6971302 0.3934789 0.6971302 0.377645 0.6888118 0.3934789 0.6971302 0.4093127 0.6971302 0.3934789 0.6888118 0.4093127 0.6971302 0.4251466 0.6971302 0.4093127 0.6971302 0.4251466 0.7044796 0.4251466 0.6971302 0.4093127 0.6971302 0.3934789 0.6971302 0.4093127 0.6971302 0.4093127 0.6971302 0.3405516 0.6971302 0.3618112 0.6971302 0.3618112 0.6888118 0.3405516 0.6971302 0.3405516 0.6971302 0.3405516 0.6971302 0.377645 0.6971302 0.3934789 0.6971302 0.3934789 0.6971302 0.3618112 0.6971302 0.377645 0.6971302 0.377645 0.6971302 0.4093127 0.7044796 0.4251466 0.7044796 0.4251466 0.6971302 0.4440565 0.6888118 0.4440565 0.6888118 0.4440565 0.7044796 0.4251466 0.7112303 0.4251466 0.7112303 0.4251466 0.6888118 0.3618112 0.6888118 0.3405516 0.6888118 0.3405516 0.6888118 0.4440565 0.6888118 0.4251466 0.6888118 0.4251466 0.6888118 0.4251466 0.6888118 0.4093127 0.6888118 0.4093127 0.6888118 0.4093127 0.6888118 0.3934789 0.6888118 0.3934789 0.6888118 0.3934789 0.6888118 0.377645 0.6888118 0.377645 0.7044796 0.4440565 0.6971302 0.4440565 0.6971302 0.4440565 0.6888118 0.377645 0.6888118 0.3618112 0.6888118 0.3618112 0.7112303 0.4440565 0.7044796 0.4440565 0.7044796 0.4440565 0.6888118 0.4251466 0.6971302 0.4440565 0.6971302 0.4251466 0.7044796 0.4251466 0.7112303 0.4440565 0.7112303 0.4251466 0.6971302 0.4251466 0.7044796 0.4440565 0.7044796 0.4251466 0.6888118 0.3405516 0.6971302 0.3618112 0.6971302 0.3405516 0.6888118 0.3618112 0.6971302 0.377645 0.6971302 0.3618112 0.6888118 0.377645 0.6971302 0.3934789 0.6971302 0.377645 0.6888118 0.3934789 0.6971302 0.4093127 0.6971302 0.3934789 0.6888118 0.4093127 0.6971302 0.4251466 0.6971302 0.4093127 0.6971302 0.4251466 0.7044796 0.4251466 0.6971302 0.4093127 0.6971302 0.4440565 0.6888118 0.4251466 0.6971302 0.4251466 0.7112303 0.4440565 0.7044796 0.4251466 0.7112303 0.4251466 0.7044796 0.4440565 0.6971302 0.4251466 0.7044796 0.4251466 0.6971302 0.3618112 0.6888118 0.3405516 0.6971302 0.3405516 0.6971302 0.377645 0.6888118 0.3618112 0.6971302 0.3618112 0.6971302 0.3934789 0.6888118 0.377645 0.6971302 0.377645 0.6971302 0.4093127 0.6888118 0.3934789 0.6971302 0.3934789 0.6971302 0.4251466 0.6888118 0.4093127 0.6971302 0.4093127 0.6971302 0.4251466 0.6971302 0.4093127 0.7044796 0.4251466 0.6971302 0.4093127 0.6971302 0.3934789 0.6971302 0.4093127 0.6971302 0.3618112 0.6971302 0.3405516 0.6971302 0.3618112 0.6971302 0.3405516 0.6888118 0.3405516 0.6971302 0.3405516 0.6971302 0.3934789 0.6971302 0.377645 0.6971302 0.3934789 0.6971302 0.377645 0.6971302 0.3618112 0.6971302 0.377645 0.7044796 0.4251466 0.6971302 0.4093127 0.7044796 0.4251466 0.6888118 0.4440565 0.6971302 0.4440565 0.6888118 0.4440565 0.7112303 0.4251466 0.7044796 0.4251466 0.7112303 0.4251466 0.6888118 0.3405516 0.6888118 0.3618112 0.6888118 0.3405516 0.6888118 0.4251466 0.6888118 0.4440565 0.6888118 0.4251466 0.6888118 0.4093127 0.6888118 0.4251466 0.6888118 0.4093127 0.6888118 0.3934789 0.6888118 0.4093127 0.6888118 0.3934789 0.6888118 0.377645 0.6888118 0.3934789 0.6888118 0.377645 0.6971302 0.4440565 0.7044796 0.4440565 0.6971302 0.4440565 0.6888118 0.3618112 0.6888118 0.377645 0.6888118 0.3618112 0.7044796 0.4440565 0.7112303 0.4440565 0.7044796 0.4440565 0.8030747 0.557434 0.7867518 0.525695 0.8030747 0.525695 0.8531154 0.525695 0.8367925 0.557434 0.8367925 0.525695 0.7867518 0.525695 0.8030747 0.557434 0.8030747 0.525695 0.8367925 0.557434 0.8531154 0.525695 0.8367925 0.525695 0.8433942 0.5497722 0.8116552 0.5393465 0.8116552 0.5497722 0.8367925 0.5497722 0.8531154 0.5393465 0.8531154 0.5497722 0.8116552 0.5497722 0.8433942 0.5393465 0.8433942 0.5497722 0.7867518 0.5497722 0.8030747 0.5393465 0.8030747 0.5497722 0.8116552 0.5497722 0.8433942 0.5393465 0.8433942 0.5497722 0.8531154 0.5497722 0.8367925 0.5393465 0.8367925 0.5497722 0.8433942 0.5497722 0.8116552 0.5393465 0.8116552 0.5497722 0.8030747 0.5497722 0.7867518 0.5393465 0.7867518 0.5497722 0.6971302 0.4440565 0.6888118 0.4251466 0.6971302 0.4251466 0.7112303 0.4440565 0.7044796 0.4251466 0.7112303 0.4251466 0.7044796 0.4440565 0.6971302 0.4251466 0.7044796 0.4251466 0.6971302 0.3618112 0.6888118 0.3405516 0.6971302 0.3405516 0.6971302 0.377645 0.6888118 0.3618112 0.6971302 0.3618112 0.6971302 0.3934789 0.6888118 0.377645 0.6971302 0.377645 0.6971302 0.4093127 0.6888118 0.3934789 0.6971302 0.3934789 0.6971302 0.4251466 0.6888118 0.4093127 0.6971302 0.4093127 0.6971302 0.4251466 0.6971302 0.4093127 0.7044796 0.4251466 0.6888118 0.4251466 0.6971302 0.4440565 0.6971302 0.4251466 0.7044796 0.4251466 0.7112303 0.4440565 0.7112303 0.4251466 0.6971302 0.4251466 0.7044796 0.4440565 0.7044796 0.4251466 0.6888118 0.3405516 0.6971302 0.3618112 0.6971302 0.3405516 0.6888118 0.3618112 0.6971302 0.377645 0.6971302 0.3618112 0.6888118 0.377645 0.6971302 0.3934789 0.6971302 0.377645 0.6888118 0.3934789 0.6971302 0.4093127 0.6971302 0.3934789 0.6888118 0.4093127 0.6971302 0.4251466 0.6971302 0.4093127 0.6971302 0.4251466 0.7044796 0.4251466 0.6971302 0.4093127 0.6971302 0.3934789 0.6971302 0.4093127 0.6971302 0.4093127 0.6971302 0.3405516 0.6971302 0.3618112 0.6971302 0.3618112 0.6888118 0.3405516 0.6971302 0.3405516 0.6971302 0.3405516 0.6971302 0.377645 0.6971302 0.3934789 0.6971302 0.3934789 0.6971302 0.3618112 0.6971302 0.377645 0.6971302 0.377645 0.6971302 0.4093127 0.7044796 0.4251466 0.7044796 0.4251466 0.6971302 0.4440565 0.6888118 0.4440565 0.6888118 0.4440565 0.7044796 0.4251466 0.7112303 0.4251466 0.7112303 0.4251466 0.6888118 0.3618112 0.6888118 0.3405516 0.6888118 0.3405516 0.6888118 0.4440565 0.6888118 0.4251466 0.6888118 0.4251466 0.6888118 0.4251466 0.6888118 0.4093127 0.6888118 0.4093127 0.6888118 0.4093127 0.6888118 0.3934789 0.6888118 0.3934789 0.6888118 0.3934789 0.6888118 0.377645 0.6888118 0.377645 0.7044796 0.4440565 0.6971302 0.4440565 0.6971302 0.4440565 0.6888118 0.377645 0.6888118 0.3618112 0.6888118 0.3618112 0.7112303 0.4440565 0.7044796 0.4440565 0.7044796 0.4440565 0.6888118 0.4251466 0.6971302 0.4440565 0.6971302 0.4251466 0.7044796 0.4251466 0.7112303 0.4440565 0.7112303 0.4251466 0.6971302 0.4251466 0.7044796 0.4440565 0.7044796 0.4251466 0.6888118 0.3405516 0.6971302 0.3618112 0.6971302 0.3405516 0.6888118 0.3618112 0.6971302 0.377645 0.6971302 0.3618112 0.6888118 0.377645 0.6971302 0.3934789 0.6971302 0.377645 0.6888118 0.3934789 0.6971302 0.4093127 0.6971302 0.3934789 0.6888118 0.4093127 0.6971302 0.4251466 0.6971302 0.4093127 0.6971302 0.4251466 0.7044796 0.4251466 0.6971302 0.4093127 0.6971302 0.4440565 0.6888118 0.4251466 0.6971302 0.4251466 0.7112303 0.4440565 0.7044796 0.4251466 0.7112303 0.4251466 0.7044796 0.4440565 0.6971302 0.4251466 0.7044796 0.4251466 0.6971302 0.3618112 0.6888118 0.3405516 0.6971302 0.3405516 0.6971302 0.377645 0.6888118 0.3618112 0.6971302 0.3618112 0.6971302 0.3934789 0.6888118 0.377645 0.6971302 0.377645 0.6971302 0.4093127 0.6888118 0.3934789 0.6971302 0.3934789 0.6971302 0.4251466 0.6888118 0.4093127 0.6971302 0.4093127 0.6971302 0.4251466 0.6971302 0.4093127 0.7044796 0.4251466 0.6971302 0.4093127 0.6971302 0.3934789 0.6971302 0.4093127 0.6971302 0.3618112 0.6971302 0.3405516 0.6971302 0.3618112 0.6971302 0.3405516 0.6888118 0.3405516 0.6971302 0.3405516 0.6971302 0.3934789 0.6971302 0.377645 0.6971302 0.3934789 0.6971302 0.377645 0.6971302 0.3618112 0.6971302 0.377645 0.7044796 0.4251466 0.6971302 0.4093127 0.7044796 0.4251466 0.6888118 0.4440565 0.6971302 0.4440565 0.6888118 0.4440565 0.7112303 0.4251466 0.7044796 0.4251466 0.7112303 0.4251466 0.6888118 0.3405516 0.6888118 0.3618112 0.6888118 0.3405516 0.6888118 0.4251466 0.6888118 0.4440565 0.6888118 0.4251466 0.6888118 0.4093127 0.6888118 0.4251466 0.6888118 0.4093127 0.6888118 0.3934789 0.6888118 0.4093127 0.6888118 0.3934789 0.6888118 0.377645 0.6888118 0.3934789 0.6888118 0.377645 0.6971302 0.4440565 0.7044796 0.4440565 0.6971302 0.4440565 0.6888118 0.3618112 0.6888118 0.377645 0.6888118 0.3618112 0.7044796 0.4440565 0.7112303 0.4440565 0.7044796 0.4440565 0.8030747 0.557434 0.7867518 0.525695 0.8030747 0.525695 0.8531154 0.525695 0.8367925 0.557434 0.8367925 0.525695 0.7867518 0.525695 0.8030747 0.557434 0.8030747 0.525695 0.8367925 0.557434 0.8531154 0.525695 0.8367925 0.525695 0.8433942 0.5497722 0.8116552 0.5393465 0.8116552 0.5497722 0.8367925 0.5497722 0.8531154 0.5393465 0.8531154 0.5497722 0.8116552 0.5497722 0.8433942 0.5393465 0.8433942 0.5497722 0.7867518 0.5497722 0.8030747 0.5393465 0.8030747 0.5497722 0.8116552 0.5497722 0.8433942 0.5393465 0.8433942 0.5497722 0.8531154 0.5497722 0.8367925 0.5393465 0.8367925 0.5497722 0.8433942 0.5497722 0.8116552 0.5393465 0.8116552 0.5497722 0.8030747 0.5497722 0.7867518 0.5393465 0.7867518 0.5497722 0.6971302 0.4440565 0.6888118 0.4251466 0.6971302 0.4251466 0.7112303 0.4440565 0.7044796 0.4251466 0.7112303 0.4251466 0.7044796 0.4440565 0.6971302 0.4251466 0.7044796 0.4251466 0.6971302 0.3618112 0.6888118 0.3405516 0.6971302 0.3405516 0.6971302 0.377645 0.6888118 0.3618112 0.6971302 0.3618112 0.6971302 0.3934789 0.6888118 0.377645 0.6971302 0.377645 0.6971302 0.4093127 0.6888118 0.3934789 0.6971302 0.3934789 0.6971302 0.4251466 0.6888118 0.4093127 0.6971302 0.4093127 0.6971302 0.4251466 0.6971302 0.4093127 0.7044796 0.4251466 0.6888118 0.4251466 0.6971302 0.4440565 0.6971302 0.4251466 0.7044796 0.4251466 0.7112303 0.4440565 0.7112303 0.4251466 0.6971302 0.4251466 0.7044796 0.4440565 0.7044796 0.4251466 0.6888118 0.3405516 0.6971302 0.3618112 0.6971302 0.3405516 0.6888118 0.3618112 0.6971302 0.377645 0.6971302 0.3618112 0.6888118 0.377645 0.6971302 0.3934789 0.6971302 0.377645 0.6888118 0.3934789 0.6971302 0.4093127 0.6971302 0.3934789 0.6888118 0.4093127 0.6971302 0.4251466 0.6971302 0.4093127 0.6971302 0.4251466 0.7044796 0.4251466 0.6971302 0.4093127 0.6971302 0.3934789 0.6971302 0.4093127 0.6971302 0.4093127 0.6971302 0.3405516 0.6971302 0.3618112 0.6971302 0.3618112 0.6888118 0.3405516 0.6971302 0.3405516 0.6971302 0.3405516 0.6971302 0.377645 0.6971302 0.3934789 0.6971302 0.3934789 0.6971302 0.3618112 0.6971302 0.377645 0.6971302 0.377645 0.6971302 0.4093127 0.7044796 0.4251466 0.7044796 0.4251466 0.6971302 0.4440565 0.6888118 0.4440565 0.6888118 0.4440565 0.7044796 0.4251466 0.7112303 0.4251466 0.7112303 0.4251466 0.6888118 0.3618112 0.6888118 0.3405516 0.6888118 0.3405516 0.6888118 0.4440565 0.6888118 0.4251466 0.6888118 0.4251466 0.6888118 0.4251466 0.6888118 0.4093127 0.6888118 0.4093127 0.6888118 0.4093127 0.6888118 0.3934789 0.6888118 0.3934789 0.6888118 0.3934789 0.6888118 0.377645 0.6888118 0.377645 0.7044796 0.4440565 0.6971302 0.4440565 0.6971302 0.4440565 0.6888118 0.377645 0.6888118 0.3618112 0.6888118 0.3618112 0.7112303 0.4440565 0.7044796 0.4440565 0.7044796 0.4440565 0.6888118 0.4251466 0.6971302 0.4440565 0.6971302 0.4251466 0.7044796 0.4251466 0.7112303 0.4440565 0.7112303 0.4251466 0.6971302 0.4251466 0.7044796 0.4440565 0.7044796 0.4251466 0.6888118 0.3405516 0.6971302 0.3618112 0.6971302 0.3405516 0.6888118 0.3618112 0.6971302 0.377645 0.6971302 0.3618112 0.6888118 0.377645 0.6971302 0.3934789 0.6971302 0.377645 0.6888118 0.3934789 0.6971302 0.4093127 0.6971302 0.3934789 0.6888118 0.4093127 0.6971302 0.4251466 0.6971302 0.4093127 0.6971302 0.4251466 0.7044796 0.4251466 0.6971302 0.4093127 0.6971302 0.4440565 0.6888118 0.4251466 0.6971302 0.4251466 0.7112303 0.4440565 0.7044796 0.4251466 0.7112303 0.4251466 0.7044796 0.4440565 0.6971302 0.4251466 0.7044796 0.4251466 0.6971302 0.3618112 0.6888118 0.3405516 0.6971302 0.3405516 0.6971302 0.377645 0.6888118 0.3618112 0.6971302 0.3618112 0.6971302 0.3934789 0.6888118 0.377645 0.6971302 0.377645 0.6971302 0.4093127 0.6888118 0.3934789 0.6971302 0.3934789 0.6971302 0.4251466 0.6888118 0.4093127 0.6971302 0.4093127 0.6971302 0.4251466 0.6971302 0.4093127 0.7044796 0.4251466 0.6971302 0.4093127 0.6971302 0.3934789 0.6971302 0.4093127 0.6971302 0.3618112 0.6971302 0.3405516 0.6971302 0.3618112 0.6971302 0.3405516 0.6888118 0.3405516 0.6971302 0.3405516 0.6971302 0.3934789 0.6971302 0.377645 0.6971302 0.3934789 0.6971302 0.377645 0.6971302 0.3618112 0.6971302 0.377645 0.7044796 0.4251466 0.6971302 0.4093127 0.7044796 0.4251466 0.6888118 0.4440565 0.6971302 0.4440565 0.6888118 0.4440565 0.7112303 0.4251466 0.7044796 0.4251466 0.7112303 0.4251466 0.6888118 0.3405516 0.6888118 0.3618112 0.6888118 0.3405516 0.6888118 0.4251466 0.6888118 0.4440565 0.6888118 0.4251466 0.6888118 0.4093127 0.6888118 0.4251466 0.6888118 0.4093127 0.6888118 0.3934789 0.6888118 0.4093127 0.6888118 0.3934789 0.6888118 0.377645 0.6888118 0.3934789 0.6888118 0.377645 0.6971302 0.4440565 0.7044796 0.4440565 0.6971302 0.4440565 0.6888118 0.3618112 0.6888118 0.377645 0.6888118 0.3618112 0.7044796 0.4440565 0.7112303 0.4440565 0.7044796 0.4440565 0.8030747 0.557434 0.7867518 0.525695 0.8030747 0.525695 0.8531154 0.525695 0.8367925 0.557434 0.8367925 0.525695 0.7867518 0.525695 0.8030747 0.557434 0.8030747 0.525695 0.8367925 0.557434 0.8531154 0.525695 0.8367925 0.525695 0.8433942 0.5497722 0.8116552 0.5393465 0.8116552 0.5497722 0.8367925 0.5497722 0.8531154 0.5393465 0.8531154 0.5497722 0.8116552 0.5497722 0.8433942 0.5393465 0.8433942 0.5497722 0.7867518 0.5497722 0.8030747 0.5393465 0.8030747 0.5497722 0.8116552 0.5497722 0.8433942 0.5393465 0.8433942 0.5497722 0.8531154 0.5497722 0.8367925 0.5393465 0.8367925 0.5497722 0.8433942 0.5497722 0.8116552 0.5393465 0.8116552 0.5497722 0.8030747 0.5497722 0.7867518 0.5393465 0.7867518 0.5497722 0.6888118 0.4251466 0.6971302 0.4440565 0.6971302 0.4251466 0.7044796 0.4251466 0.7112303 0.4440565 0.7112303 0.4251466 0.6971302 0.4251466 0.7044796 0.4440565 0.7044796 0.4251466 0.6888118 0.3405516 0.6971302 0.3618112 0.6971302 0.3405516 0.6888118 0.3618112 0.6971302 0.377645 0.6971302 0.3618112 0.6888118 0.377645 0.6971302 0.3934789 0.6971302 0.377645 0.6888118 0.3934789 0.6971302 0.4093127 0.6971302 0.3934789 0.6888118 0.4093127 0.6971302 0.4251466 0.6971302 0.4093127 0.6971302 0.4251466 0.7044796 0.4251466 0.6971302 0.4093127 0.6971302 0.4440565 0.6888118 0.4251466 0.6971302 0.4251466 0.7112303 0.4440565 0.7044796 0.4251466 0.7112303 0.4251466 0.7044796 0.4440565 0.6971302 0.4251466 0.7044796 0.4251466 0.6971302 0.3618112 0.6888118 0.3405516 0.6971302 0.3405516 0.6971302 0.377645 0.6888118 0.3618112 0.6971302 0.3618112 0.6971302 0.3934789 0.6888118 0.377645 0.6971302 0.377645 0.6971302 0.4093127 0.6888118 0.3934789 0.6971302 0.3934789 0.6971302 0.4251466 0.6888118 0.4093127 0.6971302 0.4093127 0.6971302 0.4251466 0.6971302 0.4093127 0.7044796 0.4251466 0.6971302 0.4093127 0.6971302 0.3934789 0.6971302 0.4093127 0.6971302 0.3618112 0.6971302 0.3405516 0.6971302 0.3618112 0.6971302 0.3405516 0.6888118 0.3405516 0.6971302 0.3405516 0.6971302 0.3934789 0.6971302 0.377645 0.6971302 0.3934789 0.6971302 0.377645 0.6971302 0.3618112 0.6971302 0.377645 0.7044796 0.4251466 0.6971302 0.4093127 0.7044796 0.4251466 0.6888118 0.4440565 0.6971302 0.4440565 0.6888118 0.4440565 0.7112303 0.4251466 0.7044796 0.4251466 0.7112303 0.4251466 0.6888118 0.3405516 0.6888118 0.3618112 0.6888118 0.3405516 0.6888118 0.4251466 0.6888118 0.4440565 0.6888118 0.4251466 0.6888118 0.4093127 0.6888118 0.4251466 0.6888118 0.4093127 0.6888118 0.3934789 0.6888118 0.4093127 0.6888118 0.3934789 0.6888118 0.377645 0.6888118 0.3934789 0.6888118 0.377645 0.6971302 0.4440565 0.7044796 0.4440565 0.6971302 0.4440565 0.6888118 0.3618112 0.6888118 0.377645 0.6888118 0.3618112 0.7044796 0.4440565 0.7112303 0.4440565 0.7044796 0.4440565 0.6971302 0.4440565 0.6888118 0.4251466 0.6971302 0.4251466 0.7112303 0.4440565 0.7044796 0.4251466 0.7112303 0.4251466 0.7044796 0.4440565 0.6971302 0.4251466 0.7044796 0.4251466 0.6971302 0.3618112 0.6888118 0.3405516 0.6971302 0.3405516 0.6971302 0.377645 0.6888118 0.3618112 0.6971302 0.3618112 0.6971302 0.3934789 0.6888118 0.377645 0.6971302 0.377645 0.6971302 0.4093127 0.6888118 0.3934789 0.6971302 0.3934789 0.6971302 0.4251466 0.6888118 0.4093127 0.6971302 0.4093127 0.6971302 0.4251466 0.6971302 0.4093127 0.7044796 0.4251466 0.6888118 0.4251466 0.6971302 0.4440565 0.6971302 0.4251466 0.7044796 0.4251466 0.7112303 0.4440565 0.7112303 0.4251466 0.6971302 0.4251466 0.7044796 0.4440565 0.7044796 0.4251466 0.6888118 0.3405516 0.6971302 0.3618112 0.6971302 0.3405516 0.6888118 0.3618112 0.6971302 0.377645 0.6971302 0.3618112 0.6888118 0.377645 0.6971302 0.3934789 0.6971302 0.377645 0.6888118 0.3934789 0.6971302 0.4093127 0.6971302 0.3934789 0.6888118 0.4093127 0.6971302 0.4251466 0.6971302 0.4093127 0.6971302 0.4251466 0.7044796 0.4251466 0.6971302 0.4093127 0.6971302 0.3934789 0.6971302 0.4093127 0.6971302 0.4093127 0.6971302 0.3405516 0.6971302 0.3618112 0.6971302 0.3618112 0.6888118 0.3405516 0.6971302 0.3405516 0.6971302 0.3405516 0.6971302 0.377645 0.6971302 0.3934789 0.6971302 0.3934789 0.6971302 0.3618112 0.6971302 0.377645 0.6971302 0.377645 0.6971302 0.4093127 0.7044796 0.4251466 0.7044796 0.4251466 0.6971302 0.4440565 0.6888118 0.4440565 0.6888118 0.4440565 0.7044796 0.4251466 0.7112303 0.4251466 0.7112303 0.4251466 0.6888118 0.3618112 0.6888118 0.3405516 0.6888118 0.3405516 0.6888118 0.4440565 0.6888118 0.4251466 0.6888118 0.4251466 0.6888118 0.4251466 0.6888118 0.4093127 0.6888118 0.4093127 0.6888118 0.4093127 0.6888118 0.3934789 0.6888118 0.3934789 0.6888118 0.3934789 0.6888118 0.377645 0.6888118 0.377645 0.7044796 0.4440565 0.6971302 0.4440565 0.6971302 0.4440565 0.6888118 0.377645 0.6888118 0.3618112 0.6888118 0.3618112 0.7112303 0.4440565 0.7044796 0.4440565 0.7044796 0.4440565 0.7867518 0.525695 0.8030747 0.557434 0.8030747 0.525695 0.8367925 0.557434 0.8531154 0.525695 0.8367925 0.525695 0.8030747 0.557434 0.7867518 0.525695 0.8030747 0.525695 0.8531154 0.525695 0.8367925 0.557434 0.8367925 0.525695 0.8116552 0.5393465 0.8433942 0.5497722 0.8116552 0.5497722 0.8531154 0.5393465 0.8367925 0.5497722 0.8531154 0.5497722 0.8433942 0.5393465 0.8116552 0.5497722 0.8433942 0.5497722 0.8030747 0.5393465 0.7867518 0.5497722 0.8030747 0.5497722 0.8433942 0.5393465 0.8116552 0.5497722 0.8433942 0.5497722 0.8367925 0.5393465 0.8531154 0.5497722 0.8367925 0.5497722 0.8116552 0.5393465 0.8433942 0.5497722 0.8116552 0.5497722 0.7867518 0.5393465 0.8030747 0.5497722 0.7867518 0.5497722 0.6888118 0.4251466 0.6971302 0.4440565 0.6971302 0.4251466 0.7044796 0.4251466 0.7112303 0.4440565 0.7112303 0.4251466 0.6971302 0.4251466 0.7044796 0.4440565 0.7044796 0.4251466 0.6888118 0.3405516 0.6971302 0.3618112 0.6971302 0.3405516 0.6888118 0.3618112 0.6971302 0.377645 0.6971302 0.3618112 0.6888118 0.377645 0.6971302 0.3934789 0.6971302 0.377645 0.6888118 0.3934789 0.6971302 0.4093127 0.6971302 0.3934789 0.6888118 0.4093127 0.6971302 0.4251466 0.6971302 0.4093127 0.6971302 0.4251466 0.7044796 0.4251466 0.6971302 0.4093127 0.6971302 0.4440565 0.6888118 0.4251466 0.6971302 0.4251466 0.7112303 0.4440565 0.7044796 0.4251466 0.7112303 0.4251466 0.7044796 0.4440565 0.6971302 0.4251466 0.7044796 0.4251466 0.6971302 0.3618112 0.6888118 0.3405516 0.6971302 0.3405516 0.6971302 0.377645 0.6888118 0.3618112 0.6971302 0.3618112 0.6971302 0.3934789 0.6888118 0.377645 0.6971302 0.377645 0.6971302 0.4093127 0.6888118 0.3934789 0.6971302 0.3934789 0.6971302 0.4251466 0.6888118 0.4093127 0.6971302 0.4093127 0.6971302 0.4251466 0.6971302 0.4093127 0.7044796 0.4251466 0.6971302 0.4093127 0.6971302 0.3934789 0.6971302 0.4093127 0.6971302 0.3618112 0.6971302 0.3405516 0.6971302 0.3618112 0.6971302 0.3405516 0.6888118 0.3405516 0.6971302 0.3405516 0.6971302 0.3934789 0.6971302 0.377645 0.6971302 0.3934789 0.6971302 0.377645 0.6971302 0.3618112 0.6971302 0.377645 0.7044796 0.4251466 0.6971302 0.4093127 0.7044796 0.4251466 0.6888118 0.4440565 0.6971302 0.4440565 0.6888118 0.4440565 0.7112303 0.4251466 0.7044796 0.4251466 0.7112303 0.4251466 0.6888118 0.3405516 0.6888118 0.3618112 0.6888118 0.3405516 0.6888118 0.4251466 0.6888118 0.4440565 0.6888118 0.4251466 0.6888118 0.4093127 0.6888118 0.4251466 0.6888118 0.4093127 0.6888118 0.3934789 0.6888118 0.4093127 0.6888118 0.3934789 0.6888118 0.377645 0.6888118 0.3934789 0.6888118 0.377645 0.6971302 0.4440565 0.7044796 0.4440565 0.6971302 0.4440565 0.6888118 0.3618112 0.6888118 0.377645 0.6888118 0.3618112 0.7044796 0.4440565 0.7112303 0.4440565 0.7044796 0.4440565 0.6971302 0.4440565 0.6888118 0.4251466 0.6971302 0.4251466 0.7112303 0.4440565 0.7044796 0.4251466 0.7112303 0.4251466 0.7044796 0.4440565 0.6971302 0.4251466 0.7044796 0.4251466 0.6971302 0.3618112 0.6888118 0.3405516 0.6971302 0.3405516 0.6971302 0.377645 0.6888118 0.3618112 0.6971302 0.3618112 0.6971302 0.3934789 0.6888118 0.377645 0.6971302 0.377645 0.6971302 0.4093127 0.6888118 0.3934789 0.6971302 0.3934789 0.6971302 0.4251466 0.6888118 0.4093127 0.6971302 0.4093127 0.6971302 0.4251466 0.6971302 0.4093127 0.7044796 0.4251466 0.6888118 0.4251466 0.6971302 0.4440565 0.6971302 0.4251466 0.7044796 0.4251466 0.7112303 0.4440565 0.7112303 0.4251466 0.6971302 0.4251466 0.7044796 0.4440565 0.7044796 0.4251466 0.6888118 0.3405516 0.6971302 0.3618112 0.6971302 0.3405516 0.6888118 0.3618112 0.6971302 0.377645 0.6971302 0.3618112 0.6888118 0.377645 0.6971302 0.3934789 0.6971302 0.377645 0.6888118 0.3934789 0.6971302 0.4093127 0.6971302 0.3934789 0.6888118 0.4093127 0.6971302 0.4251466 0.6971302 0.4093127 0.6971302 0.4251466 0.7044796 0.4251466 0.6971302 0.4093127 0.6971302 0.3934789 0.6971302 0.4093127 0.6971302 0.4093127 0.6971302 0.3405516 0.6971302 0.3618112 0.6971302 0.3618112 0.6888118 0.3405516 0.6971302 0.3405516 0.6971302 0.3405516 0.6971302 0.377645 0.6971302 0.3934789 0.6971302 0.3934789 0.6971302 0.3618112 0.6971302 0.377645 0.6971302 0.377645 0.6971302 0.4093127 0.7044796 0.4251466 0.7044796 0.4251466 0.6971302 0.4440565 0.6888118 0.4440565 0.6888118 0.4440565 0.7044796 0.4251466 0.7112303 0.4251466 0.7112303 0.4251466 0.6888118 0.3618112 0.6888118 0.3405516 0.6888118 0.3405516 0.6888118 0.4440565 0.6888118 0.4251466 0.6888118 0.4251466 0.6888118 0.4251466 0.6888118 0.4093127 0.6888118 0.4093127 0.6888118 0.4093127 0.6888118 0.3934789 0.6888118 0.3934789 0.6888118 0.3934789 0.6888118 0.377645 0.6888118 0.377645 0.7044796 0.4440565 0.6971302 0.4440565 0.6971302 0.4440565 0.6888118 0.377645 0.6888118 0.3618112 0.6888118 0.3618112 0.7112303 0.4440565 0.7044796 0.4440565 0.7044796 0.4440565 0.7867518 0.525695 0.8030747 0.557434 0.8030747 0.525695 0.8367925 0.557434 0.8531154 0.525695 0.8367925 0.525695 0.8030747 0.557434 0.7867518 0.525695 0.8030747 0.525695 0.8531154 0.525695 0.8367925 0.557434 0.8367925 0.525695 0.8116552 0.5393465 0.8433942 0.5497722 0.8116552 0.5497722 0.8531154 0.5393465 0.8367925 0.5497722 0.8531154 0.5497722 0.8433942 0.5393465 0.8116552 0.5497722 0.8433942 0.5497722 0.8030747 0.5393465 0.7867518 0.5497722 0.8030747 0.5497722 0.8433942 0.5393465 0.8116552 0.5497722 0.8433942 0.5497722 0.8367925 0.5393465 0.8531154 0.5497722 0.8367925 0.5497722 0.8116552 0.5393465 0.8433942 0.5497722 0.8116552 0.5497722 0.7867518 0.5393465 0.8030747 0.5497722 0.7867518 0.5497722 0.3204339 0.9707533 0.3003453 0.8395005 0.3204339 0.8605108 0.3457691 0.9707533 0.3003453 0.9917637 0.3204339 0.9707533 0.3204339 0.8605108 0.3658577 0.8395003 0.3457691 0.8605108 0.3457691 0.8605108 0.3658577 0.9917637 0.3457691 0.9707533 0.9719873 0.590834 0.9561948 0.5435432 0.9719873 0.5435432 0.3204339 0.9707533 0.3457691 0.9707533 0.3457691 0.9707533 0.3204339 0.8605108 0.3204339 0.9707533 0.3204339 0.9707533 0.3457691 0.9707533 0.3457691 0.8605108 0.3457691 0.8605108 0.6890358 0.2506909 0.6384948 0.3330663 0.6384948 0.2506909 0.3003453 0.8395005 0.3204339 0.9707533 0.3204339 0.8605108 0.3003453 0.9917637 0.3457691 0.9707533 0.3204339 0.9707533 0.3658577 0.8395003 0.3204339 0.8605108 0.3457691 0.8605108 0.3658577 0.9917637 0.3457691 0.8605108 0.3457691 0.9707533 0.9561948 0.5435432 0.9719873 0.590834 0.9719873 0.5435432 0.3457691 0.9707533 0.3204339 0.9707533 0.3457691 0.9707533 0.3204339 0.9707533 0.3204339 0.8605108 0.3204339 0.9707533 0.3457691 0.8605108 0.3457691 0.9707533 0.3457691 0.8605108 0.6384948 0.3330663 0.6890358 0.2506909 0.6384948 0.2506909 0.3097513 0.8631826 0.3656836 0.9948481 0.3656836 0.8631826 0.3097513 0.9948481 0.3656836 0.8631826 0.3656836 0.9948481 0.6838738 0.2547706 0.6009964 0.3268631 0.6009964 0.2547706 0.6009964 0.2547706 0.518119 0.3268631 0.518119 0.2547706 0.6009964 0.3268631 0.6838738 0.2547706 0.6009964 0.2547706 0.518119 0.3268631 0.6009964 0.2547706 0.518119 0.2547706 0.1233182 0.6317574 0.1274564 0.5979565 0.1233182 0.5979565 0.1992415 0.5220333 0.161998 0.5261715 0.161998 0.5220333 0.518119 0.2547706 0.6009964 0.2547706 0.6009964 0.2547706 0.1233182 0.5979565 0.1274564 0.6317574 0.1233182 0.6317574 0.236485 0.5220333 0.1992415 0.5261715 0.1992415 0.5220333 0.6009964 0.2547706 0.6838738 0.2547706 0.6838738 0.2547706 0.0805664 0.5330132 0.00420165 0.6443765 0.00420165 0.5330132 0.08027106 0.5330132 0.00390625 0.6443765 0.00390625 0.5330132 0.9462661 0.3351135 0.8984572 0.2518294 0.9462661 0.2518294 0.8984572 0.2518294 0.9462661 0.3351135 0.9462661 0.2518294 0.6838738 0.2547706 0.6009964 0.3268631 0.6009964 0.2547706 0.6009964 0.3268631 0.6838738 0.2547706 0.6009964 0.2547706 0.1233182 0.5979565 0.1274564 0.6317574 0.1233182 0.6317574 0.236485 0.5220333 0.1992415 0.5261715 0.1992415 0.5220333 0.6009964 0.3268631 0.6838738 0.2547706 0.6009964 0.2547706 0.6838738 0.2547706 0.6009964 0.3268631 0.6009964 0.2547706 0.1274564 0.6317574 0.1233182 0.5979565 0.1233182 0.6317574 0.1992415 0.5261715 0.236485 0.5220333 0.1992415 0.5220333 0.09889978 0.62233 0.09676158 0.5376567 0.09676158 0.62233 0.0955317 0.5376567 0.09339356 0.62233 0.0955317 0.62233 0.09676158 0.5376567 0.09889978 0.62233 0.09676158 0.62233 0.09339356 0.62233 0.0955317 0.5376567 0.0955317 0.62233 0.09889978 0.5594943 0.09676158 0.5537484 0.09676158 0.5594943 0.09586441 0.5376567 0.09011846 0.62233 0.09586441 0.62233 0.09339356 0.5594943 0.0955317 0.5537484 0.0955317 0.5594943 0.09586441 0.5376567 0.09011846 0.62233 0.09586441 0.62233 0.09676158 0.5594943 0.09889978 0.5537484 0.09889978 0.5594943 0.09586441 0.62233 0.09011846 0.5376567 0.09586441 0.5376567 0.0955317 0.5594943 0.09339356 0.5537484 0.09339356 0.5594943 0.09586441 0.62233 0.09011846 0.5376567 0.09586441 0.5376567 0.3837143 0.9360933 0.4027507 0.8419526 0.3837144 0.8419526 0.2694962 0.9360933 0.2885326 0.8419526 0.2694962 0.8419526 0.364678 0.9360933 0.3837144 0.8419526 0.364678 0.8419526 0.8938049 0.2521255 0.9573193 0.3427033 0.9573193 0.2521255 0.6971302 0.4440565 0.6888118 0.4251466 0.6971302 0.4251466 0.7112303 0.4440565 0.7044796 0.4251466 0.7112303 0.4251466 0.7044796 0.4440565 0.6971302 0.4251466 0.7044796 0.4251466 0.6971302 0.3618112 0.6888118 0.3405516 0.6971302 0.3405516 0.6971302 0.377645 0.6888118 0.3618112 0.6971302 0.3618112 0.6971302 0.3934789 0.6888118 0.377645 0.6971302 0.377645 0.6971302 0.4093127 0.6888118 0.3934789 0.6971302 0.3934789 0.6971302 0.4251466 0.6888118 0.4093127 0.6971302 0.4093127 0.6971302 0.4251466 0.6971302 0.4093127 0.7044796 0.4251466 0.6888118 0.4251466 0.6971302 0.4440565 0.6971302 0.4251466 0.7044796 0.4251466 0.7112303 0.4440565 0.7112303 0.4251466 0.6971302 0.4251466 0.7044796 0.4440565 0.7044796 0.4251466 0.6888118 0.3405516 0.6971302 0.3618112 0.6971302 0.3405516 0.6888118 0.3618112 0.6971302 0.377645 0.6971302 0.3618112 0.6888118 0.377645 0.6971302 0.3934789 0.6971302 0.377645 0.6888118 0.3934789 0.6971302 0.4093127 0.6971302 0.3934789 0.6888118 0.4093127 0.6971302 0.4251466 0.6971302 0.4093127 0.6971302 0.4251466 0.7044796 0.4251466 0.6971302 0.4093127 0.6971302 0.3934789 0.6971302 0.4093127 0.6971302 0.4093127 0.6971302 0.3405516 0.6971302 0.3618112 0.6971302 0.3618112 0.6888118 0.3405516 0.6971302 0.3405516 0.6971302 0.3405516 0.6971302 0.377645 0.6971302 0.3934789 0.6971302 0.3934789 0.6971302 0.3618112 0.6971302 0.377645 0.6971302 0.377645 0.6971302 0.4093127 0.7044796 0.4251466 0.7044796 0.4251466 0.6971302 0.4440565 0.6888118 0.4440565 0.6888118 0.4440565 0.7044796 0.4251466 0.7112303 0.4251466 0.7112303 0.4251466 0.6888118 0.3618112 0.6888118 0.3405516 0.6888118 0.3405516 0.6888118 0.4440565 0.6888118 0.4251466 0.6888118 0.4251466 0.6888118 0.4251466 0.6888118 0.4093127 0.6888118 0.4093127 0.6888118 0.4093127 0.6888118 0.3934789 0.6888118 0.3934789 0.6888118 0.3934789 0.6888118 0.377645 0.6888118 0.377645 0.7044796 0.4440565 0.6971302 0.4440565 0.6971302 0.4440565 0.6888118 0.377645 0.6888118 0.3618112 0.6888118 0.3618112 0.7112303 0.4440565 0.7044796 0.4440565 0.7044796 0.4440565 0.6888118 0.4251466 0.6971302 0.4440565 0.6971302 0.4251466 0.7044796 0.4251466 0.7112303 0.4440565 0.7112303 0.4251466 0.6971302 0.4251466 0.7044796 0.4440565 0.7044796 0.4251466 0.6888118 0.3405516 0.6971302 0.3618112 0.6971302 0.3405516 0.6888118 0.3618112 0.6971302 0.377645 0.6971302 0.3618112 0.6888118 0.377645 0.6971302 0.3934789 0.6971302 0.377645 0.6888118 0.3934789 0.6971302 0.4093127 0.6971302 0.3934789 0.6888118 0.4093127 0.6971302 0.4251466 0.6971302 0.4093127 0.6971302 0.4251466 0.7044796 0.4251466 0.6971302 0.4093127 0.6971302 0.4440565 0.6888118 0.4251466 0.6971302 0.4251466 0.7112303 0.4440565 0.7044796 0.4251466 0.7112303 0.4251466 0.7044796 0.4440565 0.6971302 0.4251466 0.7044796 0.4251466 0.6971302 0.3618112 0.6888118 0.3405516 0.6971302 0.3405516 0.6971302 0.377645 0.6888118 0.3618112 0.6971302 0.3618112 0.6971302 0.3934789 0.6888118 0.377645 0.6971302 0.377645 0.6971302 0.4093127 0.6888118 0.3934789 0.6971302 0.3934789 0.6971302 0.4251466 0.6888118 0.4093127 0.6971302 0.4093127 0.6971302 0.4251466 0.6971302 0.4093127 0.7044796 0.4251466 0.6971302 0.4093127 0.6971302 0.3934789 0.6971302 0.4093127 0.6971302 0.3618112 0.6971302 0.3405516 0.6971302 0.3618112 0.6971302 0.3405516 0.6888118 0.3405516 0.6971302 0.3405516 0.6971302 0.3934789 0.6971302 0.377645 0.6971302 0.3934789 0.6971302 0.377645 0.6971302 0.3618112 0.6971302 0.377645 0.7044796 0.4251466 0.6971302 0.4093127 0.7044796 0.4251466 0.6888118 0.4440565 0.6971302 0.4440565 0.6888118 0.4440565 0.7112303 0.4251466 0.7044796 0.4251466 0.7112303 0.4251466 0.6888118 0.3405516 0.6888118 0.3618112 0.6888118 0.3405516 0.6888118 0.4251466 0.6888118 0.4440565 0.6888118 0.4251466 0.6888118 0.4093127 0.6888118 0.4251466 0.6888118 0.4093127 0.6888118 0.3934789 0.6888118 0.4093127 0.6888118 0.3934789 0.6888118 0.377645 0.6888118 0.3934789 0.6888118 0.377645 0.6971302 0.4440565 0.7044796 0.4440565 0.6971302 0.4440565 0.6888118 0.3618112 0.6888118 0.377645 0.6888118 0.3618112 0.7044796 0.4440565 0.7112303 0.4440565 0.7044796 0.4440565 0.8030747 0.557434 0.7867518 0.525695 0.8030747 0.525695 0.8531154 0.525695 0.8367925 0.557434 0.8367925 0.525695 0.7867518 0.525695 0.8030747 0.557434 0.8030747 0.525695 0.8367925 0.557434 0.8531154 0.525695 0.8367925 0.525695 0.8433942 0.5497722 0.8116552 0.5393465 0.8116552 0.5497722 0.8367925 0.5497722 0.8531154 0.5393465 0.8531154 0.5497722 0.8116552 0.5497722 0.8433942 0.5393465 0.8433942 0.5497722 0.7867518 0.5497722 0.8030747 0.5393465 0.8030747 0.5497722 0.8116552 0.5497722 0.8433942 0.5393465 0.8433942 0.5497722 0.8531154 0.5497722 0.8367925 0.5393465 0.8367925 0.5497722 0.8433942 0.5497722 0.8116552 0.5393465 0.8116552 0.5497722 0.8030747 0.5497722 0.7867518 0.5393465 0.7867518 0.5497722 0.4027507 0.8419526 0.3837143 0.9360933 0.3837144 0.8419526 0.2885326 0.8419526 0.2694962 0.9360933 0.2694962 0.8419526 0.3837144 0.8419526 0.364678 0.9360933 0.364678 0.8419526 0.9573193 0.3427033 0.8938049 0.2521255 0.9573193 0.2521255 0.6888118 0.4251466 0.6971302 0.4440565 0.6971302 0.4251466 0.7044796 0.4251466 0.7112303 0.4440565 0.7112303 0.4251466 0.6971302 0.4251466 0.7044796 0.4440565 0.7044796 0.4251466 0.6888118 0.3405516 0.6971302 0.3618112 0.6971302 0.3405516 0.6888118 0.3618112 0.6971302 0.377645 0.6971302 0.3618112 0.6888118 0.377645 0.6971302 0.3934789 0.6971302 0.377645 0.6888118 0.3934789 0.6971302 0.4093127 0.6971302 0.3934789 0.6888118 0.4093127 0.6971302 0.4251466 0.6971302 0.4093127 0.6971302 0.4251466 0.7044796 0.4251466 0.6971302 0.4093127 0.6971302 0.4440565 0.6888118 0.4251466 0.6971302 0.4251466 0.7112303 0.4440565 0.7044796 0.4251466 0.7112303 0.4251466 0.7044796 0.4440565 0.6971302 0.4251466 0.7044796 0.4251466 0.6971302 0.3618112 0.6888118 0.3405516 0.6971302 0.3405516 0.6971302 0.377645 0.6888118 0.3618112 0.6971302 0.3618112 0.6971302 0.3934789 0.6888118 0.377645 0.6971302 0.377645 0.6971302 0.4093127 0.6888118 0.3934789 0.6971302 0.3934789 0.6971302 0.4251466 0.6888118 0.4093127 0.6971302 0.4093127 0.6971302 0.4251466 0.6971302 0.4093127 0.7044796 0.4251466 0.6971302 0.4093127 0.6971302 0.3934789 0.6971302 0.4093127 0.6971302 0.3618112 0.6971302 0.3405516 0.6971302 0.3618112 0.6971302 0.3405516 0.6888118 0.3405516 0.6971302 0.3405516 0.6971302 0.3934789 0.6971302 0.377645 0.6971302 0.3934789 0.6971302 0.377645 0.6971302 0.3618112 0.6971302 0.377645 0.7044796 0.4251466 0.6971302 0.4093127 0.7044796 0.4251466 0.6888118 0.4440565 0.6971302 0.4440565 0.6888118 0.4440565 0.7112303 0.4251466 0.7044796 0.4251466 0.7112303 0.4251466 0.6888118 0.3405516 0.6888118 0.3618112 0.6888118 0.3405516 0.6888118 0.4251466 0.6888118 0.4440565 0.6888118 0.4251466 0.6888118 0.4093127 0.6888118 0.4251466 0.6888118 0.4093127 0.6888118 0.3934789 0.6888118 0.4093127 0.6888118 0.3934789 0.6888118 0.377645 0.6888118 0.3934789 0.6888118 0.377645 0.6971302 0.4440565 0.7044796 0.4440565 0.6971302 0.4440565 0.6888118 0.3618112 0.6888118 0.377645 0.6888118 0.3618112 0.7044796 0.4440565 0.7112303 0.4440565 0.7044796 0.4440565 0.6971302 0.4440565 0.6888118 0.4251466 0.6971302 0.4251466 0.7112303 0.4440565 0.7044796 0.4251466 0.7112303 0.4251466 0.7044796 0.4440565 0.6971302 0.4251466 0.7044796 0.4251466 0.6971302 0.3618112 0.6888118 0.3405516 0.6971302 0.3405516 0.6971302 0.377645 0.6888118 0.3618112 0.6971302 0.3618112 0.6971302 0.3934789 0.6888118 0.377645 0.6971302 0.377645 0.6971302 0.4093127 0.6888118 0.3934789 0.6971302 0.3934789 0.6971302 0.4251466 0.6888118 0.4093127 0.6971302 0.4093127 0.6971302 0.4251466 0.6971302 0.4093127 0.7044796 0.4251466 0.6888118 0.4251466 0.6971302 0.4440565 0.6971302 0.4251466 0.7044796 0.4251466 0.7112303 0.4440565 0.7112303 0.4251466 0.6971302 0.4251466 0.7044796 0.4440565 0.7044796 0.4251466 0.6888118 0.3405516 0.6971302 0.3618112 0.6971302 0.3405516 0.6888118 0.3618112 0.6971302 0.377645 0.6971302 0.3618112 0.6888118 0.377645 0.6971302 0.3934789 0.6971302 0.377645 0.6888118 0.3934789 0.6971302 0.4093127 0.6971302 0.3934789 0.6888118 0.4093127 0.6971302 0.4251466 0.6971302 0.4093127 0.6971302 0.4251466 0.7044796 0.4251466 0.6971302 0.4093127 0.6971302 0.3934789 0.6971302 0.4093127 0.6971302 0.4093127 0.6971302 0.3405516 0.6971302 0.3618112 0.6971302 0.3618112 0.6888118 0.3405516 0.6971302 0.3405516 0.6971302 0.3405516 0.6971302 0.377645 0.6971302 0.3934789 0.6971302 0.3934789 0.6971302 0.3618112 0.6971302 0.377645 0.6971302 0.377645 0.6971302 0.4093127 0.7044796 0.4251466 0.7044796 0.4251466 0.6971302 0.4440565 0.6888118 0.4440565 0.6888118 0.4440565 0.7044796 0.4251466 0.7112303 0.4251466 0.7112303 0.4251466 0.6888118 0.3618112 0.6888118 0.3405516 0.6888118 0.3405516 0.6888118 0.4440565 0.6888118 0.4251466 0.6888118 0.4251466 0.6888118 0.4251466 0.6888118 0.4093127 0.6888118 0.4093127 0.6888118 0.4093127 0.6888118 0.3934789 0.6888118 0.3934789 0.6888118 0.3934789 0.6888118 0.377645 0.6888118 0.377645 0.7044796 0.4440565 0.6971302 0.4440565 0.6971302 0.4440565 0.6888118 0.377645 0.6888118 0.3618112 0.6888118 0.3618112 0.7112303 0.4440565 0.7044796 0.4440565 0.7044796 0.4440565 0.7867518 0.525695 0.8030747 0.557434 0.8030747 0.525695 0.8367925 0.557434 0.8531154 0.525695 0.8367925 0.525695 0.8030747 0.557434 0.7867518 0.525695 0.8030747 0.525695 0.8531154 0.525695 0.8367925 0.557434 0.8367925 0.525695 0.8116552 0.5393465 0.8433942 0.5497722 0.8116552 0.5497722 0.8531154 0.5393465 0.8367925 0.5497722 0.8531154 0.5497722 0.8433942 0.5393465 0.8116552 0.5497722 0.8433942 0.5497722 0.8030747 0.5393465 0.7867518 0.5497722 0.8030747 0.5497722 0.8433942 0.5393465 0.8116552 0.5497722 0.8433942 0.5497722 0.8367925 0.5393465 0.8531154 0.5497722 0.8367925 0.5497722 0.8116552 0.5393465 0.8433942 0.5497722 0.8116552 0.5497722 0.7867518 0.5393465 0.8030747 0.5497722 0.7867518 0.5497722 0.7469193 0.9924334 0.9066675 0.7368364 0.9066675 0.9924334 0.7494155 0.9924334 0.9091636 0.7368364 0.9091636 0.9924334 0.7469194 0.9924334 0.9066675 0.7368364 0.9066675 0.9924334 0.7419272 0.9924334 0.9016754 0.7368364 0.9016754 0.9924334 0.7110883 0.6498963 0.6623141 0.6817786 0.7110883 0.6817786 0.857411 0.6498963 0.8086368 0.6817786 0.857411 0.6817786 0.7598626 0.6498963 0.8086368 0.6817786 0.7598626 0.6817786 0.7598626 0.6498963 0.7110883 0.6817786 0.7598626 0.6817786 0.7185788 0.6498963 0.8011463 0.6817786 0.7185788 0.6817786 0.7110883 0.6498963 0.7598626 0.6817786 0.7110883 0.6817786 0.8086368 0.6498963 0.7598626 0.6817786 0.8086368 0.6817786 0.6623141 0.6498963 0.7110883 0.6817786 0.6623141 0.6817786 0.8011463 0.6498963 0.7185788 0.6817786 0.8011463 0.6817786 0.8086368 0.6498963 0.857411 0.6817786 0.8086368 0.6817786 0.07931411 0.171692 0.01185333 0.2639479 0.07931411 0.2639479 0.2816964 0.171692 0.2142356 0.2639479 0.2816964 0.2639479 0.1467748 0.171692 0.2142356 0.2639479 0.1467748 0.2639479 0.1467748 0.171692 0.07931411 0.2639479 0.1467748 0.2639479 0.08967429 0.171692 0.2038754 0.2639479 0.08967429 0.2639479 0.07931411 0.171692 0.1467748 0.2639479 0.07931411 0.2639479 0.2142356 0.171692 0.1467748 0.2639479 0.2142356 0.2639479 0.01185333 0.171692 0.07931411 0.2639479 0.01185333 0.2639479 0.2038754 0.171692 0.08967429 0.2639479 0.2038754 0.2639479 0.2142356 0.171692 0.2816964 0.2639479 0.2142356 0.2639479 0.1984114 0.7368364 0.0706129 0.8605577 0.03866326 0.7368364 0.04365539 0.7368364 0.171454 0.8605577 0.04365539 0.8605577 0.6838738 0.2547706 0.6009964 0.3268631 0.6009964 0.2547706 0.6009964 0.2547706 0.518119 0.3268631 0.518119 0.2547706 0.6009964 0.3268631 0.6838738 0.2547706 0.6009964 0.2547706 0.518119 0.3268631 0.6009964 0.2547706 0.518119 0.2547706 0.1233182 0.6317574 0.1274564 0.5979565 0.1233182 0.5979565 0.1992415 0.5220333 0.161998 0.5261715 0.161998 0.5220333 0.6009964 0.2547706 0.518119 0.2547706 0.6009964 0.2547706 0.1233182 0.5979565 0.1274564 0.6317574 0.1233182 0.6317574 0.236485 0.5220333 0.1992415 0.5261715 0.1992415 0.5220333 0.6838738 0.2547706 0.6009964 0.2547706 0.6838738 0.2547706 0.6838738 0.2547706 0.6009964 0.3268631 0.6009964 0.2547706 0.6009964 0.3268631 0.6838738 0.2547706 0.6009964 0.2547706 0.1233182 0.5979565 0.1274564 0.6317574 0.1233182 0.6317574 0.236485 0.5220333 0.1992415 0.5261715 0.1992415 0.5220333 0.6009964 0.3268631 0.6838738 0.2547706 0.6009964 0.2547706 0.6838738 0.2547706 0.6009964 0.3268631 0.6009964 0.2547706 0.1274564 0.6317574 0.1233182 0.5979565 0.1233182 0.6317574 0.1992415 0.5261715 0.236485 0.5220333 0.1992415 0.5220333 0.09889978 0.62233 0.09676158 0.5376567 0.09676158 0.62233 0.0955317 0.5376567 0.09339356 0.62233 0.0955317 0.62233 0.09676158 0.5376567 0.09889978 0.62233 0.09676158 0.62233 0.09339356 0.62233 0.0955317 0.5376567 0.0955317 0.62233 0.09889978 0.5594943 0.09676158 0.5537484 0.09676158 0.5594943 0.09586441 0.5376567 0.09011846 0.62233 0.09586441 0.62233 0.09339356 0.5594943 0.0955317 0.5537484 0.0955317 0.5594943 0.09586441 0.5376567 0.09011846 0.62233 0.09586441 0.62233 0.09676158 0.5594943 0.09889978 0.5537484 0.09889978 0.5594943 0.09586441 0.62233 0.09011846 0.5376567 0.09586441 0.5376567 0.0955317 0.5594943 0.09339356 0.5537484 0.09339356 0.5594943 0.09586441 0.62233 0.09011846 0.5376567 0.09586441 0.5376567 0.00390625 0.6443765 0.08027106 0.5330132 0.00390625 0.5330132 0.00420165 0.6443765 0.0805664 0.5330132 0.00420165 0.5330132 0.08027106 0.5330132 0.08027106 0.6443765 0.08027106 0.5330132 0.00420165 0.6443765 0.00420165 0.5330132 0.00420165 0.5330132 0.08027106 0.6443765 0.00390625 0.6443765 0.08027106 0.6443765 0.00390625 0.5330132 0.08027106 0.5330132 0.08027106 0.5330132 0.0805664 0.6443765 0.00420165 0.6443765 0.0805664 0.6443765 0.00420165 0.5330132 0.0805664 0.5330132 0.0805664 0.5330132 0.0805664 0.5330132 0.00420165 0.6443765 0.00420165 0.5330132 0.08027106 0.5330132 0.00390625 0.6443765 0.00390625 0.5330132 0.00390625 0.6443765 0.08027106 0.5330132 0.00390625 0.5330132 0.00420165 0.6443765 0.0805664 0.5330132 0.00420165 0.5330132 0.08027106 0.5330132 0.08027106 0.6443765 0.08027106 0.5330132 0.00420165 0.6443765 0.00420165 0.5330132 0.00420165 0.5330132 0.08027106 0.6443765 0.00390625 0.6443765 0.08027106 0.6443765 0.00390625 0.5330132 0.08027106 0.5330132 0.08027106 0.5330132 0.0805664 0.6443765 0.00420165 0.6443765 0.0805664 0.6443765 0.00420165 0.5330132 0.0805664 0.5330132 0.0805664 0.5330132 0.3138205 0.9801465 0.3138205 0.910274 0.3138205 0.910274 0.3138205 0.9801465 0.3611087 0.9868524 0.3584263 0.9801466 0.3584263 0.910274 0.3111382 0.9035683 0.3138205 0.910274 0.3138205 0.910274 0.3111382 0.9868524 0.3138205 0.9801465 0.3584263 0.910274 0.3611087 0.9868524 0.3611087 0.9035683 0.8879302 0.3399091 0.9503783 0.2544116 0.8879302 0.2544116 0.3584263 0.9801466 0.3138205 0.9801465 0.3138205 0.9801465 0.3584263 0.910274 0.3584263 0.9801466 0.3584263 0.9801466 0.3138205 0.910274 0.3584263 0.910274 0.3584263 0.910274 0.147574 0.2477509 0.2142065 0.2132329 0.2142065 0.2477509 0.08094167 0.2477509 0.147574 0.2132329 0.147574 0.2477509 0.09145849 0.2609633 0.1735937 0.3012304 0.09145849 0.3012304 0.009323418 0.2609633 0.09145849 0.3012304 0.009323418 0.3012304 0.1215022 0.3623849 0.0252003 0.3623849 0.0252003 0.3400735 0.01026737 0.3327316 0.01026737 0.3327316 0.01026737 0.4290335 0.0252003 0.3623849 0.1215022 0.3623849 0.0252003 0.3400735 0.40441 0.2581029 0.4897828 0.2067872 0.4897828 0.2581029 0.3190372 0.2581029 0.40441 0.2067872 0.40441 0.2581029 0.1432163 0.2609633 0.2253515 0.3012304 0.1432163 0.3012304 0.06108123 0.2609633 0.1432163 0.3012304 0.06108123 0.3012304 0.17326 0.3623849 0.07695811 0.3623849 0.07695811 0.3400735 0.06202512 0.3327316 0.06202512 0.3327316 0.06202512 0.4290335 0.07695811 0.3623849 0.17326 0.3623849 0.07695811 0.3400735 0.147574 0.2477509 0.2142065 0.2132329 0.2142065 0.2477509 0.08094167 0.2477509 0.147574 0.2132329 0.147574 0.2477509 0.09145849 0.2609633 0.1735937 0.3012304 0.09145849 0.3012304 0.009323418 0.2609633 0.09145849 0.3012304 0.009323418 0.3012304 0.1215022 0.3623849 0.0252003 0.3623849 0.0252003 0.3400735 0.01026737 0.3327316 0.01026737 0.3327316 0.01026737 0.4290335 0.0252003 0.3623849 0.1215022 0.3623849 0.0252003 0.3400735 0.40441 0.2581029 0.4897828 0.2067872 0.4897828 0.2581029 0.3190372 0.2581029 0.40441 0.2067872 0.40441 0.2581029 0.1432163 0.2609633 0.2253515 0.3012304 0.1432163 0.3012304 0.06108123 0.2609633 0.1432163 0.3012304 0.06108123 0.3012304 0.17326 0.3623849 0.07695811 0.3623849 0.07695811 0.3400735 0.06202512 0.3327316 0.06202512 0.3327316 0.06202512 0.4290335 0.07695811 0.3623849 0.17326 0.3623849 0.07695811 0.3400735 0.0143311 0.6219183 0.07294905 0.5281298 0.07294905 0.6219183 0.01524704 0.6219183 0.07386493 0.5281298 0.07386493 0.6219183 0.01433116 0.6219183 0.07294905 0.5281298 0.07294905 0.6219183 0.01249933 0.6219183 0.07111722 0.5281298 0.07111722 0.6219183 0.07294905 0.5281298 0.0143311 0.6219183 0.07294905 0.6219183 0.07386493 0.5281298 0.01524704 0.6219183 0.07386493 0.6219183 0.07294905 0.5281298 0.01433116 0.6219183 0.07294905 0.6219183 0.07111722 0.5281298 0.01249933 0.6219183 0.07111722 0.6219183 0.07386493 0.5281298 0.07386493 0.6219183 0.07386493 0.5281298 0.01249933 0.5281298 0.07111722 0.5281298 0.01249933 0.5281298 0.07294905 0.6219183 0.01433116 0.6219183 0.07294905 0.6219183 0.0143311 0.5281298 0.07294905 0.5281298 0.0143311 0.5281298 0.0143311 0.6219183 0.0143311 0.5281298 0.0143311 0.6219183 0.01524704 0.5281298 0.07386493 0.5281298 0.01524704 0.5281298 0.07294905 0.6219183 0.0143311 0.6219183 0.07294905 0.6219183 0.07386493 0.6219183 0.01524704 0.6219183 0.07386493 0.6219183 0.01433116 0.5281298 0.07294905 0.5281298 0.01433116 0.5281298 0.07111722 0.6219183 0.01249933 0.6219183 0.07111722 0.6219183 0.2133222 0.8293579 0.1316279 0.9147364 0.0549851 0.8293579 0.0549851 0.8293579 0.1366794 0.9147364 0.2133221 0.8293579 0.1316279 0.9085081 0.1366794 0.8355862 0.1366794 0.9085081 0.2101138 0.8293579 0.09769272 0.9147364 0.05819344 0.8293579 0.2101138 0.8293579 0.09769272 0.9147364 0.1706146 0.9147364 0.0549851 0.9480074 0.2133222 0.7960869 0.0549851 0.7960869 0.2943373 0.8981729 0.3108741 0.8840693 0.3604843 0.8840693 0.3145238 0.9297205 0.3568347 0.9297205 0.3709383 0.8448427 0.2943373 0.8448427 0.3770211 0.8448427 0.3108741 0.9297205 0.3604843 0.9297205 0.3770211 0.8448427 0.2943373 0.8448427 0.3145238 0.9297205 0.3004201 0.8448427 0.3709383 0.8448427 0.3604843 0.8840693 0.3108741 0.8840693 0.2943373 0.8981729 0.3145238 0.9297205 0.3004201 0.8448427 0.3709383 0.8448427 0.3604843 0.9297205 0.3770211 0.8448427 0.2943373 0.8448427 0.3108741 0.9297205 0.2943373 0.8448427 0.3770211 0.8448427 0.3145238 0.9297205 0.3568347 0.9297205 0.3709383 0.8448427 0.2943373 0.9404838 0.2943373 0.8981729 0.2943373 0.8981729 0.3604843 0.9297205 0.3108741 0.9297205 0.3108741 0.9297205 0.3568347 0.9297205 0.3568347 0.9689853 0.3568347 0.9689853 0.3004201 0.8448427 0.3709383 0.8448427 0.3709383 0.8448427 0.3108741 0.9297205 0.3604843 0.9297205 0.3604843 0.9297205 0.3004201 0.8448427 0.3709383 0.8448427 0.3004201 0.8448427 0.3108741 0.9297205 0.3108741 0.9689854 0.3108741 0.9297205 0.3604844 0.9545875 0.3108741 0.9545875 0.3108741 0.9545875 0.3145238 0.9297205 0.3568347 0.9297205 0.3568347 0.9297205 0.3604843 0.9297205 0.3604844 0.9689853 0.3604844 0.9689853 0.3568347 0.9297205 0.3145238 0.9297205 0.3145238 0.9297205 0.3604843 0.9297205 0.3604843 0.9689854 0.3604843 0.9297205 0.3604843 0.8840693 0.3108741 0.8840693 0.3604843 0.8840693 0.3568347 0.9297205 0.3568347 0.9689854 0.3568347 0.9297205 0.3108741 0.9297205 0.3108741 0.9689853 0.3108741 0.9689853 0.3770211 0.8981729 0.3770211 0.9404838 0.3770211 0.9404838 0.2943373 0.8448427 0.3770211 0.8448427 0.2943373 0.8448427 0.3145238 0.9297205 0.3145238 0.9689853 0.3145238 0.9689853 0.3770211 0.8448427 0.2943373 0.8448427 0.3770211 0.8448427 0.3145238 0.9297205 0.3145238 0.9689854 0.3145238 0.9297205 0.07848805 0.6439136 0.006892621 0.5311233 0.07848805 0.5311233 0.07848805 0.5311233 0.006892621 0.6439136 0.07848805 0.6439136 0.07848805 0.5311233 0.006892621 0.6439136 0.006892621 0.5311233 0.006892621 0.6439136 0.07848805 0.6439136 0.07848805 0.6439136 0.006892621 0.5311233 0.006892621 0.6439136 0.006892621 0.6439136 0.006892621 0.5311233 0.07848805 0.5311233 0.006892621 0.5311233 0.07848805 0.5311233 0.07848805 0.6439136 0.07848805 0.5311233 0.006892621 0.5311233 0.07848805 0.6439136 0.07848805 0.5311233 0.07848805 0.6439136 0.006892621 0.5311233 0.07848805 0.5311233 0.006892621 0.6439136 0.07848805 0.6439136 0.07848805 0.6439136 0.006892621 0.5311233 0.006892621 0.6439136 0.006892621 0.6439136 0.006892621 0.5311233 0.07848805 0.5311233 0.006892621 0.5311233 0.07848805 0.5311233 0.07848805 0.6439136 0.07848805 0.5311233 0.112106 0.8605577 0.1075547 0.8668233 0.1075547 0.8624465 0.1269957 0.9910271 0.1327496 0.9822942 0.1344842 0.9910271 0.2470097 0.7417537 0.1327496 0.9822942 0.2424245 0.7393357 0.01447016 0.7417536 0.1287302 0.9822942 0.1269957 0.9910271 0.04821133 0.7368364 0.1068772 0.859246 0.04519504 0.7398175 0.04821133 0.9924334 0.1068772 0.8700238 0.112106 0.8687121 0.01905536 0.7393357 0.1327496 0.9822942 0.2424245 0.7393357 0.7469193 0.9924334 0.9066675 0.7368364 0.9066675 0.9924334 0.7494155 0.9924334 0.9091636 0.7368364 0.9091636 0.9924334 0.7469194 0.9924334 0.9066675 0.7368364 0.9066675 0.9924334 0.7419272 0.9924334 0.9016754 0.7368364 0.9016754 0.9924334 0.7110883 0.6498963 0.6623141 0.6817786 0.7110883 0.6817786 0.857411 0.6498963 0.8086368 0.6817786 0.857411 0.6817786 0.7598626 0.6498963 0.8086368 0.6817786 0.7598626 0.6817786 0.7598626 0.6498963 0.7110883 0.6817786 0.7598626 0.6817786 0.7185788 0.6498963 0.8011463 0.6817786 0.7185788 0.6817786 0.7110883 0.6498963 0.7598626 0.6817786 0.7110883 0.6817786 0.8086368 0.6498963 0.7598626 0.6817786 0.8086368 0.6817786 0.6623141 0.6498963 0.7110883 0.6817786 0.6623141 0.6817786 0.8011463 0.6498963 0.7185788 0.6817786 0.8011463 0.6817786 0.8086368 0.6498963 0.857411 0.6817786 0.8086368 0.6817786 0.07931411 0.171692 0.01185333 0.2639479 0.07931411 0.2639479 0.2816964 0.171692 0.2142356 0.2639479 0.2816964 0.2639479 0.1467748 0.171692 0.2142356 0.2639479 0.1467748 0.2639479 0.1467748 0.171692 0.07931411 0.2639479 0.1467748 0.2639479 0.08967429 0.171692 0.2038754 0.2639479 0.08967429 0.2639479 0.07931411 0.171692 0.1467748 0.2639479 0.07931411 0.2639479 0.2142356 0.171692 0.1467748 0.2639479 0.2142356 0.2639479 0.01185333 0.171692 0.07931411 0.2639479 0.01185333 0.2639479 0.2038754 0.171692 0.08967429 0.2639479 0.2038754 0.2639479 0.2142356 0.171692 0.2816964 0.2639479 0.2142356 0.2639479 0.2694962 0.9868524 0.4027507 0.9868524 0.4027507 0.9035683 0.3860939 0.9868524 0.4110792 0.9868524 0.4110792 0.9035683 0.4027507 0.9868524 0.2694962 0.9868524 0.2694962 0.9035683 0.286153 0.9868524 0.2611678 0.9868524 0.2611678 0.9035683 0.286153 0.9701955 0.2611678 0.9701956 0.2611678 0.8369411 0.2034036 0.7368364 0.2353532 0.8605577 0.112106 0.8605577 0.01420181 0.8687121 0.01420181 0.8605577 0.1374491 0.8605577 0.04615151 0.7368364 0.2013437 0.7368364 0.1374491 0.8605577 0.04821133 0.9924334 0.2034036 0.9924334 0.04365539 0.9862518 0.2034036 0.9924334 0.2034036 0.7368364 0.04365539 0.9862518 0.2034036 0.7368364 0.04821133 0.7368364 0.04365539 0.743018 0.04615151 0.9924334 0.01420181 0.8687121 0.1374491 0.8687122 0.04615151 0.9924334 0.2013437 0.9924334 0.2058997 0.9862519 0.2058997 0.9862519 0.2058996 0.743018 0.04615151 0.9924334 0.2058996 0.743018 0.2013437 0.7368364 0.04615151 0.7368364 0.112106 0.8687121 0.112106 0.8605577 0.2353532 0.8605577 0.04365539 0.9924334 0.04365539 0.8687121 0.171454 0.8687121 0.1984114 0.9924334 0.03866326 0.9924334 0.0706129 0.8687121 0.2034036 0.9924334 0.04821133 0.9924334 0.112106 0.8687121 0.1984114 0.7368364 0.1984114 0.8605577 0.0706129 0.8605577 0.04365539 0.7368364 0.2034036 0.7368364 0.171454 0.8605577 0.04365539 0.8687121 0.04365539 0.8605577 0.171454 0.8605577 0.0706129 0.8687121 0.0706129 0.8605577 0.1984114 0.8605577 0.01905536 0.7393357 0.2424245 0.7393357 0.1327496 0.9822942 0.2034036 0.7368364 0.04365539 0.7368364 0.04365539 0.9924334 0.1984114 0.7368364 0.03866326 0.7368364 0.03866326 0.9924334 0.3421781 0.9792122 0.2911228 0.9792122 0.2911228 0.8437618 0.3860939 0.9360933 0.4110792 0.9360933 0.4110792 0.8419526 0.3538245 0.8408023 0.3243811 0.8408024 0.3243811 0.9962462 0.4110792 0.9868524 0.3860939 0.9868524 0.3860939 0.9035683 0.3451461 0.9847297 0.2940908 0.9847297 0.2940908 0.8492794 0.9533619 0.3477981 0.8908333 0.3477981 0.8908333 0.2488395 0.3611087 0.9701955 0.3611087 0.8369411 0.3860939 0.8369411 0.3111382 0.9701955 0.3111382 0.8369411 0.3611087 0.8369411 0.3860939 0.9868524 0.3611087 0.9868524 0.3611087 0.9035683 0.9462661 0.3351135 0.8984572 0.3351135 0.8984572 0.2518294 0.9416784 0.3351135 0.8986504 0.3351135 0.8986504 0.2518294 0.1984114 0.7368364 0.1984114 0.8605577 0.0706129 0.8605577 0.04365539 0.7368364 0.2034036 0.7368364 0.171454 0.8605577 0.171454 0.8605577 0.2034036 0.7368364 0.2034036 0.7368364 0.0706129 0.8605577 0.0706129 0.8605577 0.03866326 0.7368364 0.3111382 0.9868524 0.3111382 0.9868524 0.3111382 0.9035683 0.3860939 0.9701955 0.3860939 0.8369411 0.4110792 0.8369411 0.3962013 0.9847297 0.3451461 0.9847297 0.3451461 0.8492794 0.3611087 0.9360933 0.3860939 0.9360933 0.3860939 0.8419526 0.2611678 0.9868524 0.286153 0.9868524 0.286153 0.9035683 0.3832679 0.8408023 0.3538245 0.8408023 0.3538245 0.9962462 0.3932333 0.9792121 0.3421781 0.9792122 0.3421781 0.8437618 0.3111382 0.9701955 0.286153 0.9701955 0.286153 0.8369411 0.3111382 0.9868524 0.286153 0.9868524 0.286153 0.9035683 0.4139504 0.8241327 0.4139504 0.668024 0.3202852 0.668024 0.3003453 0.8395005 0.3003453 0.9917637 0.3204339 0.9707533 0.3204339 0.9707533 0.3003453 0.9917637 0.3658577 0.9917637 0.3658577 0.8395003 0.3003453 0.8395005 0.3204339 0.8605108 0.3658577 0.9917637 0.3658577 0.8395003 0.3457691 0.8605108 0.9561948 0.5435432 0.9561948 0.590834 0.9719873 0.590834 0.3457691 0.9707533 0.3204339 0.9707533 0.3204339 0.9707533 0.3204339 0.9707533 0.3204339 0.8605108 0.3204339 0.8605108 0.3457691 0.8605108 0.3457691 0.9707533 0.3457691 0.9707533 0.6384948 0.3330663 0.6890358 0.3330663 0.6890358 0.2506909 0.3204339 0.9707533 0.3003453 0.9917637 0.3003453 0.8395005 0.3204339 0.9707533 0.3457691 0.9707533 0.3658577 0.9917637 0.3204339 0.8605108 0.3003453 0.8395005 0.3658577 0.8395003 0.3457691 0.8605108 0.3658577 0.8395003 0.3658577 0.9917637 0.9719873 0.590834 0.9561948 0.590834 0.9561948 0.5435432 0.3204339 0.9707533 0.3204339 0.9707533 0.3457691 0.9707533 0.3204339 0.8605108 0.3204339 0.8605108 0.3204339 0.9707533 0.3457691 0.9707533 0.3457691 0.9707533 0.3457691 0.8605108 0.6890358 0.2506909 0.6890358 0.3330663 0.6384948 0.3330663 0.9110889 0.2541399 0.9110889 0.2541399 0.9292687 0.2541399 0.9339503 0.251349 0.9064073 0.251349 0.9064073 0.251349 0.9064073 0.251349 0.9064073 0.3278571 0.9064073 0.3278571 0.9339503 0.3278571 0.9339503 0.251349 0.9339503 0.251349 0.9064073 0.3278571 0.9339503 0.3278571 0.9339503 0.3278571 0.9301679 0.3218385 0.9351117 0.3320027 0.9060255 0.3320027 0.9301679 0.3218385 0.9301679 0.2521325 0.9351117 0.2513821 0.9109693 0.3218385 0.9060255 0.3320027 0.9060255 0.2513821 0.9292687 0.2541399 0.9339503 0.251349 0.9064073 0.251349 0.9288041 0.320198 0.928804 0.2516257 0.9120418 0.2516258 0.9301679 0.3218385 0.9301679 0.3218385 0.9301679 0.2521325 0.9109693 0.2521325 0.9109693 0.2521325 0.9109693 0.3218385 0.9109693 0.3218385 0.9109693 0.3218385 0.9301679 0.3218385 0.3457691 0.8605108 0.3457691 0.8605108 0.3204339 0.8605108 0 0 0 0 0 0 0.2986456 0.9035683 0.2986456 0.9035683 0.2986456 0.9035683 0.2986456 0.9035683 0.2986456 0.9035683 0.2986456 0.9868524 0.3736013 0.9868524 0.3736013 0.9868524 0.3736013 0.9035683 0.3736013 0.9035683 0.3736013 0.9035683 0.3736013 0.9035683 0 0 0 0 0 0 0.3340541 0.8526699 0.3040614 0.8526699 0.3040614 0.9359134 0.3349649 0.8526699 0.3049722 0.8526699 0.3049722 0.9359134 0.3349649 0.7849024 0.3349649 0.6682639 0.3349649 0.6682639 0.3040614 0.7849025 0.3340541 0.7849025 0.3340541 0.7849025 0.3049722 0.7849025 0.3349649 0.7849024 0.3349649 0.7849024 0.3862471 0.9718084 0.3862471 0.8415042 0.3084838 0.8415042 0.3862471 0.8415042 0.3862471 0.9718084 0.3084838 0.9718084 0.3040614 0.6682639 0.3040614 0.7849025 0.3040614 0.7849025 0.6971302 0.4440565 0.6888118 0.4440565 0.6888118 0.4251466 0.7112303 0.4440565 0.7044796 0.4440565 0.7044796 0.4251466 0.7044796 0.4440565 0.6971302 0.4440565 0.6971302 0.4251466 0.6971302 0.3618112 0.6888118 0.3618112 0.6888118 0.3405516 0.6971302 0.377645 0.6888118 0.377645 0.6888118 0.3618112 0.6971302 0.3934789 0.6888118 0.3934789 0.6888118 0.377645 0.6971302 0.4093127 0.6888118 0.4093127 0.6888118 0.3934789 0.6971302 0.4251466 0.6888118 0.4251466 0.6888118 0.4093127 0.6888118 0.4251466 0.6888118 0.4440565 0.6971302 0.4440565 0.7044796 0.4251466 0.7044796 0.4440565 0.7112303 0.4440565 0.6971302 0.4251466 0.6971302 0.4440565 0.7044796 0.4440565 0.6888118 0.3405516 0.6888118 0.3618112 0.6971302 0.3618112 0.6888118 0.3618112 0.6888118 0.377645 0.6971302 0.377645 0.6888118 0.377645 0.6888118 0.3934789 0.6971302 0.3934789 0.6888118 0.3934789 0.6888118 0.4093127 0.6971302 0.4093127 0.6888118 0.4093127 0.6888118 0.4251466 0.6971302 0.4251466 0.6971302 0.3934789 0.6971302 0.3934789 0.6971302 0.4093127 0.6971302 0.3405516 0.6971302 0.3405516 0.6971302 0.3618112 0.6888118 0.3405516 0.6888118 0.3405516 0.6971302 0.3405516 0.6971302 0.377645 0.6971302 0.377645 0.6971302 0.3934789 0.6971302 0.3618112 0.6971302 0.3618112 0.6971302 0.377645 0.6971302 0.4093127 0.6971302 0.4093127 0.7044796 0.4251466 0.6971302 0.4440565 0.6971302 0.4440565 0.6888118 0.4440565 0.7044796 0.4251466 0.7044796 0.4251466 0.7112303 0.4251466 0.6888118 0.3618112 0.6888118 0.3618112 0.6888118 0.3405516 0.6888118 0.4440565 0.6888118 0.4440565 0.6888118 0.4251466 0.6888118 0.4251466 0.6888118 0.4251466 0.6888118 0.4093127 0.6888118 0.4093127 0.6888118 0.4093127 0.6888118 0.3934789 0.6888118 0.3934789 0.6888118 0.3934789 0.6888118 0.377645 0.7044796 0.4440565 0.7044796 0.4440565 0.6971302 0.4440565 0.6888118 0.377645 0.6888118 0.377645 0.6888118 0.3618112 0.7112303 0.4440565 0.7112303 0.4440565 0.7044796 0.4440565 0.6888118 0.4251466 0.6888118 0.4440565 0.6971302 0.4440565 0.7044796 0.4251466 0.7044796 0.4440565 0.7112303 0.4440565 0.6971302 0.4251466 0.6971302 0.4440565 0.7044796 0.4440565 0.6888118 0.3405516 0.6888118 0.3618112 0.6971302 0.3618112 0.6888118 0.3618112 0.6888118 0.377645 0.6971302 0.377645 0.6888118 0.377645 0.6888118 0.3934789 0.6971302 0.3934789 0.6888118 0.3934789 0.6888118 0.4093127 0.6971302 0.4093127 0.6888118 0.4093127 0.6888118 0.4251466 0.6971302 0.4251466 0.6971302 0.4440565 0.6888118 0.4440565 0.6888118 0.4251466 0.7112303 0.4440565 0.7044796 0.4440565 0.7044796 0.4251466 0.7044796 0.4440565 0.6971302 0.4440565 0.6971302 0.4251466 0.6971302 0.3618112 0.6888118 0.3618112 0.6888118 0.3405516 0.6971302 0.377645 0.6888118 0.377645 0.6888118 0.3618112 0.6971302 0.3934789 0.6888118 0.3934789 0.6888118 0.377645 0.6971302 0.4093127 0.6888118 0.4093127 0.6888118 0.3934789 0.6971302 0.4251466 0.6888118 0.4251466 0.6888118 0.4093127 0.6971302 0.4093127 0.6971302 0.3934789 0.6971302 0.3934789 0.6971302 0.3618112 0.6971302 0.3405516 0.6971302 0.3405516 0.6971302 0.3405516 0.6888118 0.3405516 0.6888118 0.3405516 0.6971302 0.3934789 0.6971302 0.377645 0.6971302 0.377645 0.6971302 0.377645 0.6971302 0.3618112 0.6971302 0.3618112 0.7044796 0.4251466 0.6971302 0.4093127 0.6971302 0.4093127 0.6888118 0.4440565 0.6971302 0.4440565 0.6971302 0.4440565 0.7112303 0.4251466 0.7044796 0.4251466 0.7044796 0.4251466 0.6888118 0.3405516 0.6888118 0.3618112 0.6888118 0.3618112 0.6888118 0.4251466 0.6888118 0.4440565 0.6888118 0.4440565 0.6888118 0.4093127 0.6888118 0.4251466 0.6888118 0.4251466 0.6888118 0.3934789 0.6888118 0.4093127 0.6888118 0.4093127 0.6888118 0.377645 0.6888118 0.3934789 0.6888118 0.3934789 0.6971302 0.4440565 0.7044796 0.4440565 0.7044796 0.4440565 0.6888118 0.3618112 0.6888118 0.377645 0.6888118 0.377645 0.7044796 0.4440565 0.7112303 0.4440565 0.7112303 0.4440565 0.8030747 0.557434 0.7867518 0.557434 0.7867518 0.525695 0.8531154 0.525695 0.8531154 0.557434 0.8367925 0.557434 0.7867518 0.525695 0.7867518 0.557434 0.8030747 0.557434 0.8367925 0.557434 0.8531154 0.557434 0.8531154 0.525695 0.8433942 0.5497722 0.8433942 0.5393465 0.8116552 0.5393465 0.8367925 0.5497722 0.8367925 0.5393465 0.8531154 0.5393465 0.8116552 0.5497722 0.8116552 0.5393465 0.8433942 0.5393465 0.7867518 0.5497722 0.7867518 0.5393465 0.8030747 0.5393465 0.8116552 0.5497722 0.8116552 0.5393465 0.8433942 0.5393465 0.8531154 0.5497722 0.8531154 0.5393465 0.8367925 0.5393465 0.8433942 0.5497722 0.8433942 0.5393465 0.8116552 0.5393465 0.8030747 0.5497722 0.8030747 0.5393465 0.7867518 0.5393465 0.6971302 0.4440565 0.6888118 0.4440565 0.6888118 0.4251466 0.7112303 0.4440565 0.7044796 0.4440565 0.7044796 0.4251466 0.7044796 0.4440565 0.6971302 0.4440565 0.6971302 0.4251466 0.6971302 0.3618112 0.6888118 0.3618112 0.6888118 0.3405516 0.6971302 0.377645 0.6888118 0.377645 0.6888118 0.3618112 0.6971302 0.3934789 0.6888118 0.3934789 0.6888118 0.377645 0.6971302 0.4093127 0.6888118 0.4093127 0.6888118 0.3934789 0.6971302 0.4251466 0.6888118 0.4251466 0.6888118 0.4093127 0.6888118 0.4251466 0.6888118 0.4440565 0.6971302 0.4440565 0.7044796 0.4251466 0.7044796 0.4440565 0.7112303 0.4440565 0.6971302 0.4251466 0.6971302 0.4440565 0.7044796 0.4440565 0.6888118 0.3405516 0.6888118 0.3618112 0.6971302 0.3618112 0.6888118 0.3618112 0.6888118 0.377645 0.6971302 0.377645 0.6888118 0.377645 0.6888118 0.3934789 0.6971302 0.3934789 0.6888118 0.3934789 0.6888118 0.4093127 0.6971302 0.4093127 0.6888118 0.4093127 0.6888118 0.4251466 0.6971302 0.4251466 0.6971302 0.3934789 0.6971302 0.3934789 0.6971302 0.4093127 0.6971302 0.3405516 0.6971302 0.3405516 0.6971302 0.3618112 0.6888118 0.3405516 0.6888118 0.3405516 0.6971302 0.3405516 0.6971302 0.377645 0.6971302 0.377645 0.6971302 0.3934789 0.6971302 0.3618112 0.6971302 0.3618112 0.6971302 0.377645 0.6971302 0.4093127 0.6971302 0.4093127 0.7044796 0.4251466 0.6971302 0.4440565 0.6971302 0.4440565 0.6888118 0.4440565 0.7044796 0.4251466 0.7044796 0.4251466 0.7112303 0.4251466 0.6888118 0.3618112 0.6888118 0.3618112 0.6888118 0.3405516 0.6888118 0.4440565 0.6888118 0.4440565 0.6888118 0.4251466 0.6888118 0.4251466 0.6888118 0.4251466 0.6888118 0.4093127 0.6888118 0.4093127 0.6888118 0.4093127 0.6888118 0.3934789 0.6888118 0.3934789 0.6888118 0.3934789 0.6888118 0.377645 0.7044796 0.4440565 0.7044796 0.4440565 0.6971302 0.4440565 0.6888118 0.377645 0.6888118 0.377645 0.6888118 0.3618112 0.7112303 0.4440565 0.7112303 0.4440565 0.7044796 0.4440565 0.6888118 0.4251466 0.6888118 0.4440565 0.6971302 0.4440565 0.7044796 0.4251466 0.7044796 0.4440565 0.7112303 0.4440565 0.6971302 0.4251466 0.6971302 0.4440565 0.7044796 0.4440565 0.6888118 0.3405516 0.6888118 0.3618112 0.6971302 0.3618112 0.6888118 0.3618112 0.6888118 0.377645 0.6971302 0.377645 0.6888118 0.377645 0.6888118 0.3934789 0.6971302 0.3934789 0.6888118 0.3934789 0.6888118 0.4093127 0.6971302 0.4093127 0.6888118 0.4093127 0.6888118 0.4251466 0.6971302 0.4251466 0.6971302 0.4440565 0.6888118 0.4440565 0.6888118 0.4251466 0.7112303 0.4440565 0.7044796 0.4440565 0.7044796 0.4251466 0.7044796 0.4440565 0.6971302 0.4440565 0.6971302 0.4251466 0.6971302 0.3618112 0.6888118 0.3618112 0.6888118 0.3405516 0.6971302 0.377645 0.6888118 0.377645 0.6888118 0.3618112 0.6971302 0.3934789 0.6888118 0.3934789 0.6888118 0.377645 0.6971302 0.4093127 0.6888118 0.4093127 0.6888118 0.3934789 0.6971302 0.4251466 0.6888118 0.4251466 0.6888118 0.4093127 0.6971302 0.4093127 0.6971302 0.3934789 0.6971302 0.3934789 0.6971302 0.3618112 0.6971302 0.3405516 0.6971302 0.3405516 0.6971302 0.3405516 0.6888118 0.3405516 0.6888118 0.3405516 0.6971302 0.3934789 0.6971302 0.377645 0.6971302 0.377645 0.6971302 0.377645 0.6971302 0.3618112 0.6971302 0.3618112 0.7044796 0.4251466 0.6971302 0.4093127 0.6971302 0.4093127 0.6888118 0.4440565 0.6971302 0.4440565 0.6971302 0.4440565 0.7112303 0.4251466 0.7044796 0.4251466 0.7044796 0.4251466 0.6888118 0.3405516 0.6888118 0.3618112 0.6888118 0.3618112 0.6888118 0.4251466 0.6888118 0.4440565 0.6888118 0.4440565 0.6888118 0.4093127 0.6888118 0.4251466 0.6888118 0.4251466 0.6888118 0.3934789 0.6888118 0.4093127 0.6888118 0.4093127 0.6888118 0.377645 0.6888118 0.3934789 0.6888118 0.3934789 0.6971302 0.4440565 0.7044796 0.4440565 0.7044796 0.4440565 0.6888118 0.3618112 0.6888118 0.377645 0.6888118 0.377645 0.7044796 0.4440565 0.7112303 0.4440565 0.7112303 0.4440565 0.8030747 0.557434 0.7867518 0.557434 0.7867518 0.525695 0.8531154 0.525695 0.8531154 0.557434 0.8367925 0.557434 0.7867518 0.525695 0.7867518 0.557434 0.8030747 0.557434 0.8367925 0.557434 0.8531154 0.557434 0.8531154 0.525695 0.8433942 0.5497722 0.8433942 0.5393465 0.8116552 0.5393465 0.8367925 0.5497722 0.8367925 0.5393465 0.8531154 0.5393465 0.8116552 0.5497722 0.8116552 0.5393465 0.8433942 0.5393465 0.7867518 0.5497722 0.7867518 0.5393465 0.8030747 0.5393465 0.8116552 0.5497722 0.8116552 0.5393465 0.8433942 0.5393465 0.8531154 0.5497722 0.8531154 0.5393465 0.8367925 0.5393465 0.8433942 0.5497722 0.8433942 0.5393465 0.8116552 0.5393465 0.8030747 0.5497722 0.8030747 0.5393465 0.7867518 0.5393465 0.6971302 0.4440565 0.6888118 0.4440565 0.6888118 0.4251466 0.7112303 0.4440565 0.7044796 0.4440565 0.7044796 0.4251466 0.7044796 0.4440565 0.6971302 0.4440565 0.6971302 0.4251466 0.6971302 0.3618112 0.6888118 0.3618112 0.6888118 0.3405516 0.6971302 0.377645 0.6888118 0.377645 0.6888118 0.3618112 0.6971302 0.3934789 0.6888118 0.3934789 0.6888118 0.377645 0.6971302 0.4093127 0.6888118 0.4093127 0.6888118 0.3934789 0.6971302 0.4251466 0.6888118 0.4251466 0.6888118 0.4093127 0.6888118 0.4251466 0.6888118 0.4440565 0.6971302 0.4440565 0.7044796 0.4251466 0.7044796 0.4440565 0.7112303 0.4440565 0.6971302 0.4251466 0.6971302 0.4440565 0.7044796 0.4440565 0.6888118 0.3405516 0.6888118 0.3618112 0.6971302 0.3618112 0.6888118 0.3618112 0.6888118 0.377645 0.6971302 0.377645 0.6888118 0.377645 0.6888118 0.3934789 0.6971302 0.3934789 0.6888118 0.3934789 0.6888118 0.4093127 0.6971302 0.4093127 0.6888118 0.4093127 0.6888118 0.4251466 0.6971302 0.4251466 0.6971302 0.3934789 0.6971302 0.3934789 0.6971302 0.4093127 0.6971302 0.3405516 0.6971302 0.3405516 0.6971302 0.3618112 0.6888118 0.3405516 0.6888118 0.3405516 0.6971302 0.3405516 0.6971302 0.377645 0.6971302 0.377645 0.6971302 0.3934789 0.6971302 0.3618112 0.6971302 0.3618112 0.6971302 0.377645 0.6971302 0.4093127 0.6971302 0.4093127 0.7044796 0.4251466 0.6971302 0.4440565 0.6971302 0.4440565 0.6888118 0.4440565 0.7044796 0.4251466 0.7044796 0.4251466 0.7112303 0.4251466 0.6888118 0.3618112 0.6888118 0.3618112 0.6888118 0.3405516 0.6888118 0.4440565 0.6888118 0.4440565 0.6888118 0.4251466 0.6888118 0.4251466 0.6888118 0.4251466 0.6888118 0.4093127 0.6888118 0.4093127 0.6888118 0.4093127 0.6888118 0.3934789 0.6888118 0.3934789 0.6888118 0.3934789 0.6888118 0.377645 0.7044796 0.4440565 0.7044796 0.4440565 0.6971302 0.4440565 0.6888118 0.377645 0.6888118 0.377645 0.6888118 0.3618112 0.7112303 0.4440565 0.7112303 0.4440565 0.7044796 0.4440565 0.6888118 0.4251466 0.6888118 0.4440565 0.6971302 0.4440565 0.7044796 0.4251466 0.7044796 0.4440565 0.7112303 0.4440565 0.6971302 0.4251466 0.6971302 0.4440565 0.7044796 0.4440565 0.6888118 0.3405516 0.6888118 0.3618112 0.6971302 0.3618112 0.6888118 0.3618112 0.6888118 0.377645 0.6971302 0.377645 0.6888118 0.377645 0.6888118 0.3934789 0.6971302 0.3934789 0.6888118 0.3934789 0.6888118 0.4093127 0.6971302 0.4093127 0.6888118 0.4093127 0.6888118 0.4251466 0.6971302 0.4251466 0.6971302 0.4440565 0.6888118 0.4440565 0.6888118 0.4251466 0.7112303 0.4440565 0.7044796 0.4440565 0.7044796 0.4251466 0.7044796 0.4440565 0.6971302 0.4440565 0.6971302 0.4251466 0.6971302 0.3618112 0.6888118 0.3618112 0.6888118 0.3405516 0.6971302 0.377645 0.6888118 0.377645 0.6888118 0.3618112 0.6971302 0.3934789 0.6888118 0.3934789 0.6888118 0.377645 0.6971302 0.4093127 0.6888118 0.4093127 0.6888118 0.3934789 0.6971302 0.4251466 0.6888118 0.4251466 0.6888118 0.4093127 0.6971302 0.4093127 0.6971302 0.3934789 0.6971302 0.3934789 0.6971302 0.3618112 0.6971302 0.3405516 0.6971302 0.3405516 0.6971302 0.3405516 0.6888118 0.3405516 0.6888118 0.3405516 0.6971302 0.3934789 0.6971302 0.377645 0.6971302 0.377645 0.6971302 0.377645 0.6971302 0.3618112 0.6971302 0.3618112 0.7044796 0.4251466 0.6971302 0.4093127 0.6971302 0.4093127 0.6888118 0.4440565 0.6971302 0.4440565 0.6971302 0.4440565 0.7112303 0.4251466 0.7044796 0.4251466 0.7044796 0.4251466 0.6888118 0.3405516 0.6888118 0.3618112 0.6888118 0.3618112 0.6888118 0.4251466 0.6888118 0.4440565 0.6888118 0.4440565 0.6888118 0.4093127 0.6888118 0.4251466 0.6888118 0.4251466 0.6888118 0.3934789 0.6888118 0.4093127 0.6888118 0.4093127 0.6888118 0.377645 0.6888118 0.3934789 0.6888118 0.3934789 0.6971302 0.4440565 0.7044796 0.4440565 0.7044796 0.4440565 0.6888118 0.3618112 0.6888118 0.377645 0.6888118 0.377645 0.7044796 0.4440565 0.7112303 0.4440565 0.7112303 0.4440565 0.8030747 0.557434 0.7867518 0.557434 0.7867518 0.525695 0.8531154 0.525695 0.8531154 0.557434 0.8367925 0.557434 0.7867518 0.525695 0.7867518 0.557434 0.8030747 0.557434 0.8367925 0.557434 0.8531154 0.557434 0.8531154 0.525695 0.8433942 0.5497722 0.8433942 0.5393465 0.8116552 0.5393465 0.8367925 0.5497722 0.8367925 0.5393465 0.8531154 0.5393465 0.8116552 0.5497722 0.8116552 0.5393465 0.8433942 0.5393465 0.7867518 0.5497722 0.7867518 0.5393465 0.8030747 0.5393465 0.8116552 0.5497722 0.8116552 0.5393465 0.8433942 0.5393465 0.8531154 0.5497722 0.8531154 0.5393465 0.8367925 0.5393465 0.8433942 0.5497722 0.8433942 0.5393465 0.8116552 0.5393465 0.8030747 0.5497722 0.8030747 0.5393465 0.7867518 0.5393465 0.6888118 0.4251466 0.6888118 0.4440565 0.6971302 0.4440565 0.7044796 0.4251466 0.7044796 0.4440565 0.7112303 0.4440565 0.6971302 0.4251466 0.6971302 0.4440565 0.7044796 0.4440565 0.6888118 0.3405516 0.6888118 0.3618112 0.6971302 0.3618112 0.6888118 0.3618112 0.6888118 0.377645 0.6971302 0.377645 0.6888118 0.377645 0.6888118 0.3934789 0.6971302 0.3934789 0.6888118 0.3934789 0.6888118 0.4093127 0.6971302 0.4093127 0.6888118 0.4093127 0.6888118 0.4251466 0.6971302 0.4251466 0.6971302 0.4440565 0.6888118 0.4440565 0.6888118 0.4251466 0.7112303 0.4440565 0.7044796 0.4440565 0.7044796 0.4251466 0.7044796 0.4440565 0.6971302 0.4440565 0.6971302 0.4251466 0.6971302 0.3618112 0.6888118 0.3618112 0.6888118 0.3405516 0.6971302 0.377645 0.6888118 0.377645 0.6888118 0.3618112 0.6971302 0.3934789 0.6888118 0.3934789 0.6888118 0.377645 0.6971302 0.4093127 0.6888118 0.4093127 0.6888118 0.3934789 0.6971302 0.4251466 0.6888118 0.4251466 0.6888118 0.4093127 0.6971302 0.4093127 0.6971302 0.3934789 0.6971302 0.3934789 0.6971302 0.3618112 0.6971302 0.3405516 0.6971302 0.3405516 0.6971302 0.3405516 0.6888118 0.3405516 0.6888118 0.3405516 0.6971302 0.3934789 0.6971302 0.377645 0.6971302 0.377645 0.6971302 0.377645 0.6971302 0.3618112 0.6971302 0.3618112 0.7044796 0.4251466 0.6971302 0.4093127 0.6971302 0.4093127 0.6888118 0.4440565 0.6971302 0.4440565 0.6971302 0.4440565 0.7112303 0.4251466 0.7044796 0.4251466 0.7044796 0.4251466 0.6888118 0.3405516 0.6888118 0.3618112 0.6888118 0.3618112 0.6888118 0.4251466 0.6888118 0.4440565 0.6888118 0.4440565 0.6888118 0.4093127 0.6888118 0.4251466 0.6888118 0.4251466 0.6888118 0.3934789 0.6888118 0.4093127 0.6888118 0.4093127 0.6888118 0.377645 0.6888118 0.3934789 0.6888118 0.3934789 0.6971302 0.4440565 0.7044796 0.4440565 0.7044796 0.4440565 0.6888118 0.3618112 0.6888118 0.377645 0.6888118 0.377645 0.7044796 0.4440565 0.7112303 0.4440565 0.7112303 0.4440565 0.6971302 0.4440565 0.6888118 0.4440565 0.6888118 0.4251466 0.7112303 0.4440565 0.7044796 0.4440565 0.7044796 0.4251466 0.7044796 0.4440565 0.6971302 0.4440565 0.6971302 0.4251466 0.6971302 0.3618112 0.6888118 0.3618112 0.6888118 0.3405516 0.6971302 0.377645 0.6888118 0.377645 0.6888118 0.3618112 0.6971302 0.3934789 0.6888118 0.3934789 0.6888118 0.377645 0.6971302 0.4093127 0.6888118 0.4093127 0.6888118 0.3934789 0.6971302 0.4251466 0.6888118 0.4251466 0.6888118 0.4093127 0.6888118 0.4251466 0.6888118 0.4440565 0.6971302 0.4440565 0.7044796 0.4251466 0.7044796 0.4440565 0.7112303 0.4440565 0.6971302 0.4251466 0.6971302 0.4440565 0.7044796 0.4440565 0.6888118 0.3405516 0.6888118 0.3618112 0.6971302 0.3618112 0.6888118 0.3618112 0.6888118 0.377645 0.6971302 0.377645 0.6888118 0.377645 0.6888118 0.3934789 0.6971302 0.3934789 0.6888118 0.3934789 0.6888118 0.4093127 0.6971302 0.4093127 0.6888118 0.4093127 0.6888118 0.4251466 0.6971302 0.4251466 0.6971302 0.3934789 0.6971302 0.3934789 0.6971302 0.4093127 0.6971302 0.3405516 0.6971302 0.3405516 0.6971302 0.3618112 0.6888118 0.3405516 0.6888118 0.3405516 0.6971302 0.3405516 0.6971302 0.377645 0.6971302 0.377645 0.6971302 0.3934789 0.6971302 0.3618112 0.6971302 0.3618112 0.6971302 0.377645 0.6971302 0.4093127 0.6971302 0.4093127 0.7044796 0.4251466 0.6971302 0.4440565 0.6971302 0.4440565 0.6888118 0.4440565 0.7044796 0.4251466 0.7044796 0.4251466 0.7112303 0.4251466 0.6888118 0.3618112 0.6888118 0.3618112 0.6888118 0.3405516 0.6888118 0.4440565 0.6888118 0.4440565 0.6888118 0.4251466 0.6888118 0.4251466 0.6888118 0.4251466 0.6888118 0.4093127 0.6888118 0.4093127 0.6888118 0.4093127 0.6888118 0.3934789 0.6888118 0.3934789 0.6888118 0.3934789 0.6888118 0.377645 0.7044796 0.4440565 0.7044796 0.4440565 0.6971302 0.4440565 0.6888118 0.377645 0.6888118 0.377645 0.6888118 0.3618112 0.7112303 0.4440565 0.7112303 0.4440565 0.7044796 0.4440565 0.7867518 0.525695 0.7867518 0.557434 0.8030747 0.557434 0.8367925 0.557434 0.8531154 0.557434 0.8531154 0.525695 0.8030747 0.557434 0.7867518 0.557434 0.7867518 0.525695 0.8531154 0.525695 0.8531154 0.557434 0.8367925 0.557434 0.8116552 0.5393465 0.8433942 0.5393465 0.8433942 0.5497722 0.8531154 0.5393465 0.8367925 0.5393465 0.8367925 0.5497722 0.8433942 0.5393465 0.8116552 0.5393465 0.8116552 0.5497722 0.8030747 0.5393465 0.7867518 0.5393465 0.7867518 0.5497722 0.8433942 0.5393465 0.8116552 0.5393465 0.8116552 0.5497722 0.8367925 0.5393465 0.8531154 0.5393465 0.8531154 0.5497722 0.8116552 0.5393465 0.8433942 0.5393465 0.8433942 0.5497722 0.7867518 0.5393465 0.8030747 0.5393465 0.8030747 0.5497722 0.6888118 0.4251466 0.6888118 0.4440565 0.6971302 0.4440565 0.7044796 0.4251466 0.7044796 0.4440565 0.7112303 0.4440565 0.6971302 0.4251466 0.6971302 0.4440565 0.7044796 0.4440565 0.6888118 0.3405516 0.6888118 0.3618112 0.6971302 0.3618112 0.6888118 0.3618112 0.6888118 0.377645 0.6971302 0.377645 0.6888118 0.377645 0.6888118 0.3934789 0.6971302 0.3934789 0.6888118 0.3934789 0.6888118 0.4093127 0.6971302 0.4093127 0.6888118 0.4093127 0.6888118 0.4251466 0.6971302 0.4251466 0.6971302 0.4440565 0.6888118 0.4440565 0.6888118 0.4251466 0.7112303 0.4440565 0.7044796 0.4440565 0.7044796 0.4251466 0.7044796 0.4440565 0.6971302 0.4440565 0.6971302 0.4251466 0.6971302 0.3618112 0.6888118 0.3618112 0.6888118 0.3405516 0.6971302 0.377645 0.6888118 0.377645 0.6888118 0.3618112 0.6971302 0.3934789 0.6888118 0.3934789 0.6888118 0.377645 0.6971302 0.4093127 0.6888118 0.4093127 0.6888118 0.3934789 0.6971302 0.4251466 0.6888118 0.4251466 0.6888118 0.4093127 0.6971302 0.4093127 0.6971302 0.3934789 0.6971302 0.3934789 0.6971302 0.3618112 0.6971302 0.3405516 0.6971302 0.3405516 0.6971302 0.3405516 0.6888118 0.3405516 0.6888118 0.3405516 0.6971302 0.3934789 0.6971302 0.377645 0.6971302 0.377645 0.6971302 0.377645 0.6971302 0.3618112 0.6971302 0.3618112 0.7044796 0.4251466 0.6971302 0.4093127 0.6971302 0.4093127 0.6888118 0.4440565 0.6971302 0.4440565 0.6971302 0.4440565 0.7112303 0.4251466 0.7044796 0.4251466 0.7044796 0.4251466 0.6888118 0.3405516 0.6888118 0.3618112 0.6888118 0.3618112 0.6888118 0.4251466 0.6888118 0.4440565 0.6888118 0.4440565 0.6888118 0.4093127 0.6888118 0.4251466 0.6888118 0.4251466 0.6888118 0.3934789 0.6888118 0.4093127 0.6888118 0.4093127 0.6888118 0.377645 0.6888118 0.3934789 0.6888118 0.3934789 0.6971302 0.4440565 0.7044796 0.4440565 0.7044796 0.4440565 0.6888118 0.3618112 0.6888118 0.377645 0.6888118 0.377645 0.7044796 0.4440565 0.7112303 0.4440565 0.7112303 0.4440565 0.6971302 0.4440565 0.6888118 0.4440565 0.6888118 0.4251466 0.7112303 0.4440565 0.7044796 0.4440565 0.7044796 0.4251466 0.7044796 0.4440565 0.6971302 0.4440565 0.6971302 0.4251466 0.6971302 0.3618112 0.6888118 0.3618112 0.6888118 0.3405516 0.6971302 0.377645 0.6888118 0.377645 0.6888118 0.3618112 0.6971302 0.3934789 0.6888118 0.3934789 0.6888118 0.377645 0.6971302 0.4093127 0.6888118 0.4093127 0.6888118 0.3934789 0.6971302 0.4251466 0.6888118 0.4251466 0.6888118 0.4093127 0.6888118 0.4251466 0.6888118 0.4440565 0.6971302 0.4440565 0.7044796 0.4251466 0.7044796 0.4440565 0.7112303 0.4440565 0.6971302 0.4251466 0.6971302 0.4440565 0.7044796 0.4440565 0.6888118 0.3405516 0.6888118 0.3618112 0.6971302 0.3618112 0.6888118 0.3618112 0.6888118 0.377645 0.6971302 0.377645 0.6888118 0.377645 0.6888118 0.3934789 0.6971302 0.3934789 0.6888118 0.3934789 0.6888118 0.4093127 0.6971302 0.4093127 0.6888118 0.4093127 0.6888118 0.4251466 0.6971302 0.4251466 0.6971302 0.3934789 0.6971302 0.3934789 0.6971302 0.4093127 0.6971302 0.3405516 0.6971302 0.3405516 0.6971302 0.3618112 0.6888118 0.3405516 0.6888118 0.3405516 0.6971302 0.3405516 0.6971302 0.377645 0.6971302 0.377645 0.6971302 0.3934789 0.6971302 0.3618112 0.6971302 0.3618112 0.6971302 0.377645 0.6971302 0.4093127 0.6971302 0.4093127 0.7044796 0.4251466 0.6971302 0.4440565 0.6971302 0.4440565 0.6888118 0.4440565 0.7044796 0.4251466 0.7044796 0.4251466 0.7112303 0.4251466 0.6888118 0.3618112 0.6888118 0.3618112 0.6888118 0.3405516 0.6888118 0.4440565 0.6888118 0.4440565 0.6888118 0.4251466 0.6888118 0.4251466 0.6888118 0.4251466 0.6888118 0.4093127 0.6888118 0.4093127 0.6888118 0.4093127 0.6888118 0.3934789 0.6888118 0.3934789 0.6888118 0.3934789 0.6888118 0.377645 0.7044796 0.4440565 0.7044796 0.4440565 0.6971302 0.4440565 0.6888118 0.377645 0.6888118 0.377645 0.6888118 0.3618112 0.7112303 0.4440565 0.7112303 0.4440565 0.7044796 0.4440565 0.7867518 0.525695 0.7867518 0.557434 0.8030747 0.557434 0.8367925 0.557434 0.8531154 0.557434 0.8531154 0.525695 0.8030747 0.557434 0.7867518 0.557434 0.7867518 0.525695 0.8531154 0.525695 0.8531154 0.557434 0.8367925 0.557434 0.8116552 0.5393465 0.8433942 0.5393465 0.8433942 0.5497722 0.8531154 0.5393465 0.8367925 0.5393465 0.8367925 0.5497722 0.8433942 0.5393465 0.8116552 0.5393465 0.8116552 0.5497722 0.8030747 0.5393465 0.7867518 0.5393465 0.7867518 0.5497722 0.8433942 0.5393465 0.8116552 0.5393465 0.8116552 0.5497722 0.8367925 0.5393465 0.8531154 0.5393465 0.8531154 0.5497722 0.8116552 0.5393465 0.8433942 0.5393465 0.8433942 0.5497722 0.7867518 0.5393465 0.8030747 0.5393465 0.8030747 0.5497722 0.3204339 0.9707533 0.3003453 0.9917637 0.3003453 0.8395005 0.3457691 0.9707533 0.3658577 0.9917637 0.3003453 0.9917637 0.3204339 0.8605108 0.3003453 0.8395005 0.3658577 0.8395003 0.3457691 0.8605108 0.3658577 0.8395003 0.3658577 0.9917637 0.9719873 0.590834 0.9561948 0.590834 0.9561948 0.5435432 0.3204339 0.9707533 0.3204339 0.9707533 0.3457691 0.9707533 0.3204339 0.8605108 0.3204339 0.8605108 0.3204339 0.9707533 0.3457691 0.9707533 0.3457691 0.9707533 0.3457691 0.8605108 0.6890358 0.2506909 0.6890358 0.3330663 0.6384948 0.3330663 0.3003453 0.8395005 0.3003453 0.9917637 0.3204339 0.9707533 0.3003453 0.9917637 0.3658577 0.9917637 0.3457691 0.9707533 0.3658577 0.8395003 0.3003453 0.8395005 0.3204339 0.8605108 0.3658577 0.9917637 0.3658577 0.8395003 0.3457691 0.8605108 0.9561948 0.5435432 0.9561948 0.590834 0.9719873 0.590834 0.3457691 0.9707533 0.3204339 0.9707533 0.3204339 0.9707533 0.3204339 0.9707533 0.3204339 0.8605108 0.3204339 0.8605108 0.3457691 0.8605108 0.3457691 0.9707533 0.3457691 0.9707533 0.6384948 0.3330663 0.6890358 0.3330663 0.6890358 0.2506909 0.3097513 0.8631826 0.3097513 0.9948481 0.3656836 0.9948481 0.3097513 0.9948481 0.3097513 0.8631826 0.3656836 0.8631826 0.6838738 0.2547706 0.6838738 0.3268631 0.6009964 0.3268631 0.6009964 0.2547706 0.6009964 0.3268631 0.518119 0.3268631 0.6009964 0.3268631 0.6838738 0.3268631 0.6838738 0.2547706 0.518119 0.3268631 0.6009964 0.3268631 0.6009964 0.2547706 0.1233182 0.6317574 0.1274564 0.6317574 0.1274564 0.5979565 0.1992415 0.5220333 0.1992415 0.5261715 0.161998 0.5261715 0.518119 0.2547706 0.518119 0.2547706 0.6009964 0.2547706 0.1233182 0.5979565 0.1274564 0.5979565 0.1274564 0.6317574 0.236485 0.5220333 0.236485 0.5261715 0.1992415 0.5261715 0.6009964 0.2547706 0.6009964 0.2547706 0.6838738 0.2547706 0.0805664 0.5330132 0.0805664 0.6443765 0.00420165 0.6443765 0.08027106 0.5330132 0.08027106 0.6443765 0.00390625 0.6443765 0.9462661 0.3351135 0.8984572 0.3351135 0.8984572 0.2518294 0.8984572 0.2518294 0.8984572 0.3351135 0.9462661 0.3351135 0.6838738 0.2547706 0.6838738 0.3268631 0.6009964 0.3268631 0.6009964 0.3268631 0.6838738 0.3268631 0.6838738 0.2547706 0.1233182 0.5979565 0.1274564 0.5979565 0.1274564 0.6317574 0.236485 0.5220333 0.236485 0.5261715 0.1992415 0.5261715 0.6009964 0.3268631 0.6838738 0.3268631 0.6838738 0.2547706 0.6838738 0.2547706 0.6838738 0.3268631 0.6009964 0.3268631 0.1274564 0.6317574 0.1274564 0.5979565 0.1233182 0.5979565 0.1992415 0.5261715 0.236485 0.5261715 0.236485 0.5220333 0.09889978 0.62233 0.09889978 0.5376567 0.09676158 0.5376567 0.0955317 0.5376567 0.09339356 0.5376567 0.09339356 0.62233 0.09676158 0.5376567 0.09889978 0.5376567 0.09889978 0.62233 0.09339356 0.62233 0.09339356 0.5376567 0.0955317 0.5376567 0.09889978 0.5594943 0.09889978 0.5537484 0.09676158 0.5537484 0.09586441 0.5376567 0.09011846 0.5376567 0.09011846 0.62233 0.09339356 0.5594943 0.09339356 0.5537484 0.0955317 0.5537484 0.09586441 0.5376567 0.09011846 0.5376567 0.09011846 0.62233 0.09676158 0.5594943 0.09676158 0.5537484 0.09889978 0.5537484 0.09586441 0.62233 0.09011846 0.62233 0.09011846 0.5376567 0.0955317 0.5594943 0.0955317 0.5537484 0.09339356 0.5537484 0.09586441 0.62233 0.09011846 0.62233 0.09011846 0.5376567 0.3837143 0.9360933 0.4027507 0.9360933 0.4027507 0.8419526 0.2694962 0.9360933 0.2885326 0.9360933 0.2885326 0.8419526 0.364678 0.9360933 0.3837143 0.9360933 0.3837144 0.8419526 0.8938049 0.2521255 0.8938049 0.3427033 0.9573193 0.3427033 0.6971302 0.4440565 0.6888118 0.4440565 0.6888118 0.4251466 0.7112303 0.4440565 0.7044796 0.4440565 0.7044796 0.4251466 0.7044796 0.4440565 0.6971302 0.4440565 0.6971302 0.4251466 0.6971302 0.3618112 0.6888118 0.3618112 0.6888118 0.3405516 0.6971302 0.377645 0.6888118 0.377645 0.6888118 0.3618112 0.6971302 0.3934789 0.6888118 0.3934789 0.6888118 0.377645 0.6971302 0.4093127 0.6888118 0.4093127 0.6888118 0.3934789 0.6971302 0.4251466 0.6888118 0.4251466 0.6888118 0.4093127 0.6888118 0.4251466 0.6888118 0.4440565 0.6971302 0.4440565 0.7044796 0.4251466 0.7044796 0.4440565 0.7112303 0.4440565 0.6971302 0.4251466 0.6971302 0.4440565 0.7044796 0.4440565 0.6888118 0.3405516 0.6888118 0.3618112 0.6971302 0.3618112 0.6888118 0.3618112 0.6888118 0.377645 0.6971302 0.377645 0.6888118 0.377645 0.6888118 0.3934789 0.6971302 0.3934789 0.6888118 0.3934789 0.6888118 0.4093127 0.6971302 0.4093127 0.6888118 0.4093127 0.6888118 0.4251466 0.6971302 0.4251466 0.6971302 0.3934789 0.6971302 0.3934789 0.6971302 0.4093127 0.6971302 0.3405516 0.6971302 0.3405516 0.6971302 0.3618112 0.6888118 0.3405516 0.6888118 0.3405516 0.6971302 0.3405516 0.6971302 0.377645 0.6971302 0.377645 0.6971302 0.3934789 0.6971302 0.3618112 0.6971302 0.3618112 0.6971302 0.377645 0.6971302 0.4093127 0.6971302 0.4093127 0.7044796 0.4251466 0.6971302 0.4440565 0.6971302 0.4440565 0.6888118 0.4440565 0.7044796 0.4251466 0.7044796 0.4251466 0.7112303 0.4251466 0.6888118 0.3618112 0.6888118 0.3618112 0.6888118 0.3405516 0.6888118 0.4440565 0.6888118 0.4440565 0.6888118 0.4251466 0.6888118 0.4251466 0.6888118 0.4251466 0.6888118 0.4093127 0.6888118 0.4093127 0.6888118 0.4093127 0.6888118 0.3934789 0.6888118 0.3934789 0.6888118 0.3934789 0.6888118 0.377645 0.7044796 0.4440565 0.7044796 0.4440565 0.6971302 0.4440565 0.6888118 0.377645 0.6888118 0.377645 0.6888118 0.3618112 0.7112303 0.4440565 0.7112303 0.4440565 0.7044796 0.4440565 0.6888118 0.4251466 0.6888118 0.4440565 0.6971302 0.4440565 0.7044796 0.4251466 0.7044796 0.4440565 0.7112303 0.4440565 0.6971302 0.4251466 0.6971302 0.4440565 0.7044796 0.4440565 0.6888118 0.3405516 0.6888118 0.3618112 0.6971302 0.3618112 0.6888118 0.3618112 0.6888118 0.377645 0.6971302 0.377645 0.6888118 0.377645 0.6888118 0.3934789 0.6971302 0.3934789 0.6888118 0.3934789 0.6888118 0.4093127 0.6971302 0.4093127 0.6888118 0.4093127 0.6888118 0.4251466 0.6971302 0.4251466 0.6971302 0.4440565 0.6888118 0.4440565 0.6888118 0.4251466 0.7112303 0.4440565 0.7044796 0.4440565 0.7044796 0.4251466 0.7044796 0.4440565 0.6971302 0.4440565 0.6971302 0.4251466 0.6971302 0.3618112 0.6888118 0.3618112 0.6888118 0.3405516 0.6971302 0.377645 0.6888118 0.377645 0.6888118 0.3618112 0.6971302 0.3934789 0.6888118 0.3934789 0.6888118 0.377645 0.6971302 0.4093127 0.6888118 0.4093127 0.6888118 0.3934789 0.6971302 0.4251466 0.6888118 0.4251466 0.6888118 0.4093127 0.6971302 0.4093127 0.6971302 0.3934789 0.6971302 0.3934789 0.6971302 0.3618112 0.6971302 0.3405516 0.6971302 0.3405516 0.6971302 0.3405516 0.6888118 0.3405516 0.6888118 0.3405516 0.6971302 0.3934789 0.6971302 0.377645 0.6971302 0.377645 0.6971302 0.377645 0.6971302 0.3618112 0.6971302 0.3618112 0.7044796 0.4251466 0.6971302 0.4093127 0.6971302 0.4093127 0.6888118 0.4440565 0.6971302 0.4440565 0.6971302 0.4440565 0.7112303 0.4251466 0.7044796 0.4251466 0.7044796 0.4251466 0.6888118 0.3405516 0.6888118 0.3618112 0.6888118 0.3618112 0.6888118 0.4251466 0.6888118 0.4440565 0.6888118 0.4440565 0.6888118 0.4093127 0.6888118 0.4251466 0.6888118 0.4251466 0.6888118 0.3934789 0.6888118 0.4093127 0.6888118 0.4093127 0.6888118 0.377645 0.6888118 0.3934789 0.6888118 0.3934789 0.6971302 0.4440565 0.7044796 0.4440565 0.7044796 0.4440565 0.6888118 0.3618112 0.6888118 0.377645 0.6888118 0.377645 0.7044796 0.4440565 0.7112303 0.4440565 0.7112303 0.4440565 0.8030747 0.557434 0.7867518 0.557434 0.7867518 0.525695 0.8531154 0.525695 0.8531154 0.557434 0.8367925 0.557434 0.7867518 0.525695 0.7867518 0.557434 0.8030747 0.557434 0.8367925 0.557434 0.8531154 0.557434 0.8531154 0.525695 0.8433942 0.5497722 0.8433942 0.5393465 0.8116552 0.5393465 0.8367925 0.5497722 0.8367925 0.5393465 0.8531154 0.5393465 0.8116552 0.5497722 0.8116552 0.5393465 0.8433942 0.5393465 0.7867518 0.5497722 0.7867518 0.5393465 0.8030747 0.5393465 0.8116552 0.5497722 0.8116552 0.5393465 0.8433942 0.5393465 0.8531154 0.5497722 0.8531154 0.5393465 0.8367925 0.5393465 0.8433942 0.5497722 0.8433942 0.5393465 0.8116552 0.5393465 0.8030747 0.5497722 0.8030747 0.5393465 0.7867518 0.5393465 0.4027507 0.8419526 0.4027507 0.9360933 0.3837143 0.9360933 0.2885326 0.8419526 0.2885326 0.9360933 0.2694962 0.9360933 0.3837144 0.8419526 0.3837143 0.9360933 0.364678 0.9360933 0.9573193 0.3427033 0.8938049 0.3427033 0.8938049 0.2521255 0.6888118 0.4251466 0.6888118 0.4440565 0.6971302 0.4440565 0.7044796 0.4251466 0.7044796 0.4440565 0.7112303 0.4440565 0.6971302 0.4251466 0.6971302 0.4440565 0.7044796 0.4440565 0.6888118 0.3405516 0.6888118 0.3618112 0.6971302 0.3618112 0.6888118 0.3618112 0.6888118 0.377645 0.6971302 0.377645 0.6888118 0.377645 0.6888118 0.3934789 0.6971302 0.3934789 0.6888118 0.3934789 0.6888118 0.4093127 0.6971302 0.4093127 0.6888118 0.4093127 0.6888118 0.4251466 0.6971302 0.4251466 0.6971302 0.4440565 0.6888118 0.4440565 0.6888118 0.4251466 0.7112303 0.4440565 0.7044796 0.4440565 0.7044796 0.4251466 0.7044796 0.4440565 0.6971302 0.4440565 0.6971302 0.4251466 0.6971302 0.3618112 0.6888118 0.3618112 0.6888118 0.3405516 0.6971302 0.377645 0.6888118 0.377645 0.6888118 0.3618112 0.6971302 0.3934789 0.6888118 0.3934789 0.6888118 0.377645 0.6971302 0.4093127 0.6888118 0.4093127 0.6888118 0.3934789 0.6971302 0.4251466 0.6888118 0.4251466 0.6888118 0.4093127 0.6971302 0.4093127 0.6971302 0.3934789 0.6971302 0.3934789 0.6971302 0.3618112 0.6971302 0.3405516 0.6971302 0.3405516 0.6971302 0.3405516 0.6888118 0.3405516 0.6888118 0.3405516 0.6971302 0.3934789 0.6971302 0.377645 0.6971302 0.377645 0.6971302 0.377645 0.6971302 0.3618112 0.6971302 0.3618112 0.7044796 0.4251466 0.6971302 0.4093127 0.6971302 0.4093127 0.6888118 0.4440565 0.6971302 0.4440565 0.6971302 0.4440565 0.7112303 0.4251466 0.7044796 0.4251466 0.7044796 0.4251466 0.6888118 0.3405516 0.6888118 0.3618112 0.6888118 0.3618112 0.6888118 0.4251466 0.6888118 0.4440565 0.6888118 0.4440565 0.6888118 0.4093127 0.6888118 0.4251466 0.6888118 0.4251466 0.6888118 0.3934789 0.6888118 0.4093127 0.6888118 0.4093127 0.6888118 0.377645 0.6888118 0.3934789 0.6888118 0.3934789 0.6971302 0.4440565 0.7044796 0.4440565 0.7044796 0.4440565 0.6888118 0.3618112 0.6888118 0.377645 0.6888118 0.377645 0.7044796 0.4440565 0.7112303 0.4440565 0.7112303 0.4440565 0.6971302 0.4440565 0.6888118 0.4440565 0.6888118 0.4251466 0.7112303 0.4440565 0.7044796 0.4440565 0.7044796 0.4251466 0.7044796 0.4440565 0.6971302 0.4440565 0.6971302 0.4251466 0.6971302 0.3618112 0.6888118 0.3618112 0.6888118 0.3405516 0.6971302 0.377645 0.6888118 0.377645 0.6888118 0.3618112 0.6971302 0.3934789 0.6888118 0.3934789 0.6888118 0.377645 0.6971302 0.4093127 0.6888118 0.4093127 0.6888118 0.3934789 0.6971302 0.4251466 0.6888118 0.4251466 0.6888118 0.4093127 0.6888118 0.4251466 0.6888118 0.4440565 0.6971302 0.4440565 0.7044796 0.4251466 0.7044796 0.4440565 0.7112303 0.4440565 0.6971302 0.4251466 0.6971302 0.4440565 0.7044796 0.4440565 0.6888118 0.3405516 0.6888118 0.3618112 0.6971302 0.3618112 0.6888118 0.3618112 0.6888118 0.377645 0.6971302 0.377645 0.6888118 0.377645 0.6888118 0.3934789 0.6971302 0.3934789 0.6888118 0.3934789 0.6888118 0.4093127 0.6971302 0.4093127 0.6888118 0.4093127 0.6888118 0.4251466 0.6971302 0.4251466 0.6971302 0.3934789 0.6971302 0.3934789 0.6971302 0.4093127 0.6971302 0.3405516 0.6971302 0.3405516 0.6971302 0.3618112 0.6888118 0.3405516 0.6888118 0.3405516 0.6971302 0.3405516 0.6971302 0.377645 0.6971302 0.377645 0.6971302 0.3934789 0.6971302 0.3618112 0.6971302 0.3618112 0.6971302 0.377645 0.6971302 0.4093127 0.6971302 0.4093127 0.7044796 0.4251466 0.6971302 0.4440565 0.6971302 0.4440565 0.6888118 0.4440565 0.7044796 0.4251466 0.7044796 0.4251466 0.7112303 0.4251466 0.6888118 0.3618112 0.6888118 0.3618112 0.6888118 0.3405516 0.6888118 0.4440565 0.6888118 0.4440565 0.6888118 0.4251466 0.6888118 0.4251466 0.6888118 0.4251466 0.6888118 0.4093127 0.6888118 0.4093127 0.6888118 0.4093127 0.6888118 0.3934789 0.6888118 0.3934789 0.6888118 0.3934789 0.6888118 0.377645 0.7044796 0.4440565 0.7044796 0.4440565 0.6971302 0.4440565 0.6888118 0.377645 0.6888118 0.377645 0.6888118 0.3618112 0.7112303 0.4440565 0.7112303 0.4440565 0.7044796 0.4440565 0.7867518 0.525695 0.7867518 0.557434 0.8030747 0.557434 0.8367925 0.557434 0.8531154 0.557434 0.8531154 0.525695 0.8030747 0.557434 0.7867518 0.557434 0.7867518 0.525695 0.8531154 0.525695 0.8531154 0.557434 0.8367925 0.557434 0.8116552 0.5393465 0.8433942 0.5393465 0.8433942 0.5497722 0.8531154 0.5393465 0.8367925 0.5393465 0.8367925 0.5497722 0.8433942 0.5393465 0.8116552 0.5393465 0.8116552 0.5497722 0.8030747 0.5393465 0.7867518 0.5393465 0.7867518 0.5497722 0.8433942 0.5393465 0.8116552 0.5393465 0.8116552 0.5497722 0.8367925 0.5393465 0.8531154 0.5393465 0.8531154 0.5497722 0.8116552 0.5393465 0.8433942 0.5393465 0.8433942 0.5497722 0.7867518 0.5393465 0.8030747 0.5393465 0.8030747 0.5497722 0.7469193 0.9924334 0.7469193 0.7368364 0.9066675 0.7368364 0.7494155 0.9924334 0.7494155 0.7368364 0.9091636 0.7368364 0.7469194 0.9924334 0.7469194 0.7368364 0.9066675 0.7368364 0.7419272 0.9924334 0.7419272 0.7368364 0.9016754 0.7368364 0.7110883 0.6498963 0.6623141 0.6498963 0.6623141 0.6817786 0.857411 0.6498963 0.8086368 0.6498963 0.8086368 0.6817786 0.7598626 0.6498963 0.8086368 0.6498963 0.8086368 0.6817786 0.7598626 0.6498963 0.7110883 0.6498963 0.7110883 0.6817786 0.7185788 0.6498963 0.8011463 0.6498963 0.8011463 0.6817786 0.7110883 0.6498963 0.7598626 0.6498963 0.7598626 0.6817786 0.8086368 0.6498963 0.7598626 0.6498963 0.7598626 0.6817786 0.6623141 0.6498963 0.7110883 0.6498963 0.7110883 0.6817786 0.8011463 0.6498963 0.7185788 0.6498963 0.7185788 0.6817786 0.8086368 0.6498963 0.857411 0.6498963 0.857411 0.6817786 0.07931411 0.171692 0.01185333 0.171692 0.01185333 0.2639479 0.2816964 0.171692 0.2142356 0.171692 0.2142356 0.2639479 0.1467748 0.171692 0.2142356 0.171692 0.2142356 0.2639479 0.1467748 0.171692 0.07931411 0.171692 0.07931411 0.2639479 0.08967429 0.171692 0.2038754 0.171692 0.2038754 0.2639479 0.07931411 0.171692 0.1467748 0.171692 0.1467748 0.2639479 0.2142356 0.171692 0.1467748 0.171692 0.1467748 0.2639479 0.01185333 0.171692 0.07931411 0.171692 0.07931411 0.2639479 0.2038754 0.171692 0.08967429 0.171692 0.08967429 0.2639479 0.2142356 0.171692 0.2816964 0.171692 0.2816964 0.2639479 0.1984114 0.7368364 0.1984114 0.8605577 0.0706129 0.8605577 0.04365539 0.7368364 0.2034036 0.7368364 0.171454 0.8605577 0.6838738 0.2547706 0.6838738 0.3268631 0.6009964 0.3268631 0.6009964 0.2547706 0.6009964 0.3268631 0.518119 0.3268631 0.6009964 0.3268631 0.6838738 0.3268631 0.6838738 0.2547706 0.518119 0.3268631 0.6009964 0.3268631 0.6009964 0.2547706 0.1233182 0.6317574 0.1274564 0.6317574 0.1274564 0.5979565 0.1992415 0.5220333 0.1992415 0.5261715 0.161998 0.5261715 0.6009964 0.2547706 0.518119 0.2547706 0.518119 0.2547706 0.1233182 0.5979565 0.1274564 0.5979565 0.1274564 0.6317574 0.236485 0.5220333 0.236485 0.5261715 0.1992415 0.5261715 0.6838738 0.2547706 0.6009964 0.2547706 0.6009964 0.2547706 0.6838738 0.2547706 0.6838738 0.3268631 0.6009964 0.3268631 0.6009964 0.3268631 0.6838738 0.3268631 0.6838738 0.2547706 0.1233182 0.5979565 0.1274564 0.5979565 0.1274564 0.6317574 0.236485 0.5220333 0.236485 0.5261715 0.1992415 0.5261715 0.6009964 0.3268631 0.6838738 0.3268631 0.6838738 0.2547706 0.6838738 0.2547706 0.6838738 0.3268631 0.6009964 0.3268631 0.1274564 0.6317574 0.1274564 0.5979565 0.1233182 0.5979565 0.1992415 0.5261715 0.236485 0.5261715 0.236485 0.5220333 0.09889978 0.62233 0.09889978 0.5376567 0.09676158 0.5376567 0.0955317 0.5376567 0.09339356 0.5376567 0.09339356 0.62233 0.09676158 0.5376567 0.09889978 0.5376567 0.09889978 0.62233 0.09339356 0.62233 0.09339356 0.5376567 0.0955317 0.5376567 0.09889978 0.5594943 0.09889978 0.5537484 0.09676158 0.5537484 0.09586441 0.5376567 0.09011846 0.5376567 0.09011846 0.62233 0.09339356 0.5594943 0.09339356 0.5537484 0.0955317 0.5537484 0.09586441 0.5376567 0.09011846 0.5376567 0.09011846 0.62233 0.09676158 0.5594943 0.09676158 0.5537484 0.09889978 0.5537484 0.09586441 0.62233 0.09011846 0.62233 0.09011846 0.5376567 0.0955317 0.5594943 0.0955317 0.5537484 0.09339356 0.5537484 0.09586441 0.62233 0.09011846 0.62233 0.09011846 0.5376567 0.00390625 0.6443765 0.08027106 0.6443765 0.08027106 0.5330132 0.00420165 0.6443765 0.0805664 0.6443765 0.0805664 0.5330132 0.08027106 0.5330132 0.08027106 0.6443765 0.08027106 0.6443765 0.00420165 0.6443765 0.00420165 0.6443765 0.00420165 0.5330132 0.08027106 0.6443765 0.00390625 0.6443765 0.00390625 0.6443765 0.00390625 0.5330132 0.00390625 0.5330132 0.08027106 0.5330132 0.0805664 0.6443765 0.00420165 0.6443765 0.00420165 0.6443765 0.00420165 0.5330132 0.00420165 0.5330132 0.0805664 0.5330132 0.0805664 0.5330132 0.0805664 0.6443765 0.00420165 0.6443765 0.08027106 0.5330132 0.08027106 0.6443765 0.00390625 0.6443765 0.00390625 0.6443765 0.08027106 0.6443765 0.08027106 0.5330132 0.00420165 0.6443765 0.0805664 0.6443765 0.0805664 0.5330132 0.08027106 0.5330132 0.08027106 0.6443765 0.08027106 0.6443765 0.00420165 0.6443765 0.00420165 0.6443765 0.00420165 0.5330132 0.08027106 0.6443765 0.00390625 0.6443765 0.00390625 0.6443765 0.00390625 0.5330132 0.00390625 0.5330132 0.08027106 0.5330132 0.0805664 0.6443765 0.00420165 0.6443765 0.00420165 0.6443765 0.00420165 0.5330132 0.00420165 0.5330132 0.0805664 0.5330132 0.3138205 0.9801465 0.3138205 0.9801465 0.3138205 0.910274 0.3138205 0.9801465 0.3111382 0.9868524 0.3611087 0.9868524 0.3584263 0.910274 0.3611087 0.9035683 0.3111382 0.9035683 0.3138205 0.910274 0.3111382 0.9035683 0.3111382 0.9868524 0.3584263 0.910274 0.3584263 0.9801466 0.3611087 0.9868524 0.8879302 0.3399091 0.9503783 0.3399092 0.9503783 0.2544116 0.3584263 0.9801466 0.3584263 0.9801466 0.3138205 0.9801465 0.3584263 0.910274 0.3584263 0.910274 0.3584263 0.9801466 0.3138205 0.910274 0.3138205 0.910274 0.3584263 0.910274 0.147574 0.2477509 0.147574 0.2132329 0.2142065 0.2132329 0.08094167 0.2477509 0.08094167 0.2132329 0.147574 0.2132329 0.09145849 0.2609633 0.1735937 0.2609633 0.1735937 0.3012304 0.009323418 0.2609633 0.09145849 0.2609633 0.09145849 0.3012304 0.1215022 0.3623849 0.0252003 0.3623849 0.0252003 0.3623849 0.01026737 0.3327316 0.01026737 0.3327316 0.01026737 0.3327316 0.40441 0.2581029 0.40441 0.2067872 0.4897828 0.2067872 0.3190372 0.2581029 0.3190372 0.2067872 0.40441 0.2067872 0.1432163 0.2609633 0.2253515 0.2609633 0.2253515 0.3012304 0.06108123 0.2609633 0.1432163 0.2609633 0.1432163 0.3012304 0.17326 0.3623849 0.07695811 0.3623849 0.07695811 0.3623849 0.06202512 0.3327316 0.06202512 0.3327316 0.06202512 0.3327316 0.147574 0.2477509 0.147574 0.2132329 0.2142065 0.2132329 0.08094167 0.2477509 0.08094167 0.2132329 0.147574 0.2132329 0.09145849 0.2609633 0.1735937 0.2609633 0.1735937 0.3012304 0.009323418 0.2609633 0.09145849 0.2609633 0.09145849 0.3012304 0.1215022 0.3623849 0.0252003 0.3623849 0.0252003 0.3623849 0.01026737 0.3327316 0.01026737 0.3327316 0.01026737 0.3327316 0.40441 0.2581029 0.40441 0.2067872 0.4897828 0.2067872 0.3190372 0.2581029 0.3190372 0.2067872 0.40441 0.2067872 0.1432163 0.2609633 0.2253515 0.2609633 0.2253515 0.3012304 0.06108123 0.2609633 0.1432163 0.2609633 0.1432163 0.3012304 0.17326 0.3623849 0.07695811 0.3623849 0.07695811 0.3623849 0.06202512 0.3327316 0.06202512 0.3327316 0.06202512 0.3327316 0.0143311 0.6219183 0.0143311 0.5281298 0.07294905 0.5281298 0.01524704 0.6219183 0.01524704 0.5281298 0.07386493 0.5281298 0.01433116 0.6219183 0.01433116 0.5281298 0.07294905 0.5281298 0.01249933 0.6219183 0.01249933 0.5281298 0.07111722 0.5281298 0.07294905 0.5281298 0.0143311 0.5281298 0.0143311 0.6219183 0.07386493 0.5281298 0.01524704 0.5281298 0.01524704 0.6219183 0.07294905 0.5281298 0.01433116 0.5281298 0.01433116 0.6219183 0.07111722 0.5281298 0.01249933 0.5281298 0.01249933 0.6219183 0.07386493 0.5281298 0.07386493 0.6219183 0.07386493 0.6219183 0.01249933 0.5281298 0.07111722 0.5281298 0.07111722 0.5281298 0.07294905 0.6219183 0.01433116 0.6219183 0.01433116 0.6219183 0.0143311 0.5281298 0.07294905 0.5281298 0.07294905 0.5281298 0.0143311 0.6219183 0.0143311 0.5281298 0.0143311 0.5281298 0.01524704 0.5281298 0.07386493 0.5281298 0.07386493 0.5281298 0.07294905 0.6219183 0.0143311 0.6219183 0.0143311 0.6219183 0.07386493 0.6219183 0.01524704 0.6219183 0.01524704 0.6219183 0.01433116 0.5281298 0.07294905 0.5281298 0.07294905 0.5281298 0.07111722 0.6219183 0.01249933 0.6219183 0.01249933 0.6219183 0.2133222 0.8293579 0.1366794 0.9147364 0.1316279 0.9147364 0.0549851 0.8293579 0.1316279 0.9147364 0.1366794 0.9147364 0.1316279 0.9085081 0.1316279 0.8355862 0.1366794 0.8355862 0.2101138 0.8293579 0.1706146 0.9147364 0.09769272 0.9147364 0.2101138 0.8293579 0.05819338 0.8293579 0.09769272 0.9147364 0.0549851 0.9480074 0.2133221 0.9480074 0.2133222 0.7960869 0.3108741 0.9545875 0.2943373 0.9545875 0.2943373 0.9404838 0.2943373 0.8981729 0.2943373 0.8840693 0.3108741 0.8840693 0.3108741 0.9545875 0.2943373 0.9404838 0.3770211 0.9404838 0.2943373 0.9404838 0.2943373 0.8981729 0.3770211 0.9404838 0.3770211 0.9545875 0.3604844 0.9545875 0.3770211 0.9404838 0.3604844 0.9545875 0.3108741 0.9545875 0.3770211 0.9404838 0.3770211 0.8840693 0.3770211 0.8981729 0.3604843 0.8840693 0.3770211 0.8981729 0.3770211 0.9404838 0.2943373 0.8981729 0.3604843 0.8840693 0.3770211 0.8981729 0.2943373 0.8981729 0.3568347 0.9297205 0.3568347 0.9689853 0.3709383 0.9689854 0.3004201 0.8448427 0.3004201 0.9689854 0.3145238 0.9297205 0.3004201 0.9689854 0.3145238 0.9689854 0.3145238 0.9297205 0.3568347 0.9297205 0.3709383 0.9689854 0.3709383 0.8448427 0.3004201 0.8448427 0.3145238 0.9297205 0.3709383 0.8448427 0.3108741 0.9297205 0.3108741 0.9689853 0.2943373 0.9689854 0.3770211 0.8448427 0.3770211 0.9689854 0.3604843 0.9297205 0.3770211 0.9689854 0.3604843 0.9689854 0.3604843 0.9297205 0.3108741 0.9297205 0.2943373 0.9689854 0.2943373 0.8448427 0.3770211 0.8448427 0.3604843 0.9297205 0.3108741 0.9297205 0.3604843 0.9297205 0.3604844 0.9689853 0.3770211 0.9689854 0.2943373 0.8448427 0.2943373 0.9689854 0.3108741 0.9297205 0.2943373 0.9689854 0.3108741 0.9689854 0.3108741 0.9297205 0.3604843 0.9297205 0.3770211 0.9689854 0.3770211 0.8448427 0.2943373 0.8448427 0.3108741 0.9297205 0.3604843 0.9297205 0.3145238 0.9297205 0.3145238 0.9689853 0.3004201 0.9689854 0.3709383 0.8448427 0.3709383 0.9689854 0.3568347 0.9297205 0.3709383 0.9689854 0.3568347 0.9689854 0.3568347 0.9297205 0.3145238 0.9297205 0.3004201 0.9689854 0.3004201 0.8448427 0.3709383 0.8448427 0.3568347 0.9297205 0.3145238 0.9297205 0.3108741 0.9545875 0.3604844 0.9545875 0.3770211 0.9404838 0.3604844 0.9545875 0.3770211 0.9545875 0.3770211 0.9404838 0.3770211 0.9404838 0.3770211 0.8981729 0.2943373 0.8981729 0.3770211 0.8981729 0.3770211 0.8840693 0.3604843 0.8840693 0.2943373 0.9404838 0.2943373 0.9545875 0.3108741 0.9545875 0.3108741 0.8840693 0.2943373 0.8840693 0.2943373 0.8981729 0.2943373 0.8981729 0.2943373 0.9404838 0.3770211 0.9404838 0.2943373 0.9404838 0.3108741 0.9545875 0.3770211 0.9404838 0.3770211 0.8981729 0.3604843 0.8840693 0.2943373 0.8981729 0.3145238 0.9297205 0.3145238 0.9689854 0.3004201 0.9689854 0.3709383 0.8448427 0.3709383 0.9689854 0.3568347 0.9297205 0.3709383 0.9689854 0.3568347 0.9689853 0.3568347 0.9297205 0.3145238 0.9297205 0.3004201 0.9689854 0.3004201 0.8448427 0.3709383 0.8448427 0.3568347 0.9297205 0.3145238 0.9297205 0.2943373 0.9689854 0.3108741 0.9689853 0.3108741 0.9297205 0.3604843 0.9297205 0.3604843 0.9689854 0.3770211 0.9689854 0.2943373 0.8448427 0.2943373 0.9689854 0.3108741 0.9297205 0.3604843 0.9297205 0.3770211 0.9689854 0.3770211 0.8448427 0.2943373 0.8448427 0.3108741 0.9297205 0.3604843 0.9297205 0.3108741 0.9297205 0.3108741 0.9689854 0.2943373 0.9689854 0.3770211 0.8448427 0.3770211 0.9689854 0.3604843 0.9297205 0.3770211 0.9689854 0.3604844 0.9689853 0.3604843 0.9297205 0.3108741 0.9297205 0.2943373 0.9689854 0.2943373 0.8448427 0.3770211 0.8448427 0.3604843 0.9297205 0.3108741 0.9297205 0.3568347 0.9297205 0.3568347 0.9689854 0.3709383 0.9689854 0.3004201 0.8448427 0.3004201 0.9689854 0.3145238 0.9297205 0.3004201 0.9689854 0.3145238 0.9689853 0.3145238 0.9297205 0.3568347 0.9297205 0.3709383 0.9689854 0.3709383 0.8448427 0.3004201 0.8448427 0.3145238 0.9297205 0.3709383 0.8448427 0.2943373 0.9404838 0.2943373 0.9404838 0.2943373 0.8981729 0.3604843 0.9297205 0.3604843 0.9297205 0.3108741 0.9297205 0.3568347 0.9297205 0.3568347 0.9297205 0.3568347 0.9689853 0.3004201 0.8448427 0.3004201 0.8448427 0.3709383 0.8448427 0.3108741 0.9297205 0.3108741 0.9297205 0.3604843 0.9297205 0.3004201 0.8448427 0.3709383 0.8448427 0.3709383 0.8448427 0.3108741 0.9297205 0.3108741 0.9689854 0.3108741 0.9689854 0.3604844 0.9545875 0.3604844 0.9545875 0.3108741 0.9545875 0.3145238 0.9297205 0.3145238 0.9297205 0.3568347 0.9297205 0.3604843 0.9297205 0.3604843 0.9297205 0.3604844 0.9689853 0.3568347 0.9297205 0.3568347 0.9297205 0.3145238 0.9297205 0.3604843 0.9297205 0.3604843 0.9689854 0.3604843 0.9689854 0.3604843 0.8840693 0.3108741 0.8840693 0.3108741 0.8840693 0.3568347 0.9297205 0.3568347 0.9689854 0.3568347 0.9689854 0.3108741 0.9297205 0.3108741 0.9297205 0.3108741 0.9689853 0.3770211 0.8981729 0.3770211 0.8981729 0.3770211 0.9404838 0.2943373 0.8448427 0.3770211 0.8448427 0.3770211 0.8448427 0.3145238 0.9297205 0.3145238 0.9297205 0.3145238 0.9689853 0.3770211 0.8448427 0.2943373 0.8448427 0.2943373 0.8448427 0.3145238 0.9297205 0.3145238 0.9689854 0.3145238 0.9689854 0.07848805 0.6439136 0.006892621 0.6439136 0.006892621 0.5311233 0.07848805 0.5311233 0.006892621 0.5311233 0.006892621 0.6439136 0.07848805 0.5311233 0.07848805 0.6439136 0.006892621 0.6439136 0.006892621 0.6439136 0.006892621 0.6439136 0.07848805 0.6439136 0.006892621 0.5311233 0.006892621 0.5311233 0.006892621 0.6439136 0.006892621 0.5311233 0.07848805 0.5311233 0.07848805 0.5311233 0.07848805 0.5311233 0.07848805 0.6439136 0.07848805 0.6439136 0.006892621 0.5311233 0.006892621 0.6439136 0.07848805 0.6439136 0.07848805 0.6439136 0.006892621 0.6439136 0.006892621 0.5311233 0.006892621 0.6439136 0.006892621 0.6439136 0.07848805 0.6439136 0.006892621 0.5311233 0.006892621 0.5311233 0.006892621 0.6439136 0.006892621 0.5311233 0.07848805 0.5311233 0.07848805 0.5311233 0.07848805 0.5311233 0.07848805 0.6439136 0.07848805 0.6439136 0.112106 0.8605577 0.112106 0.8687121 0.1075547 0.8668233 0.1269957 0.9910271 0.1287302 0.9822942 0.1327496 0.9822942 0.2470097 0.7417537 0.1344842 0.9910271 0.1327496 0.9822942 0.01447016 0.7417536 0.01905536 0.7393357 0.1287302 0.9822942 0.04821133 0.7368364 0.112106 0.8605577 0.1068772 0.859246 0.04821133 0.9924334 0.04519504 0.9894524 0.1068772 0.8700238 0.01905536 0.7393357 0.1287302 0.9822942 0.1327496 0.9822942 0.7469193 0.9924334 0.7469193 0.7368364 0.9066675 0.7368364 0.7494155 0.9924334 0.7494155 0.7368364 0.9091636 0.7368364 0.7469194 0.9924334 0.7469194 0.7368364 0.9066675 0.7368364 0.7419272 0.9924334 0.7419272 0.7368364 0.9016754 0.7368364 0.7110883 0.6498963 0.6623141 0.6498963 0.6623141 0.6817786 0.857411 0.6498963 0.8086368 0.6498963 0.8086368 0.6817786 0.7598626 0.6498963 0.8086368 0.6498963 0.8086368 0.6817786 0.7598626 0.6498963 0.7110883 0.6498963 0.7110883 0.6817786 0.7185788 0.6498963 0.8011463 0.6498963 0.8011463 0.6817786 0.7110883 0.6498963 0.7598626 0.6498963 0.7598626 0.6817786 0.8086368 0.6498963 0.7598626 0.6498963 0.7598626 0.6817786 0.6623141 0.6498963 0.7110883 0.6498963 0.7110883 0.6817786 0.8011463 0.6498963 0.7185788 0.6498963 0.7185788 0.6817786 0.8086368 0.6498963 0.857411 0.6498963 0.857411 0.6817786 0.07931411 0.171692 0.01185333 0.171692 0.01185333 0.2639479 0.2816964 0.171692 0.2142356 0.171692 0.2142356 0.2639479 0.1467748 0.171692 0.2142356 0.171692 0.2142356 0.2639479 0.1467748 0.171692 0.07931411 0.171692 0.07931411 0.2639479 0.08967429 0.171692 0.2038754 0.171692 0.2038754 0.2639479 0.07931411 0.171692 0.1467748 0.171692 0.1467748 0.2639479 0.2142356 0.171692 0.1467748 0.171692 0.1467748 0.2639479 0.01185333 0.171692 0.07931411 0.171692 0.07931411 0.2639479 0.2038754 0.171692 0.08967429 0.171692 0.08967429 0.2639479 0.2142356 0.171692 0.2816964 0.171692 0.2816964 0.2639479</float_array>
          <technique_common>
            <accessor source="#Cubo_003-mesh-map-0-array" count="5604" stride="2">
              <param name="S" type="float"/>
              <param name="T" type="float"/>
            </accessor>
          </technique_common>
        </source>
        <source id="Cubo_003-mesh-map-1">
          <float_array id="Cubo_003-mesh-map-1-array" count="11208">0.2694962 0.9868524 0.4027507 0.9035683 0.2694962 0.9035683 0.3860939 0.9868524 0.4110792 0.9035683 0.3860939 0.9035683 0.4027507 0.9868524 0.2694962 0.9035683 0.4027507 0.9035683 0.286153 0.9868524 0.2611678 0.9035683 0.286153 0.9035683 0.286153 0.9701955 0.2611678 0.8369411 0.286153 0.8369411 0.2034036 0.7368364 0.112106 0.8605577 0.04821133 0.7368364 0.01420181 0.8687121 0.1374491 0.8605577 0.1374491 0.8687122 0.04615151 0.7368364 0.1374491 0.8605577 0.01420181 0.8605577 0.04365539 0.743018 0.04365539 0.9862518 0.2034036 0.7368364 0.04615151 0.9924334 0.1374491 0.8687122 0.2013437 0.9924334 0.04615151 0.9924334 0.2058996 0.743018 0.04615151 0.7368364 0.112106 0.8687121 0.2353532 0.8605577 0.2353532 0.8687121 0.04365539 0.9924334 0.171454 0.8687121 0.2034036 0.9924334 0.1984114 0.9924334 0.0706129 0.8687121 0.1984114 0.8687121 0.2034036 0.9924334 0.112106 0.8687121 0.2353532 0.8687121 0.1984114 0.7368364 0.0706129 0.8605577 0.03866326 0.7368364 0.04365539 0.7368364 0.171454 0.8605577 0.04365539 0.8605577 0.04365539 0.8687121 0.171454 0.8605577 0.171454 0.8687121 0.0706129 0.8687121 0.1984114 0.8605577 0.1984114 0.8687121 0.01905536 0.7393357 0.1327496 0.9822942 0.1287302 0.9822942 0.2034036 0.7368364 0.04365539 0.9924334 0.2034036 0.9924334 0.1984114 0.7368364 0.03866326 0.9924334 0.1984114 0.9924334 0.3421781 0.9792122 0.2911228 0.8437618 0.3421781 0.8437618 0.3860939 0.9360933 0.4110792 0.8419526 0.3860939 0.8419526 0.3538245 0.8408023 0.3243811 0.9962462 0.3538245 0.9962462 0.4110792 0.9868524 0.3860939 0.9035683 0.4110792 0.9035683 0.3451461 0.9847297 0.2940908 0.8492794 0.3451461 0.8492794 0.9533619 0.3477981 0.8908333 0.2488395 0.9533619 0.2488396 0.3611087 0.9701955 0.3860939 0.8369411 0.3860939 0.9701955 0.3111382 0.9701955 0.3611087 0.8369411 0.3611087 0.9701955 0.3860939 0.9868524 0.3611087 0.9035683 0.3860939 0.9035683 0.9462661 0.3351135 0.8984572 0.2518294 0.9462661 0.2518294 0.9416784 0.3351135 0.8986504 0.2518294 0.9416784 0.2518294 0.1984114 0.7368364 0.0706129 0.8605577 0.03866326 0.7368364 0.04365539 0.7368364 0.171454 0.8605577 0.04365539 0.8605577 0.171454 0.8605577 0.2034036 0.7368364 0.171454 0.8605577 0.0706129 0.8605577 0.03866326 0.7368364 0.03866326 0.7368364 0.3111382 0.9868524 0.3111382 0.9035683 0.3111382 0.9035683 0.3860939 0.9701955 0.4110792 0.8369411 0.4110792 0.9701956 0.3962013 0.9847297 0.3451461 0.8492794 0.3962013 0.8492794 0.3611087 0.9360933 0.3860939 0.8419526 0.3611087 0.8419526 0.2611678 0.9868524 0.286153 0.9035683 0.2611678 0.9035683 0.3832679 0.8408023 0.3538245 0.9962462 0.3832679 0.9962462 0.3932333 0.9792121 0.3421781 0.8437618 0.3932333 0.8437618 0.3111382 0.9701955 0.286153 0.8369411 0.3111382 0.8369411 0.3111382 0.9868524 0.286153 0.9035683 0.3111382 0.9035683 0.4139504 0.8241327 0.3202852 0.668024 0.3202852 0.8241327 0.3003453 0.8395005 0.3204339 0.9707533 0.3204339 0.8605108 0.3204339 0.9707533 0.3658577 0.9917637 0.3457691 0.9707533 0.3658577 0.8395003 0.3204339 0.8605108 0.3457691 0.8605108 0.3658577 0.9917637 0.3457691 0.8605108 0.3457691 0.9707533 0.9561948 0.5435432 0.9719873 0.590834 0.9719873 0.5435432 0.3457691 0.9707533 0.3204339 0.9707533 0.3457691 0.9707533 0.3204339 0.9707533 0.3204339 0.8605108 0.3204339 0.9707533 0.3457691 0.8605108 0.3457691 0.9707533 0.3457691 0.8605108 0.6384948 0.3330663 0.6890358 0.2506909 0.6384948 0.2506909 0.3204339 0.9707533 0.3003453 0.8395005 0.3204339 0.8605108 0.3204339 0.9707533 0.3658577 0.9917637 0.3003453 0.9917637 0.3204339 0.8605108 0.3658577 0.8395003 0.3457691 0.8605108 0.3457691 0.8605108 0.3658577 0.9917637 0.3457691 0.9707533 0.9719873 0.590834 0.9561948 0.5435432 0.9719873 0.5435432 0.3204339 0.9707533 0.3457691 0.9707533 0.3457691 0.9707533 0.3204339 0.8605108 0.3204339 0.9707533 0.3204339 0.9707533 0.3457691 0.9707533 0.3457691 0.8605108 0.3457691 0.8605108 0.6890358 0.2506909 0.6384948 0.3330663 0.6384948 0.2506909 0.9110889 0.2541399 0.9292687 0.2541399 0.9292687 0.2541399 0.9339503 0.251349 0.9064073 0.251349 0.9339503 0.251349 0.9064073 0.251349 0.9064073 0.3278571 0.9064073 0.251349 0.9339503 0.3278571 0.9339503 0.251349 0.9339503 0.3278571 0.9064073 0.3278571 0.9339503 0.3278571 0.9064073 0.3278571 0.9301679 0.3218385 0.9060255 0.3320027 0.9109693 0.3218385 0.9301679 0.3218385 0.9351117 0.2513821 0.9351117 0.3320027 0.9109693 0.3218385 0.9060255 0.2513821 0.9109693 0.2521325 0.9292687 0.2541399 0.9064073 0.251349 0.9110889 0.2541399 0.9288041 0.320198 0.9120418 0.2516258 0.9120417 0.320198 0.9301679 0.3218385 0.9301679 0.2521325 0.9301679 0.2521325 0.9109693 0.2521325 0.9109693 0.3218385 0.9109693 0.3218385 0.9109693 0.3218385 0.9301679 0.3218385 0.9301679 0.3218385 0.3457691 0.8605108 0.3204339 0.8605108 0.3204339 0.8605108 0 0 0 0 0 0 0.2986456 0.9035683 0.2986456 0.9035683 0.2986456 0.9035683 0.2986456 0.9035683 0.2986456 0.9868524 0.2986456 0.9868524 0.3736013 0.9868524 0.3736013 0.9035683 0.3736013 0.9035683 0.3736013 0.9035683 0.3736013 0.9035683 0.3736013 0.9035683 0 0 0 0 0 0 0.3340541 0.8526699 0.3040614 0.9359134 0.3340541 0.9359134 0.3349649 0.8526699 0.3049722 0.9359134 0.3349649 0.9359133 0.3349649 0.7849024 0.3349649 0.6682639 0.3349649 0.7849024 0.3040614 0.7849025 0.3340541 0.7849025 0.3040614 0.7849025 0.3049722 0.7849025 0.3349649 0.7849024 0.3049722 0.7849025 0.3862471 0.9718084 0.3084838 0.8415042 0.3084838 0.9718084 0.3862471 0.8415042 0.3084838 0.9718084 0.3084838 0.8415042 0.3040614 0.6682639 0.3040614 0.7849025 0.3040614 0.6682639 0.6971302 0.4440565 0.6888118 0.4251466 0.6971302 0.4251466 0.7112303 0.4440565 0.7044796 0.4251466 0.7112303 0.4251466 0.7044796 0.4440565 0.6971302 0.4251466 0.7044796 0.4251466 0.6971302 0.3618112 0.6888118 0.3405516 0.6971302 0.3405516 0.6971302 0.377645 0.6888118 0.3618112 0.6971302 0.3618112 0.6971302 0.3934789 0.6888118 0.377645 0.6971302 0.377645 0.6971302 0.4093127 0.6888118 0.3934789 0.6971302 0.3934789 0.6971302 0.4251466 0.6888118 0.4093127 0.6971302 0.4093127 0.6971302 0.4251466 0.6971302 0.4093127 0.7044796 0.4251466 0.6888118 0.4251466 0.6971302 0.4440565 0.6971302 0.4251466 0.7044796 0.4251466 0.7112303 0.4440565 0.7112303 0.4251466 0.6971302 0.4251466 0.7044796 0.4440565 0.7044796 0.4251466 0.6888118 0.3405516 0.6971302 0.3618112 0.6971302 0.3405516 0.6888118 0.3618112 0.6971302 0.377645 0.6971302 0.3618112 0.6888118 0.377645 0.6971302 0.3934789 0.6971302 0.377645 0.6888118 0.3934789 0.6971302 0.4093127 0.6971302 0.3934789 0.6888118 0.4093127 0.6971302 0.4251466 0.6971302 0.4093127 0.6971302 0.4251466 0.7044796 0.4251466 0.6971302 0.4093127 0.6971302 0.3934789 0.6971302 0.4093127 0.6971302 0.4093127 0.6971302 0.3405516 0.6971302 0.3618112 0.6971302 0.3618112 0.6888118 0.3405516 0.6971302 0.3405516 0.6971302 0.3405516 0.6971302 0.377645 0.6971302 0.3934789 0.6971302 0.3934789 0.6971302 0.3618112 0.6971302 0.377645 0.6971302 0.377645 0.6971302 0.4093127 0.7044796 0.4251466 0.7044796 0.4251466 0.6971302 0.4440565 0.6888118 0.4440565 0.6888118 0.4440565 0.7044796 0.4251466 0.7112303 0.4251466 0.7112303 0.4251466 0.6888118 0.3618112 0.6888118 0.3405516 0.6888118 0.3405516 0.6888118 0.4440565 0.6888118 0.4251466 0.6888118 0.4251466 0.6888118 0.4251466 0.6888118 0.4093127 0.6888118 0.4093127 0.6888118 0.4093127 0.6888118 0.3934789 0.6888118 0.3934789 0.6888118 0.3934789 0.6888118 0.377645 0.6888118 0.377645 0.7044796 0.4440565 0.6971302 0.4440565 0.6971302 0.4440565 0.6888118 0.377645 0.6888118 0.3618112 0.6888118 0.3618112 0.7112303 0.4440565 0.7044796 0.4440565 0.7044796 0.4440565 0.6888118 0.4251466 0.6971302 0.4440565 0.6971302 0.4251466 0.7044796 0.4251466 0.7112303 0.4440565 0.7112303 0.4251466 0.6971302 0.4251466 0.7044796 0.4440565 0.7044796 0.4251466 0.6888118 0.3405516 0.6971302 0.3618112 0.6971302 0.3405516 0.6888118 0.3618112 0.6971302 0.377645 0.6971302 0.3618112 0.6888118 0.377645 0.6971302 0.3934789 0.6971302 0.377645 0.6888118 0.3934789 0.6971302 0.4093127 0.6971302 0.3934789 0.6888118 0.4093127 0.6971302 0.4251466 0.6971302 0.4093127 0.6971302 0.4251466 0.7044796 0.4251466 0.6971302 0.4093127 0.6971302 0.4440565 0.6888118 0.4251466 0.6971302 0.4251466 0.7112303 0.4440565 0.7044796 0.4251466 0.7112303 0.4251466 0.7044796 0.4440565 0.6971302 0.4251466 0.7044796 0.4251466 0.6971302 0.3618112 0.6888118 0.3405516 0.6971302 0.3405516 0.6971302 0.377645 0.6888118 0.3618112 0.6971302 0.3618112 0.6971302 0.3934789 0.6888118 0.377645 0.6971302 0.377645 0.6971302 0.4093127 0.6888118 0.3934789 0.6971302 0.3934789 0.6971302 0.4251466 0.6888118 0.4093127 0.6971302 0.4093127 0.6971302 0.4251466 0.6971302 0.4093127 0.7044796 0.4251466 0.6971302 0.4093127 0.6971302 0.3934789 0.6971302 0.4093127 0.6971302 0.3618112 0.6971302 0.3405516 0.6971302 0.3618112 0.6971302 0.3405516 0.6888118 0.3405516 0.6971302 0.3405516 0.6971302 0.3934789 0.6971302 0.377645 0.6971302 0.3934789 0.6971302 0.377645 0.6971302 0.3618112 0.6971302 0.377645 0.7044796 0.4251466 0.6971302 0.4093127 0.7044796 0.4251466 0.6888118 0.4440565 0.6971302 0.4440565 0.6888118 0.4440565 0.7112303 0.4251466 0.7044796 0.4251466 0.7112303 0.4251466 0.6888118 0.3405516 0.6888118 0.3618112 0.6888118 0.3405516 0.6888118 0.4251466 0.6888118 0.4440565 0.6888118 0.4251466 0.6888118 0.4093127 0.6888118 0.4251466 0.6888118 0.4093127 0.6888118 0.3934789 0.6888118 0.4093127 0.6888118 0.3934789 0.6888118 0.377645 0.6888118 0.3934789 0.6888118 0.377645 0.6971302 0.4440565 0.7044796 0.4440565 0.6971302 0.4440565 0.6888118 0.3618112 0.6888118 0.377645 0.6888118 0.3618112 0.7044796 0.4440565 0.7112303 0.4440565 0.7044796 0.4440565 0.8030747 0.557434 0.7867518 0.525695 0.8030747 0.525695 0.8531154 0.525695 0.8367925 0.557434 0.8367925 0.525695 0.7867518 0.525695 0.8030747 0.557434 0.8030747 0.525695 0.8367925 0.557434 0.8531154 0.525695 0.8367925 0.525695 0.8433942 0.5497722 0.8116552 0.5393465 0.8116552 0.5497722 0.8367925 0.5497722 0.8531154 0.5393465 0.8531154 0.5497722 0.8116552 0.5497722 0.8433942 0.5393465 0.8433942 0.5497722 0.7867518 0.5497722 0.8030747 0.5393465 0.8030747 0.5497722 0.8116552 0.5497722 0.8433942 0.5393465 0.8433942 0.5497722 0.8531154 0.5497722 0.8367925 0.5393465 0.8367925 0.5497722 0.8433942 0.5497722 0.8116552 0.5393465 0.8116552 0.5497722 0.8030747 0.5497722 0.7867518 0.5393465 0.7867518 0.5497722 0.6971302 0.4440565 0.6888118 0.4251466 0.6971302 0.4251466 0.7112303 0.4440565 0.7044796 0.4251466 0.7112303 0.4251466 0.7044796 0.4440565 0.6971302 0.4251466 0.7044796 0.4251466 0.6971302 0.3618112 0.6888118 0.3405516 0.6971302 0.3405516 0.6971302 0.377645 0.6888118 0.3618112 0.6971302 0.3618112 0.6971302 0.3934789 0.6888118 0.377645 0.6971302 0.377645 0.6971302 0.4093127 0.6888118 0.3934789 0.6971302 0.3934789 0.6971302 0.4251466 0.6888118 0.4093127 0.6971302 0.4093127 0.6971302 0.4251466 0.6971302 0.4093127 0.7044796 0.4251466 0.6888118 0.4251466 0.6971302 0.4440565 0.6971302 0.4251466 0.7044796 0.4251466 0.7112303 0.4440565 0.7112303 0.4251466 0.6971302 0.4251466 0.7044796 0.4440565 0.7044796 0.4251466 0.6888118 0.3405516 0.6971302 0.3618112 0.6971302 0.3405516 0.6888118 0.3618112 0.6971302 0.377645 0.6971302 0.3618112 0.6888118 0.377645 0.6971302 0.3934789 0.6971302 0.377645 0.6888118 0.3934789 0.6971302 0.4093127 0.6971302 0.3934789 0.6888118 0.4093127 0.6971302 0.4251466 0.6971302 0.4093127 0.6971302 0.4251466 0.7044796 0.4251466 0.6971302 0.4093127 0.6971302 0.3934789 0.6971302 0.4093127 0.6971302 0.4093127 0.6971302 0.3405516 0.6971302 0.3618112 0.6971302 0.3618112 0.6888118 0.3405516 0.6971302 0.3405516 0.6971302 0.3405516 0.6971302 0.377645 0.6971302 0.3934789 0.6971302 0.3934789 0.6971302 0.3618112 0.6971302 0.377645 0.6971302 0.377645 0.6971302 0.4093127 0.7044796 0.4251466 0.7044796 0.4251466 0.6971302 0.4440565 0.6888118 0.4440565 0.6888118 0.4440565 0.7044796 0.4251466 0.7112303 0.4251466 0.7112303 0.4251466 0.6888118 0.3618112 0.6888118 0.3405516 0.6888118 0.3405516 0.6888118 0.4440565 0.6888118 0.4251466 0.6888118 0.4251466 0.6888118 0.4251466 0.6888118 0.4093127 0.6888118 0.4093127 0.6888118 0.4093127 0.6888118 0.3934789 0.6888118 0.3934789 0.6888118 0.3934789 0.6888118 0.377645 0.6888118 0.377645 0.7044796 0.4440565 0.6971302 0.4440565 0.6971302 0.4440565 0.6888118 0.377645 0.6888118 0.3618112 0.6888118 0.3618112 0.7112303 0.4440565 0.7044796 0.4440565 0.7044796 0.4440565 0.6888118 0.4251466 0.6971302 0.4440565 0.6971302 0.4251466 0.7044796 0.4251466 0.7112303 0.4440565 0.7112303 0.4251466 0.6971302 0.4251466 0.7044796 0.4440565 0.7044796 0.4251466 0.6888118 0.3405516 0.6971302 0.3618112 0.6971302 0.3405516 0.6888118 0.3618112 0.6971302 0.377645 0.6971302 0.3618112 0.6888118 0.377645 0.6971302 0.3934789 0.6971302 0.377645 0.6888118 0.3934789 0.6971302 0.4093127 0.6971302 0.3934789 0.6888118 0.4093127 0.6971302 0.4251466 0.6971302 0.4093127 0.6971302 0.4251466 0.7044796 0.4251466 0.6971302 0.4093127 0.6971302 0.4440565 0.6888118 0.4251466 0.6971302 0.4251466 0.7112303 0.4440565 0.7044796 0.4251466 0.7112303 0.4251466 0.7044796 0.4440565 0.6971302 0.4251466 0.7044796 0.4251466 0.6971302 0.3618112 0.6888118 0.3405516 0.6971302 0.3405516 0.6971302 0.377645 0.6888118 0.3618112 0.6971302 0.3618112 0.6971302 0.3934789 0.6888118 0.377645 0.6971302 0.377645 0.6971302 0.4093127 0.6888118 0.3934789 0.6971302 0.3934789 0.6971302 0.4251466 0.6888118 0.4093127 0.6971302 0.4093127 0.6971302 0.4251466 0.6971302 0.4093127 0.7044796 0.4251466 0.6971302 0.4093127 0.6971302 0.3934789 0.6971302 0.4093127 0.6971302 0.3618112 0.6971302 0.3405516 0.6971302 0.3618112 0.6971302 0.3405516 0.6888118 0.3405516 0.6971302 0.3405516 0.6971302 0.3934789 0.6971302 0.377645 0.6971302 0.3934789 0.6971302 0.377645 0.6971302 0.3618112 0.6971302 0.377645 0.7044796 0.4251466 0.6971302 0.4093127 0.7044796 0.4251466 0.6888118 0.4440565 0.6971302 0.4440565 0.6888118 0.4440565 0.7112303 0.4251466 0.7044796 0.4251466 0.7112303 0.4251466 0.6888118 0.3405516 0.6888118 0.3618112 0.6888118 0.3405516 0.6888118 0.4251466 0.6888118 0.4440565 0.6888118 0.4251466 0.6888118 0.4093127 0.6888118 0.4251466 0.6888118 0.4093127 0.6888118 0.3934789 0.6888118 0.4093127 0.6888118 0.3934789 0.6888118 0.377645 0.6888118 0.3934789 0.6888118 0.377645 0.6971302 0.4440565 0.7044796 0.4440565 0.6971302 0.4440565 0.6888118 0.3618112 0.6888118 0.377645 0.6888118 0.3618112 0.7044796 0.4440565 0.7112303 0.4440565 0.7044796 0.4440565 0.8030747 0.557434 0.7867518 0.525695 0.8030747 0.525695 0.8531154 0.525695 0.8367925 0.557434 0.8367925 0.525695 0.7867518 0.525695 0.8030747 0.557434 0.8030747 0.525695 0.8367925 0.557434 0.8531154 0.525695 0.8367925 0.525695 0.8433942 0.5497722 0.8116552 0.5393465 0.8116552 0.5497722 0.8367925 0.5497722 0.8531154 0.5393465 0.8531154 0.5497722 0.8116552 0.5497722 0.8433942 0.5393465 0.8433942 0.5497722 0.7867518 0.5497722 0.8030747 0.5393465 0.8030747 0.5497722 0.8116552 0.5497722 0.8433942 0.5393465 0.8433942 0.5497722 0.8531154 0.5497722 0.8367925 0.5393465 0.8367925 0.5497722 0.8433942 0.5497722 0.8116552 0.5393465 0.8116552 0.5497722 0.8030747 0.5497722 0.7867518 0.5393465 0.7867518 0.5497722 0.6971302 0.4440565 0.6888118 0.4251466 0.6971302 0.4251466 0.7112303 0.4440565 0.7044796 0.4251466 0.7112303 0.4251466 0.7044796 0.4440565 0.6971302 0.4251466 0.7044796 0.4251466 0.6971302 0.3618112 0.6888118 0.3405516 0.6971302 0.3405516 0.6971302 0.377645 0.6888118 0.3618112 0.6971302 0.3618112 0.6971302 0.3934789 0.6888118 0.377645 0.6971302 0.377645 0.6971302 0.4093127 0.6888118 0.3934789 0.6971302 0.3934789 0.6971302 0.4251466 0.6888118 0.4093127 0.6971302 0.4093127 0.6971302 0.4251466 0.6971302 0.4093127 0.7044796 0.4251466 0.6888118 0.4251466 0.6971302 0.4440565 0.6971302 0.4251466 0.7044796 0.4251466 0.7112303 0.4440565 0.7112303 0.4251466 0.6971302 0.4251466 0.7044796 0.4440565 0.7044796 0.4251466 0.6888118 0.3405516 0.6971302 0.3618112 0.6971302 0.3405516 0.6888118 0.3618112 0.6971302 0.377645 0.6971302 0.3618112 0.6888118 0.377645 0.6971302 0.3934789 0.6971302 0.377645 0.6888118 0.3934789 0.6971302 0.4093127 0.6971302 0.3934789 0.6888118 0.4093127 0.6971302 0.4251466 0.6971302 0.4093127 0.6971302 0.4251466 0.7044796 0.4251466 0.6971302 0.4093127 0.6971302 0.3934789 0.6971302 0.4093127 0.6971302 0.4093127 0.6971302 0.3405516 0.6971302 0.3618112 0.6971302 0.3618112 0.6888118 0.3405516 0.6971302 0.3405516 0.6971302 0.3405516 0.6971302 0.377645 0.6971302 0.3934789 0.6971302 0.3934789 0.6971302 0.3618112 0.6971302 0.377645 0.6971302 0.377645 0.6971302 0.4093127 0.7044796 0.4251466 0.7044796 0.4251466 0.6971302 0.4440565 0.6888118 0.4440565 0.6888118 0.4440565 0.7044796 0.4251466 0.7112303 0.4251466 0.7112303 0.4251466 0.6888118 0.3618112 0.6888118 0.3405516 0.6888118 0.3405516 0.6888118 0.4440565 0.6888118 0.4251466 0.6888118 0.4251466 0.6888118 0.4251466 0.6888118 0.4093127 0.6888118 0.4093127 0.6888118 0.4093127 0.6888118 0.3934789 0.6888118 0.3934789 0.6888118 0.3934789 0.6888118 0.377645 0.6888118 0.377645 0.7044796 0.4440565 0.6971302 0.4440565 0.6971302 0.4440565 0.6888118 0.377645 0.6888118 0.3618112 0.6888118 0.3618112 0.7112303 0.4440565 0.7044796 0.4440565 0.7044796 0.4440565 0.6888118 0.4251466 0.6971302 0.4440565 0.6971302 0.4251466 0.7044796 0.4251466 0.7112303 0.4440565 0.7112303 0.4251466 0.6971302 0.4251466 0.7044796 0.4440565 0.7044796 0.4251466 0.6888118 0.3405516 0.6971302 0.3618112 0.6971302 0.3405516 0.6888118 0.3618112 0.6971302 0.377645 0.6971302 0.3618112 0.6888118 0.377645 0.6971302 0.3934789 0.6971302 0.377645 0.6888118 0.3934789 0.6971302 0.4093127 0.6971302 0.3934789 0.6888118 0.4093127 0.6971302 0.4251466 0.6971302 0.4093127 0.6971302 0.4251466 0.7044796 0.4251466 0.6971302 0.4093127 0.6971302 0.4440565 0.6888118 0.4251466 0.6971302 0.4251466 0.7112303 0.4440565 0.7044796 0.4251466 0.7112303 0.4251466 0.7044796 0.4440565 0.6971302 0.4251466 0.7044796 0.4251466 0.6971302 0.3618112 0.6888118 0.3405516 0.6971302 0.3405516 0.6971302 0.377645 0.6888118 0.3618112 0.6971302 0.3618112 0.6971302 0.3934789 0.6888118 0.377645 0.6971302 0.377645 0.6971302 0.4093127 0.6888118 0.3934789 0.6971302 0.3934789 0.6971302 0.4251466 0.6888118 0.4093127 0.6971302 0.4093127 0.6971302 0.4251466 0.6971302 0.4093127 0.7044796 0.4251466 0.6971302 0.4093127 0.6971302 0.3934789 0.6971302 0.4093127 0.6971302 0.3618112 0.6971302 0.3405516 0.6971302 0.3618112 0.6971302 0.3405516 0.6888118 0.3405516 0.6971302 0.3405516 0.6971302 0.3934789 0.6971302 0.377645 0.6971302 0.3934789 0.6971302 0.377645 0.6971302 0.3618112 0.6971302 0.377645 0.7044796 0.4251466 0.6971302 0.4093127 0.7044796 0.4251466 0.6888118 0.4440565 0.6971302 0.4440565 0.6888118 0.4440565 0.7112303 0.4251466 0.7044796 0.4251466 0.7112303 0.4251466 0.6888118 0.3405516 0.6888118 0.3618112 0.6888118 0.3405516 0.6888118 0.4251466 0.6888118 0.4440565 0.6888118 0.4251466 0.6888118 0.4093127 0.6888118 0.4251466 0.6888118 0.4093127 0.6888118 0.3934789 0.6888118 0.4093127 0.6888118 0.3934789 0.6888118 0.377645 0.6888118 0.3934789 0.6888118 0.377645 0.6971302 0.4440565 0.7044796 0.4440565 0.6971302 0.4440565 0.6888118 0.3618112 0.6888118 0.377645 0.6888118 0.3618112 0.7044796 0.4440565 0.7112303 0.4440565 0.7044796 0.4440565 0.8030747 0.557434 0.7867518 0.525695 0.8030747 0.525695 0.8531154 0.525695 0.8367925 0.557434 0.8367925 0.525695 0.7867518 0.525695 0.8030747 0.557434 0.8030747 0.525695 0.8367925 0.557434 0.8531154 0.525695 0.8367925 0.525695 0.8433942 0.5497722 0.8116552 0.5393465 0.8116552 0.5497722 0.8367925 0.5497722 0.8531154 0.5393465 0.8531154 0.5497722 0.8116552 0.5497722 0.8433942 0.5393465 0.8433942 0.5497722 0.7867518 0.5497722 0.8030747 0.5393465 0.8030747 0.5497722 0.8116552 0.5497722 0.8433942 0.5393465 0.8433942 0.5497722 0.8531154 0.5497722 0.8367925 0.5393465 0.8367925 0.5497722 0.8433942 0.5497722 0.8116552 0.5393465 0.8116552 0.5497722 0.8030747 0.5497722 0.7867518 0.5393465 0.7867518 0.5497722 0.6888118 0.4251466 0.6971302 0.4440565 0.6971302 0.4251466 0.7044796 0.4251466 0.7112303 0.4440565 0.7112303 0.4251466 0.6971302 0.4251466 0.7044796 0.4440565 0.7044796 0.4251466 0.6888118 0.3405516 0.6971302 0.3618112 0.6971302 0.3405516 0.6888118 0.3618112 0.6971302 0.377645 0.6971302 0.3618112 0.6888118 0.377645 0.6971302 0.3934789 0.6971302 0.377645 0.6888118 0.3934789 0.6971302 0.4093127 0.6971302 0.3934789 0.6888118 0.4093127 0.6971302 0.4251466 0.6971302 0.4093127 0.6971302 0.4251466 0.7044796 0.4251466 0.6971302 0.4093127 0.6971302 0.4440565 0.6888118 0.4251466 0.6971302 0.4251466 0.7112303 0.4440565 0.7044796 0.4251466 0.7112303 0.4251466 0.7044796 0.4440565 0.6971302 0.4251466 0.7044796 0.4251466 0.6971302 0.3618112 0.6888118 0.3405516 0.6971302 0.3405516 0.6971302 0.377645 0.6888118 0.3618112 0.6971302 0.3618112 0.6971302 0.3934789 0.6888118 0.377645 0.6971302 0.377645 0.6971302 0.4093127 0.6888118 0.3934789 0.6971302 0.3934789 0.6971302 0.4251466 0.6888118 0.4093127 0.6971302 0.4093127 0.6971302 0.4251466 0.6971302 0.4093127 0.7044796 0.4251466 0.6971302 0.4093127 0.6971302 0.3934789 0.6971302 0.4093127 0.6971302 0.3618112 0.6971302 0.3405516 0.6971302 0.3618112 0.6971302 0.3405516 0.6888118 0.3405516 0.6971302 0.3405516 0.6971302 0.3934789 0.6971302 0.377645 0.6971302 0.3934789 0.6971302 0.377645 0.6971302 0.3618112 0.6971302 0.377645 0.7044796 0.4251466 0.6971302 0.4093127 0.7044796 0.4251466 0.6888118 0.4440565 0.6971302 0.4440565 0.6888118 0.4440565 0.7112303 0.4251466 0.7044796 0.4251466 0.7112303 0.4251466 0.6888118 0.3405516 0.6888118 0.3618112 0.6888118 0.3405516 0.6888118 0.4251466 0.6888118 0.4440565 0.6888118 0.4251466 0.6888118 0.4093127 0.6888118 0.4251466 0.6888118 0.4093127 0.6888118 0.3934789 0.6888118 0.4093127 0.6888118 0.3934789 0.6888118 0.377645 0.6888118 0.3934789 0.6888118 0.377645 0.6971302 0.4440565 0.7044796 0.4440565 0.6971302 0.4440565 0.6888118 0.3618112 0.6888118 0.377645 0.6888118 0.3618112 0.7044796 0.4440565 0.7112303 0.4440565 0.7044796 0.4440565 0.6971302 0.4440565 0.6888118 0.4251466 0.6971302 0.4251466 0.7112303 0.4440565 0.7044796 0.4251466 0.7112303 0.4251466 0.7044796 0.4440565 0.6971302 0.4251466 0.7044796 0.4251466 0.6971302 0.3618112 0.6888118 0.3405516 0.6971302 0.3405516 0.6971302 0.377645 0.6888118 0.3618112 0.6971302 0.3618112 0.6971302 0.3934789 0.6888118 0.377645 0.6971302 0.377645 0.6971302 0.4093127 0.6888118 0.3934789 0.6971302 0.3934789 0.6971302 0.4251466 0.6888118 0.4093127 0.6971302 0.4093127 0.6971302 0.4251466 0.6971302 0.4093127 0.7044796 0.4251466 0.6888118 0.4251466 0.6971302 0.4440565 0.6971302 0.4251466 0.7044796 0.4251466 0.7112303 0.4440565 0.7112303 0.4251466 0.6971302 0.4251466 0.7044796 0.4440565 0.7044796 0.4251466 0.6888118 0.3405516 0.6971302 0.3618112 0.6971302 0.3405516 0.6888118 0.3618112 0.6971302 0.377645 0.6971302 0.3618112 0.6888118 0.377645 0.6971302 0.3934789 0.6971302 0.377645 0.6888118 0.3934789 0.6971302 0.4093127 0.6971302 0.3934789 0.6888118 0.4093127 0.6971302 0.4251466 0.6971302 0.4093127 0.6971302 0.4251466 0.7044796 0.4251466 0.6971302 0.4093127 0.6971302 0.3934789 0.6971302 0.4093127 0.6971302 0.4093127 0.6971302 0.3405516 0.6971302 0.3618112 0.6971302 0.3618112 0.6888118 0.3405516 0.6971302 0.3405516 0.6971302 0.3405516 0.6971302 0.377645 0.6971302 0.3934789 0.6971302 0.3934789 0.6971302 0.3618112 0.6971302 0.377645 0.6971302 0.377645 0.6971302 0.4093127 0.7044796 0.4251466 0.7044796 0.4251466 0.6971302 0.4440565 0.6888118 0.4440565 0.6888118 0.4440565 0.7044796 0.4251466 0.7112303 0.4251466 0.7112303 0.4251466 0.6888118 0.3618112 0.6888118 0.3405516 0.6888118 0.3405516 0.6888118 0.4440565 0.6888118 0.4251466 0.6888118 0.4251466 0.6888118 0.4251466 0.6888118 0.4093127 0.6888118 0.4093127 0.6888118 0.4093127 0.6888118 0.3934789 0.6888118 0.3934789 0.6888118 0.3934789 0.6888118 0.377645 0.6888118 0.377645 0.7044796 0.4440565 0.6971302 0.4440565 0.6971302 0.4440565 0.6888118 0.377645 0.6888118 0.3618112 0.6888118 0.3618112 0.7112303 0.4440565 0.7044796 0.4440565 0.7044796 0.4440565 0.7867518 0.525695 0.8030747 0.557434 0.8030747 0.525695 0.8367925 0.557434 0.8531154 0.525695 0.8367925 0.525695 0.8030747 0.557434 0.7867518 0.525695 0.8030747 0.525695 0.8531154 0.525695 0.8367925 0.557434 0.8367925 0.525695 0.8116552 0.5393465 0.8433942 0.5497722 0.8116552 0.5497722 0.8531154 0.5393465 0.8367925 0.5497722 0.8531154 0.5497722 0.8433942 0.5393465 0.8116552 0.5497722 0.8433942 0.5497722 0.8030747 0.5393465 0.7867518 0.5497722 0.8030747 0.5497722 0.8433942 0.5393465 0.8116552 0.5497722 0.8433942 0.5497722 0.8367925 0.5393465 0.8531154 0.5497722 0.8367925 0.5497722 0.8116552 0.5393465 0.8433942 0.5497722 0.8116552 0.5497722 0.7867518 0.5393465 0.8030747 0.5497722 0.7867518 0.5497722 0.6888118 0.4251466 0.6971302 0.4440565 0.6971302 0.4251466 0.7044796 0.4251466 0.7112303 0.4440565 0.7112303 0.4251466 0.6971302 0.4251466 0.7044796 0.4440565 0.7044796 0.4251466 0.6888118 0.3405516 0.6971302 0.3618112 0.6971302 0.3405516 0.6888118 0.3618112 0.6971302 0.377645 0.6971302 0.3618112 0.6888118 0.377645 0.6971302 0.3934789 0.6971302 0.377645 0.6888118 0.3934789 0.6971302 0.4093127 0.6971302 0.3934789 0.6888118 0.4093127 0.6971302 0.4251466 0.6971302 0.4093127 0.6971302 0.4251466 0.7044796 0.4251466 0.6971302 0.4093127 0.6971302 0.4440565 0.6888118 0.4251466 0.6971302 0.4251466 0.7112303 0.4440565 0.7044796 0.4251466 0.7112303 0.4251466 0.7044796 0.4440565 0.6971302 0.4251466 0.7044796 0.4251466 0.6971302 0.3618112 0.6888118 0.3405516 0.6971302 0.3405516 0.6971302 0.377645 0.6888118 0.3618112 0.6971302 0.3618112 0.6971302 0.3934789 0.6888118 0.377645 0.6971302 0.377645 0.6971302 0.4093127 0.6888118 0.3934789 0.6971302 0.3934789 0.6971302 0.4251466 0.6888118 0.4093127 0.6971302 0.4093127 0.6971302 0.4251466 0.6971302 0.4093127 0.7044796 0.4251466 0.6971302 0.4093127 0.6971302 0.3934789 0.6971302 0.4093127 0.6971302 0.3618112 0.6971302 0.3405516 0.6971302 0.3618112 0.6971302 0.3405516 0.6888118 0.3405516 0.6971302 0.3405516 0.6971302 0.3934789 0.6971302 0.377645 0.6971302 0.3934789 0.6971302 0.377645 0.6971302 0.3618112 0.6971302 0.377645 0.7044796 0.4251466 0.6971302 0.4093127 0.7044796 0.4251466 0.6888118 0.4440565 0.6971302 0.4440565 0.6888118 0.4440565 0.7112303 0.4251466 0.7044796 0.4251466 0.7112303 0.4251466 0.6888118 0.3405516 0.6888118 0.3618112 0.6888118 0.3405516 0.6888118 0.4251466 0.6888118 0.4440565 0.6888118 0.4251466 0.6888118 0.4093127 0.6888118 0.4251466 0.6888118 0.4093127 0.6888118 0.3934789 0.6888118 0.4093127 0.6888118 0.3934789 0.6888118 0.377645 0.6888118 0.3934789 0.6888118 0.377645 0.6971302 0.4440565 0.7044796 0.4440565 0.6971302 0.4440565 0.6888118 0.3618112 0.6888118 0.377645 0.6888118 0.3618112 0.7044796 0.4440565 0.7112303 0.4440565 0.7044796 0.4440565 0.6971302 0.4440565 0.6888118 0.4251466 0.6971302 0.4251466 0.7112303 0.4440565 0.7044796 0.4251466 0.7112303 0.4251466 0.7044796 0.4440565 0.6971302 0.4251466 0.7044796 0.4251466 0.6971302 0.3618112 0.6888118 0.3405516 0.6971302 0.3405516 0.6971302 0.377645 0.6888118 0.3618112 0.6971302 0.3618112 0.6971302 0.3934789 0.6888118 0.377645 0.6971302 0.377645 0.6971302 0.4093127 0.6888118 0.3934789 0.6971302 0.3934789 0.6971302 0.4251466 0.6888118 0.4093127 0.6971302 0.4093127 0.6971302 0.4251466 0.6971302 0.4093127 0.7044796 0.4251466 0.6888118 0.4251466 0.6971302 0.4440565 0.6971302 0.4251466 0.7044796 0.4251466 0.7112303 0.4440565 0.7112303 0.4251466 0.6971302 0.4251466 0.7044796 0.4440565 0.7044796 0.4251466 0.6888118 0.3405516 0.6971302 0.3618112 0.6971302 0.3405516 0.6888118 0.3618112 0.6971302 0.377645 0.6971302 0.3618112 0.6888118 0.377645 0.6971302 0.3934789 0.6971302 0.377645 0.6888118 0.3934789 0.6971302 0.4093127 0.6971302 0.3934789 0.6888118 0.4093127 0.6971302 0.4251466 0.6971302 0.4093127 0.6971302 0.4251466 0.7044796 0.4251466 0.6971302 0.4093127 0.6971302 0.3934789 0.6971302 0.4093127 0.6971302 0.4093127 0.6971302 0.3405516 0.6971302 0.3618112 0.6971302 0.3618112 0.6888118 0.3405516 0.6971302 0.3405516 0.6971302 0.3405516 0.6971302 0.377645 0.6971302 0.3934789 0.6971302 0.3934789 0.6971302 0.3618112 0.6971302 0.377645 0.6971302 0.377645 0.6971302 0.4093127 0.7044796 0.4251466 0.7044796 0.4251466 0.6971302 0.4440565 0.6888118 0.4440565 0.6888118 0.4440565 0.7044796 0.4251466 0.7112303 0.4251466 0.7112303 0.4251466 0.6888118 0.3618112 0.6888118 0.3405516 0.6888118 0.3405516 0.6888118 0.4440565 0.6888118 0.4251466 0.6888118 0.4251466 0.6888118 0.4251466 0.6888118 0.4093127 0.6888118 0.4093127 0.6888118 0.4093127 0.6888118 0.3934789 0.6888118 0.3934789 0.6888118 0.3934789 0.6888118 0.377645 0.6888118 0.377645 0.7044796 0.4440565 0.6971302 0.4440565 0.6971302 0.4440565 0.6888118 0.377645 0.6888118 0.3618112 0.6888118 0.3618112 0.7112303 0.4440565 0.7044796 0.4440565 0.7044796 0.4440565 0.7867518 0.525695 0.8030747 0.557434 0.8030747 0.525695 0.8367925 0.557434 0.8531154 0.525695 0.8367925 0.525695 0.8030747 0.557434 0.7867518 0.525695 0.8030747 0.525695 0.8531154 0.525695 0.8367925 0.557434 0.8367925 0.525695 0.8116552 0.5393465 0.8433942 0.5497722 0.8116552 0.5497722 0.8531154 0.5393465 0.8367925 0.5497722 0.8531154 0.5497722 0.8433942 0.5393465 0.8116552 0.5497722 0.8433942 0.5497722 0.8030747 0.5393465 0.7867518 0.5497722 0.8030747 0.5497722 0.8433942 0.5393465 0.8116552 0.5497722 0.8433942 0.5497722 0.8367925 0.5393465 0.8531154 0.5497722 0.8367925 0.5497722 0.8116552 0.5393465 0.8433942 0.5497722 0.8116552 0.5497722 0.7867518 0.5393465 0.8030747 0.5497722 0.7867518 0.5497722 0.3204339 0.9707533 0.3003453 0.8395005 0.3204339 0.8605108 0.3457691 0.9707533 0.3003453 0.9917637 0.3204339 0.9707533 0.3204339 0.8605108 0.3658577 0.8395003 0.3457691 0.8605108 0.3457691 0.8605108 0.3658577 0.9917637 0.3457691 0.9707533 0.9719873 0.590834 0.9561948 0.5435432 0.9719873 0.5435432 0.3204339 0.9707533 0.3457691 0.9707533 0.3457691 0.9707533 0.3204339 0.8605108 0.3204339 0.9707533 0.3204339 0.9707533 0.3457691 0.9707533 0.3457691 0.8605108 0.3457691 0.8605108 0.6890358 0.2506909 0.6384948 0.3330663 0.6384948 0.2506909 0.3003453 0.8395005 0.3204339 0.9707533 0.3204339 0.8605108 0.3003453 0.9917637 0.3457691 0.9707533 0.3204339 0.9707533 0.3658577 0.8395003 0.3204339 0.8605108 0.3457691 0.8605108 0.3658577 0.9917637 0.3457691 0.8605108 0.3457691 0.9707533 0.9561948 0.5435432 0.9719873 0.590834 0.9719873 0.5435432 0.3457691 0.9707533 0.3204339 0.9707533 0.3457691 0.9707533 0.3204339 0.9707533 0.3204339 0.8605108 0.3204339 0.9707533 0.3457691 0.8605108 0.3457691 0.9707533 0.3457691 0.8605108 0.6384948 0.3330663 0.6890358 0.2506909 0.6384948 0.2506909 0.3097513 0.8631826 0.3656836 0.9948481 0.3656836 0.8631826 0.3097513 0.9948481 0.3656836 0.8631826 0.3656836 0.9948481 0.6838738 0.2547706 0.6009964 0.3268631 0.6009964 0.2547706 0.6009964 0.2547706 0.518119 0.3268631 0.518119 0.2547706 0.6009964 0.3268631 0.6838738 0.2547706 0.6009964 0.2547706 0.518119 0.3268631 0.6009964 0.2547706 0.518119 0.2547706 0.1233182 0.6317574 0.1274564 0.5979565 0.1233182 0.5979565 0.1992415 0.5220333 0.161998 0.5261715 0.161998 0.5220333 0.518119 0.2547706 0.6009964 0.2547706 0.6009964 0.2547706 0.1233182 0.5979565 0.1274564 0.6317574 0.1233182 0.6317574 0.236485 0.5220333 0.1992415 0.5261715 0.1992415 0.5220333 0.6009964 0.2547706 0.6838738 0.2547706 0.6838738 0.2547706 0.0805664 0.5330132 0.00420165 0.6443765 0.00420165 0.5330132 0.08027106 0.5330132 0.00390625 0.6443765 0.00390625 0.5330132 0.9462661 0.3351135 0.8984572 0.2518294 0.9462661 0.2518294 0.8984572 0.2518294 0.9462661 0.3351135 0.9462661 0.2518294 0.6838738 0.2547706 0.6009964 0.3268631 0.6009964 0.2547706 0.6009964 0.3268631 0.6838738 0.2547706 0.6009964 0.2547706 0.1233182 0.5979565 0.1274564 0.6317574 0.1233182 0.6317574 0.236485 0.5220333 0.1992415 0.5261715 0.1992415 0.5220333 0.6009964 0.3268631 0.6838738 0.2547706 0.6009964 0.2547706 0.6838738 0.2547706 0.6009964 0.3268631 0.6009964 0.2547706 0.1274564 0.6317574 0.1233182 0.5979565 0.1233182 0.6317574 0.1992415 0.5261715 0.236485 0.5220333 0.1992415 0.5220333 0.09889978 0.62233 0.09676158 0.5376567 0.09676158 0.62233 0.0955317 0.5376567 0.09339356 0.62233 0.0955317 0.62233 0.09676158 0.5376567 0.09889978 0.62233 0.09676158 0.62233 0.09339356 0.62233 0.0955317 0.5376567 0.0955317 0.62233 0.09889978 0.5594943 0.09676158 0.5537484 0.09676158 0.5594943 0.09586441 0.5376567 0.09011846 0.62233 0.09586441 0.62233 0.09339356 0.5594943 0.0955317 0.5537484 0.0955317 0.5594943 0.09586441 0.5376567 0.09011846 0.62233 0.09586441 0.62233 0.09676158 0.5594943 0.09889978 0.5537484 0.09889978 0.5594943 0.09586441 0.62233 0.09011846 0.5376567 0.09586441 0.5376567 0.0955317 0.5594943 0.09339356 0.5537484 0.09339356 0.5594943 0.09586441 0.62233 0.09011846 0.5376567 0.09586441 0.5376567 0.3837143 0.9360933 0.4027507 0.8419526 0.3837144 0.8419526 0.2694962 0.9360933 0.2885326 0.8419526 0.2694962 0.8419526 0.364678 0.9360933 0.3837144 0.8419526 0.364678 0.8419526 0.8938049 0.2521255 0.9573193 0.3427033 0.9573193 0.2521255 0.6971302 0.4440565 0.6888118 0.4251466 0.6971302 0.4251466 0.7112303 0.4440565 0.7044796 0.4251466 0.7112303 0.4251466 0.7044796 0.4440565 0.6971302 0.4251466 0.7044796 0.4251466 0.6971302 0.3618112 0.6888118 0.3405516 0.6971302 0.3405516 0.6971302 0.377645 0.6888118 0.3618112 0.6971302 0.3618112 0.6971302 0.3934789 0.6888118 0.377645 0.6971302 0.377645 0.6971302 0.4093127 0.6888118 0.3934789 0.6971302 0.3934789 0.6971302 0.4251466 0.6888118 0.4093127 0.6971302 0.4093127 0.6971302 0.4251466 0.6971302 0.4093127 0.7044796 0.4251466 0.6888118 0.4251466 0.6971302 0.4440565 0.6971302 0.4251466 0.7044796 0.4251466 0.7112303 0.4440565 0.7112303 0.4251466 0.6971302 0.4251466 0.7044796 0.4440565 0.7044796 0.4251466 0.6888118 0.3405516 0.6971302 0.3618112 0.6971302 0.3405516 0.6888118 0.3618112 0.6971302 0.377645 0.6971302 0.3618112 0.6888118 0.377645 0.6971302 0.3934789 0.6971302 0.377645 0.6888118 0.3934789 0.6971302 0.4093127 0.6971302 0.3934789 0.6888118 0.4093127 0.6971302 0.4251466 0.6971302 0.4093127 0.6971302 0.4251466 0.7044796 0.4251466 0.6971302 0.4093127 0.6971302 0.3934789 0.6971302 0.4093127 0.6971302 0.4093127 0.6971302 0.3405516 0.6971302 0.3618112 0.6971302 0.3618112 0.6888118 0.3405516 0.6971302 0.3405516 0.6971302 0.3405516 0.6971302 0.377645 0.6971302 0.3934789 0.6971302 0.3934789 0.6971302 0.3618112 0.6971302 0.377645 0.6971302 0.377645 0.6971302 0.4093127 0.7044796 0.4251466 0.7044796 0.4251466 0.6971302 0.4440565 0.6888118 0.4440565 0.6888118 0.4440565 0.7044796 0.4251466 0.7112303 0.4251466 0.7112303 0.4251466 0.6888118 0.3618112 0.6888118 0.3405516 0.6888118 0.3405516 0.6888118 0.4440565 0.6888118 0.4251466 0.6888118 0.4251466 0.6888118 0.4251466 0.6888118 0.4093127 0.6888118 0.4093127 0.6888118 0.4093127 0.6888118 0.3934789 0.6888118 0.3934789 0.6888118 0.3934789 0.6888118 0.377645 0.6888118 0.377645 0.7044796 0.4440565 0.6971302 0.4440565 0.6971302 0.4440565 0.6888118 0.377645 0.6888118 0.3618112 0.6888118 0.3618112 0.7112303 0.4440565 0.7044796 0.4440565 0.7044796 0.4440565 0.6888118 0.4251466 0.6971302 0.4440565 0.6971302 0.4251466 0.7044796 0.4251466 0.7112303 0.4440565 0.7112303 0.4251466 0.6971302 0.4251466 0.7044796 0.4440565 0.7044796 0.4251466 0.6888118 0.3405516 0.6971302 0.3618112 0.6971302 0.3405516 0.6888118 0.3618112 0.6971302 0.377645 0.6971302 0.3618112 0.6888118 0.377645 0.6971302 0.3934789 0.6971302 0.377645 0.6888118 0.3934789 0.6971302 0.4093127 0.6971302 0.3934789 0.6888118 0.4093127 0.6971302 0.4251466 0.6971302 0.4093127 0.6971302 0.4251466 0.7044796 0.4251466 0.6971302 0.4093127 0.6971302 0.4440565 0.6888118 0.4251466 0.6971302 0.4251466 0.7112303 0.4440565 0.7044796 0.4251466 0.7112303 0.4251466 0.7044796 0.4440565 0.6971302 0.4251466 0.7044796 0.4251466 0.6971302 0.3618112 0.6888118 0.3405516 0.6971302 0.3405516 0.6971302 0.377645 0.6888118 0.3618112 0.6971302 0.3618112 0.6971302 0.3934789 0.6888118 0.377645 0.6971302 0.377645 0.6971302 0.4093127 0.6888118 0.3934789 0.6971302 0.3934789 0.6971302 0.4251466 0.6888118 0.4093127 0.6971302 0.4093127 0.6971302 0.4251466 0.6971302 0.4093127 0.7044796 0.4251466 0.6971302 0.4093127 0.6971302 0.3934789 0.6971302 0.4093127 0.6971302 0.3618112 0.6971302 0.3405516 0.6971302 0.3618112 0.6971302 0.3405516 0.6888118 0.3405516 0.6971302 0.3405516 0.6971302 0.3934789 0.6971302 0.377645 0.6971302 0.3934789 0.6971302 0.377645 0.6971302 0.3618112 0.6971302 0.377645 0.7044796 0.4251466 0.6971302 0.4093127 0.7044796 0.4251466 0.6888118 0.4440565 0.6971302 0.4440565 0.6888118 0.4440565 0.7112303 0.4251466 0.7044796 0.4251466 0.7112303 0.4251466 0.6888118 0.3405516 0.6888118 0.3618112 0.6888118 0.3405516 0.6888118 0.4251466 0.6888118 0.4440565 0.6888118 0.4251466 0.6888118 0.4093127 0.6888118 0.4251466 0.6888118 0.4093127 0.6888118 0.3934789 0.6888118 0.4093127 0.6888118 0.3934789 0.6888118 0.377645 0.6888118 0.3934789 0.6888118 0.377645 0.6971302 0.4440565 0.7044796 0.4440565 0.6971302 0.4440565 0.6888118 0.3618112 0.6888118 0.377645 0.6888118 0.3618112 0.7044796 0.4440565 0.7112303 0.4440565 0.7044796 0.4440565 0.8030747 0.557434 0.7867518 0.525695 0.8030747 0.525695 0.8531154 0.525695 0.8367925 0.557434 0.8367925 0.525695 0.7867518 0.525695 0.8030747 0.557434 0.8030747 0.525695 0.8367925 0.557434 0.8531154 0.525695 0.8367925 0.525695 0.8433942 0.5497722 0.8116552 0.5393465 0.8116552 0.5497722 0.8367925 0.5497722 0.8531154 0.5393465 0.8531154 0.5497722 0.8116552 0.5497722 0.8433942 0.5393465 0.8433942 0.5497722 0.7867518 0.5497722 0.8030747 0.5393465 0.8030747 0.5497722 0.8116552 0.5497722 0.8433942 0.5393465 0.8433942 0.5497722 0.8531154 0.5497722 0.8367925 0.5393465 0.8367925 0.5497722 0.8433942 0.5497722 0.8116552 0.5393465 0.8116552 0.5497722 0.8030747 0.5497722 0.7867518 0.5393465 0.7867518 0.5497722 0.4027507 0.8419526 0.3837143 0.9360933 0.3837144 0.8419526 0.2885326 0.8419526 0.2694962 0.9360933 0.2694962 0.8419526 0.3837144 0.8419526 0.364678 0.9360933 0.364678 0.8419526 0.9573193 0.3427033 0.8938049 0.2521255 0.9573193 0.2521255 0.6888118 0.4251466 0.6971302 0.4440565 0.6971302 0.4251466 0.7044796 0.4251466 0.7112303 0.4440565 0.7112303 0.4251466 0.6971302 0.4251466 0.7044796 0.4440565 0.7044796 0.4251466 0.6888118 0.3405516 0.6971302 0.3618112 0.6971302 0.3405516 0.6888118 0.3618112 0.6971302 0.377645 0.6971302 0.3618112 0.6888118 0.377645 0.6971302 0.3934789 0.6971302 0.377645 0.6888118 0.3934789 0.6971302 0.4093127 0.6971302 0.3934789 0.6888118 0.4093127 0.6971302 0.4251466 0.6971302 0.4093127 0.6971302 0.4251466 0.7044796 0.4251466 0.6971302 0.4093127 0.6971302 0.4440565 0.6888118 0.4251466 0.6971302 0.4251466 0.7112303 0.4440565 0.7044796 0.4251466 0.7112303 0.4251466 0.7044796 0.4440565 0.6971302 0.4251466 0.7044796 0.4251466 0.6971302 0.3618112 0.6888118 0.3405516 0.6971302 0.3405516 0.6971302 0.377645 0.6888118 0.3618112 0.6971302 0.3618112 0.6971302 0.3934789 0.6888118 0.377645 0.6971302 0.377645 0.6971302 0.4093127 0.6888118 0.3934789 0.6971302 0.3934789 0.6971302 0.4251466 0.6888118 0.4093127 0.6971302 0.4093127 0.6971302 0.4251466 0.6971302 0.4093127 0.7044796 0.4251466 0.6971302 0.4093127 0.6971302 0.3934789 0.6971302 0.4093127 0.6971302 0.3618112 0.6971302 0.3405516 0.6971302 0.3618112 0.6971302 0.3405516 0.6888118 0.3405516 0.6971302 0.3405516 0.6971302 0.3934789 0.6971302 0.377645 0.6971302 0.3934789 0.6971302 0.377645 0.6971302 0.3618112 0.6971302 0.377645 0.7044796 0.4251466 0.6971302 0.4093127 0.7044796 0.4251466 0.6888118 0.4440565 0.6971302 0.4440565 0.6888118 0.4440565 0.7112303 0.4251466 0.7044796 0.4251466 0.7112303 0.4251466 0.6888118 0.3405516 0.6888118 0.3618112 0.6888118 0.3405516 0.6888118 0.4251466 0.6888118 0.4440565 0.6888118 0.4251466 0.6888118 0.4093127 0.6888118 0.4251466 0.6888118 0.4093127 0.6888118 0.3934789 0.6888118 0.4093127 0.6888118 0.3934789 0.6888118 0.377645 0.6888118 0.3934789 0.6888118 0.377645 0.6971302 0.4440565 0.7044796 0.4440565 0.6971302 0.4440565 0.6888118 0.3618112 0.6888118 0.377645 0.6888118 0.3618112 0.7044796 0.4440565 0.7112303 0.4440565 0.7044796 0.4440565 0.6971302 0.4440565 0.6888118 0.4251466 0.6971302 0.4251466 0.7112303 0.4440565 0.7044796 0.4251466 0.7112303 0.4251466 0.7044796 0.4440565 0.6971302 0.4251466 0.7044796 0.4251466 0.6971302 0.3618112 0.6888118 0.3405516 0.6971302 0.3405516 0.6971302 0.377645 0.6888118 0.3618112 0.6971302 0.3618112 0.6971302 0.3934789 0.6888118 0.377645 0.6971302 0.377645 0.6971302 0.4093127 0.6888118 0.3934789 0.6971302 0.3934789 0.6971302 0.4251466 0.6888118 0.4093127 0.6971302 0.4093127 0.6971302 0.4251466 0.6971302 0.4093127 0.7044796 0.4251466 0.6888118 0.4251466 0.6971302 0.4440565 0.6971302 0.4251466 0.7044796 0.4251466 0.7112303 0.4440565 0.7112303 0.4251466 0.6971302 0.4251466 0.7044796 0.4440565 0.7044796 0.4251466 0.6888118 0.3405516 0.6971302 0.3618112 0.6971302 0.3405516 0.6888118 0.3618112 0.6971302 0.377645 0.6971302 0.3618112 0.6888118 0.377645 0.6971302 0.3934789 0.6971302 0.377645 0.6888118 0.3934789 0.6971302 0.4093127 0.6971302 0.3934789 0.6888118 0.4093127 0.6971302 0.4251466 0.6971302 0.4093127 0.6971302 0.4251466 0.7044796 0.4251466 0.6971302 0.4093127 0.6971302 0.3934789 0.6971302 0.4093127 0.6971302 0.4093127 0.6971302 0.3405516 0.6971302 0.3618112 0.6971302 0.3618112 0.6888118 0.3405516 0.6971302 0.3405516 0.6971302 0.3405516 0.6971302 0.377645 0.6971302 0.3934789 0.6971302 0.3934789 0.6971302 0.3618112 0.6971302 0.377645 0.6971302 0.377645 0.6971302 0.4093127 0.7044796 0.4251466 0.7044796 0.4251466 0.6971302 0.4440565 0.6888118 0.4440565 0.6888118 0.4440565 0.7044796 0.4251466 0.7112303 0.4251466 0.7112303 0.4251466 0.6888118 0.3618112 0.6888118 0.3405516 0.6888118 0.3405516 0.6888118 0.4440565 0.6888118 0.4251466 0.6888118 0.4251466 0.6888118 0.4251466 0.6888118 0.4093127 0.6888118 0.4093127 0.6888118 0.4093127 0.6888118 0.3934789 0.6888118 0.3934789 0.6888118 0.3934789 0.6888118 0.377645 0.6888118 0.377645 0.7044796 0.4440565 0.6971302 0.4440565 0.6971302 0.4440565 0.6888118 0.377645 0.6888118 0.3618112 0.6888118 0.3618112 0.7112303 0.4440565 0.7044796 0.4440565 0.7044796 0.4440565 0.7867518 0.525695 0.8030747 0.557434 0.8030747 0.525695 0.8367925 0.557434 0.8531154 0.525695 0.8367925 0.525695 0.8030747 0.557434 0.7867518 0.525695 0.8030747 0.525695 0.8531154 0.525695 0.8367925 0.557434 0.8367925 0.525695 0.8116552 0.5393465 0.8433942 0.5497722 0.8116552 0.5497722 0.8531154 0.5393465 0.8367925 0.5497722 0.8531154 0.5497722 0.8433942 0.5393465 0.8116552 0.5497722 0.8433942 0.5497722 0.8030747 0.5393465 0.7867518 0.5497722 0.8030747 0.5497722 0.8433942 0.5393465 0.8116552 0.5497722 0.8433942 0.5497722 0.8367925 0.5393465 0.8531154 0.5497722 0.8367925 0.5497722 0.8116552 0.5393465 0.8433942 0.5497722 0.8116552 0.5497722 0.7867518 0.5393465 0.8030747 0.5497722 0.7867518 0.5497722 0.7469193 0.9924334 0.9066675 0.7368364 0.9066675 0.9924334 0.7494155 0.9924334 0.9091636 0.7368364 0.9091636 0.9924334 0.7469194 0.9924334 0.9066675 0.7368364 0.9066675 0.9924334 0.7419272 0.9924334 0.9016754 0.7368364 0.9016754 0.9924334 0.7110883 0.6498963 0.6623141 0.6817786 0.7110883 0.6817786 0.857411 0.6498963 0.8086368 0.6817786 0.857411 0.6817786 0.7598626 0.6498963 0.8086368 0.6817786 0.7598626 0.6817786 0.7598626 0.6498963 0.7110883 0.6817786 0.7598626 0.6817786 0.7185788 0.6498963 0.8011463 0.6817786 0.7185788 0.6817786 0.7110883 0.6498963 0.7598626 0.6817786 0.7110883 0.6817786 0.8086368 0.6498963 0.7598626 0.6817786 0.8086368 0.6817786 0.6623141 0.6498963 0.7110883 0.6817786 0.6623141 0.6817786 0.8011463 0.6498963 0.7185788 0.6817786 0.8011463 0.6817786 0.8086368 0.6498963 0.857411 0.6817786 0.8086368 0.6817786 0.07931411 0.171692 0.01185333 0.2639479 0.07931411 0.2639479 0.2816964 0.171692 0.2142356 0.2639479 0.2816964 0.2639479 0.1467748 0.171692 0.2142356 0.2639479 0.1467748 0.2639479 0.1467748 0.171692 0.07931411 0.2639479 0.1467748 0.2639479 0.08967429 0.171692 0.2038754 0.2639479 0.08967429 0.2639479 0.07931411 0.171692 0.1467748 0.2639479 0.07931411 0.2639479 0.2142356 0.171692 0.1467748 0.2639479 0.2142356 0.2639479 0.01185333 0.171692 0.07931411 0.2639479 0.01185333 0.2639479 0.2038754 0.171692 0.08967429 0.2639479 0.2038754 0.2639479 0.2142356 0.171692 0.2816964 0.2639479 0.2142356 0.2639479 0.1984114 0.7368364 0.0706129 0.8605577 0.03866326 0.7368364 0.04365539 0.7368364 0.171454 0.8605577 0.04365539 0.8605577 0.6838738 0.2547706 0.6009964 0.3268631 0.6009964 0.2547706 0.6009964 0.2547706 0.518119 0.3268631 0.518119 0.2547706 0.6009964 0.3268631 0.6838738 0.2547706 0.6009964 0.2547706 0.518119 0.3268631 0.6009964 0.2547706 0.518119 0.2547706 0.1233182 0.6317574 0.1274564 0.5979565 0.1233182 0.5979565 0.1992415 0.5220333 0.161998 0.5261715 0.161998 0.5220333 0.6009964 0.2547706 0.518119 0.2547706 0.6009964 0.2547706 0.1233182 0.5979565 0.1274564 0.6317574 0.1233182 0.6317574 0.236485 0.5220333 0.1992415 0.5261715 0.1992415 0.5220333 0.6838738 0.2547706 0.6009964 0.2547706 0.6838738 0.2547706 0.6838738 0.2547706 0.6009964 0.3268631 0.6009964 0.2547706 0.6009964 0.3268631 0.6838738 0.2547706 0.6009964 0.2547706 0.1233182 0.5979565 0.1274564 0.6317574 0.1233182 0.6317574 0.236485 0.5220333 0.1992415 0.5261715 0.1992415 0.5220333 0.6009964 0.3268631 0.6838738 0.2547706 0.6009964 0.2547706 0.6838738 0.2547706 0.6009964 0.3268631 0.6009964 0.2547706 0.1274564 0.6317574 0.1233182 0.5979565 0.1233182 0.6317574 0.1992415 0.5261715 0.236485 0.5220333 0.1992415 0.5220333 0.09889978 0.62233 0.09676158 0.5376567 0.09676158 0.62233 0.0955317 0.5376567 0.09339356 0.62233 0.0955317 0.62233 0.09676158 0.5376567 0.09889978 0.62233 0.09676158 0.62233 0.09339356 0.62233 0.0955317 0.5376567 0.0955317 0.62233 0.09889978 0.5594943 0.09676158 0.5537484 0.09676158 0.5594943 0.09586441 0.5376567 0.09011846 0.62233 0.09586441 0.62233 0.09339356 0.5594943 0.0955317 0.5537484 0.0955317 0.5594943 0.09586441 0.5376567 0.09011846 0.62233 0.09586441 0.62233 0.09676158 0.5594943 0.09889978 0.5537484 0.09889978 0.5594943 0.09586441 0.62233 0.09011846 0.5376567 0.09586441 0.5376567 0.0955317 0.5594943 0.09339356 0.5537484 0.09339356 0.5594943 0.09586441 0.62233 0.09011846 0.5376567 0.09586441 0.5376567 0.00390625 0.6443765 0.08027106 0.5330132 0.00390625 0.5330132 0.00420165 0.6443765 0.0805664 0.5330132 0.00420165 0.5330132 0.08027106 0.5330132 0.08027106 0.6443765 0.08027106 0.5330132 0.00420165 0.6443765 0.00420165 0.5330132 0.00420165 0.5330132 0.08027106 0.6443765 0.00390625 0.6443765 0.08027106 0.6443765 0.00390625 0.5330132 0.08027106 0.5330132 0.08027106 0.5330132 0.0805664 0.6443765 0.00420165 0.6443765 0.0805664 0.6443765 0.00420165 0.5330132 0.0805664 0.5330132 0.0805664 0.5330132 0.0805664 0.5330132 0.00420165 0.6443765 0.00420165 0.5330132 0.08027106 0.5330132 0.00390625 0.6443765 0.00390625 0.5330132 0.00390625 0.6443765 0.08027106 0.5330132 0.00390625 0.5330132 0.00420165 0.6443765 0.0805664 0.5330132 0.00420165 0.5330132 0.08027106 0.5330132 0.08027106 0.6443765 0.08027106 0.5330132 0.00420165 0.6443765 0.00420165 0.5330132 0.00420165 0.5330132 0.08027106 0.6443765 0.00390625 0.6443765 0.08027106 0.6443765 0.00390625 0.5330132 0.08027106 0.5330132 0.08027106 0.5330132 0.0805664 0.6443765 0.00420165 0.6443765 0.0805664 0.6443765 0.00420165 0.5330132 0.0805664 0.5330132 0.0805664 0.5330132 0.3138205 0.9801465 0.3138205 0.910274 0.3138205 0.910274 0.3138205 0.9801465 0.3611087 0.9868524 0.3584263 0.9801466 0.3584263 0.910274 0.3111382 0.9035683 0.3138205 0.910274 0.3138205 0.910274 0.3111382 0.9868524 0.3138205 0.9801465 0.3584263 0.910274 0.3611087 0.9868524 0.3611087 0.9035683 0.8879302 0.3399091 0.9503783 0.2544116 0.8879302 0.2544116 0.3584263 0.9801466 0.3138205 0.9801465 0.3138205 0.9801465 0.3584263 0.910274 0.3584263 0.9801466 0.3584263 0.9801466 0.3138205 0.910274 0.3584263 0.910274 0.3584263 0.910274 0.147574 0.2477509 0.2142065 0.2132329 0.2142065 0.2477509 0.08094167 0.2477509 0.147574 0.2132329 0.147574 0.2477509 0.09145849 0.2609633 0.1735937 0.3012304 0.09145849 0.3012304 0.009323418 0.2609633 0.09145849 0.3012304 0.009323418 0.3012304 0.1215022 0.3623849 0.0252003 0.3623849 0.0252003 0.3400735 0.01026737 0.3327316 0.01026737 0.3327316 0.01026737 0.4290335 0.0252003 0.3623849 0.1215022 0.3623849 0.0252003 0.3400735 0.40441 0.2581029 0.4897828 0.2067872 0.4897828 0.2581029 0.3190372 0.2581029 0.40441 0.2067872 0.40441 0.2581029 0.1432163 0.2609633 0.2253515 0.3012304 0.1432163 0.3012304 0.06108123 0.2609633 0.1432163 0.3012304 0.06108123 0.3012304 0.17326 0.3623849 0.07695811 0.3623849 0.07695811 0.3400735 0.06202512 0.3327316 0.06202512 0.3327316 0.06202512 0.4290335 0.07695811 0.3623849 0.17326 0.3623849 0.07695811 0.3400735 0.147574 0.2477509 0.2142065 0.2132329 0.2142065 0.2477509 0.08094167 0.2477509 0.147574 0.2132329 0.147574 0.2477509 0.09145849 0.2609633 0.1735937 0.3012304 0.09145849 0.3012304 0.009323418 0.2609633 0.09145849 0.3012304 0.009323418 0.3012304 0.1215022 0.3623849 0.0252003 0.3623849 0.0252003 0.3400735 0.01026737 0.3327316 0.01026737 0.3327316 0.01026737 0.4290335 0.0252003 0.3623849 0.1215022 0.3623849 0.0252003 0.3400735 0.40441 0.2581029 0.4897828 0.2067872 0.4897828 0.2581029 0.3190372 0.2581029 0.40441 0.2067872 0.40441 0.2581029 0.1432163 0.2609633 0.2253515 0.3012304 0.1432163 0.3012304 0.06108123 0.2609633 0.1432163 0.3012304 0.06108123 0.3012304 0.17326 0.3623849 0.07695811 0.3623849 0.07695811 0.3400735 0.06202512 0.3327316 0.06202512 0.3327316 0.06202512 0.4290335 0.07695811 0.3623849 0.17326 0.3623849 0.07695811 0.3400735 0.0143311 0.6219183 0.07294905 0.5281298 0.07294905 0.6219183 0.01524704 0.6219183 0.07386493 0.5281298 0.07386493 0.6219183 0.01433116 0.6219183 0.07294905 0.5281298 0.07294905 0.6219183 0.01249933 0.6219183 0.07111722 0.5281298 0.07111722 0.6219183 0.07294905 0.5281298 0.0143311 0.6219183 0.07294905 0.6219183 0.07386493 0.5281298 0.01524704 0.6219183 0.07386493 0.6219183 0.07294905 0.5281298 0.01433116 0.6219183 0.07294905 0.6219183 0.07111722 0.5281298 0.01249933 0.6219183 0.07111722 0.6219183 0.07386493 0.5281298 0.07386493 0.6219183 0.07386493 0.5281298 0.01249933 0.5281298 0.07111722 0.5281298 0.01249933 0.5281298 0.07294905 0.6219183 0.01433116 0.6219183 0.07294905 0.6219183 0.0143311 0.5281298 0.07294905 0.5281298 0.0143311 0.5281298 0.0143311 0.6219183 0.0143311 0.5281298 0.0143311 0.6219183 0.01524704 0.5281298 0.07386493 0.5281298 0.01524704 0.5281298 0.07294905 0.6219183 0.0143311 0.6219183 0.07294905 0.6219183 0.07386493 0.6219183 0.01524704 0.6219183 0.07386493 0.6219183 0.01433116 0.5281298 0.07294905 0.5281298 0.01433116 0.5281298 0.07111722 0.6219183 0.01249933 0.6219183 0.07111722 0.6219183 0.2133222 0.8293579 0.1316279 0.9147364 0.0549851 0.8293579 0.0549851 0.8293579 0.1366794 0.9147364 0.2133221 0.8293579 0.1316279 0.9085081 0.1366794 0.8355862 0.1366794 0.9085081 0.2101138 0.8293579 0.09769272 0.9147364 0.05819344 0.8293579 0.2101138 0.8293579 0.09769272 0.9147364 0.1706146 0.9147364 0.0549851 0.9480074 0.2133222 0.7960869 0.0549851 0.7960869 0.2943373 0.8981729 0.3108741 0.8840693 0.3604843 0.8840693 0.3145238 0.9297205 0.3568347 0.9297205 0.3709383 0.8448427 0.2943373 0.8448427 0.3770211 0.8448427 0.3108741 0.9297205 0.3604843 0.9297205 0.3770211 0.8448427 0.2943373 0.8448427 0.3145238 0.9297205 0.3004201 0.8448427 0.3709383 0.8448427 0.3604843 0.8840693 0.3108741 0.8840693 0.2943373 0.8981729 0.3145238 0.9297205 0.3004201 0.8448427 0.3709383 0.8448427 0.3604843 0.9297205 0.3770211 0.8448427 0.2943373 0.8448427 0.3108741 0.9297205 0.2943373 0.8448427 0.3770211 0.8448427 0.3145238 0.9297205 0.3568347 0.9297205 0.3709383 0.8448427 0.2943373 0.9404838 0.2943373 0.8981729 0.2943373 0.8981729 0.3604843 0.9297205 0.3108741 0.9297205 0.3108741 0.9297205 0.3568347 0.9297205 0.3568347 0.9689853 0.3568347 0.9689853 0.3004201 0.8448427 0.3709383 0.8448427 0.3709383 0.8448427 0.3108741 0.9297205 0.3604843 0.9297205 0.3604843 0.9297205 0.3004201 0.8448427 0.3709383 0.8448427 0.3004201 0.8448427 0.3108741 0.9297205 0.3108741 0.9689854 0.3108741 0.9297205 0.3604844 0.9545875 0.3108741 0.9545875 0.3108741 0.9545875 0.3145238 0.9297205 0.3568347 0.9297205 0.3568347 0.9297205 0.3604843 0.9297205 0.3604844 0.9689853 0.3604844 0.9689853 0.3568347 0.9297205 0.3145238 0.9297205 0.3145238 0.9297205 0.3604843 0.9297205 0.3604843 0.9689854 0.3604843 0.9297205 0.3604843 0.8840693 0.3108741 0.8840693 0.3604843 0.8840693 0.3568347 0.9297205 0.3568347 0.9689854 0.3568347 0.9297205 0.3108741 0.9297205 0.3108741 0.9689853 0.3108741 0.9689853 0.3770211 0.8981729 0.3770211 0.9404838 0.3770211 0.9404838 0.2943373 0.8448427 0.3770211 0.8448427 0.2943373 0.8448427 0.3145238 0.9297205 0.3145238 0.9689853 0.3145238 0.9689853 0.3770211 0.8448427 0.2943373 0.8448427 0.3770211 0.8448427 0.3145238 0.9297205 0.3145238 0.9689854 0.3145238 0.9297205 0.07848805 0.6439136 0.006892621 0.5311233 0.07848805 0.5311233 0.07848805 0.5311233 0.006892621 0.6439136 0.07848805 0.6439136 0.07848805 0.5311233 0.006892621 0.6439136 0.006892621 0.5311233 0.006892621 0.6439136 0.07848805 0.6439136 0.07848805 0.6439136 0.006892621 0.5311233 0.006892621 0.6439136 0.006892621 0.6439136 0.006892621 0.5311233 0.07848805 0.5311233 0.006892621 0.5311233 0.07848805 0.5311233 0.07848805 0.6439136 0.07848805 0.5311233 0.006892621 0.5311233 0.07848805 0.6439136 0.07848805 0.5311233 0.07848805 0.6439136 0.006892621 0.5311233 0.07848805 0.5311233 0.006892621 0.6439136 0.07848805 0.6439136 0.07848805 0.6439136 0.006892621 0.5311233 0.006892621 0.6439136 0.006892621 0.6439136 0.006892621 0.5311233 0.07848805 0.5311233 0.006892621 0.5311233 0.07848805 0.5311233 0.07848805 0.6439136 0.07848805 0.5311233 0.112106 0.8605577 0.1075547 0.8668233 0.1075547 0.8624465 0.1269957 0.9910271 0.1327496 0.9822942 0.1344842 0.9910271 0.2470097 0.7417537 0.1327496 0.9822942 0.2424245 0.7393357 0.01447016 0.7417536 0.1287302 0.9822942 0.1269957 0.9910271 0.04821133 0.7368364 0.1068772 0.859246 0.04519504 0.7398175 0.04821133 0.9924334 0.1068772 0.8700238 0.112106 0.8687121 0.01905536 0.7393357 0.1327496 0.9822942 0.2424245 0.7393357 0.7469193 0.9924334 0.9066675 0.7368364 0.9066675 0.9924334 0.7494155 0.9924334 0.9091636 0.7368364 0.9091636 0.9924334 0.7469194 0.9924334 0.9066675 0.7368364 0.9066675 0.9924334 0.7419272 0.9924334 0.9016754 0.7368364 0.9016754 0.9924334 0.7110883 0.6498963 0.6623141 0.6817786 0.7110883 0.6817786 0.857411 0.6498963 0.8086368 0.6817786 0.857411 0.6817786 0.7598626 0.6498963 0.8086368 0.6817786 0.7598626 0.6817786 0.7598626 0.6498963 0.7110883 0.6817786 0.7598626 0.6817786 0.7185788 0.6498963 0.8011463 0.6817786 0.7185788 0.6817786 0.7110883 0.6498963 0.7598626 0.6817786 0.7110883 0.6817786 0.8086368 0.6498963 0.7598626 0.6817786 0.8086368 0.6817786 0.6623141 0.6498963 0.7110883 0.6817786 0.6623141 0.6817786 0.8011463 0.6498963 0.7185788 0.6817786 0.8011463 0.6817786 0.8086368 0.6498963 0.857411 0.6817786 0.8086368 0.6817786 0.07931411 0.171692 0.01185333 0.2639479 0.07931411 0.2639479 0.2816964 0.171692 0.2142356 0.2639479 0.2816964 0.2639479 0.1467748 0.171692 0.2142356 0.2639479 0.1467748 0.2639479 0.1467748 0.171692 0.07931411 0.2639479 0.1467748 0.2639479 0.08967429 0.171692 0.2038754 0.2639479 0.08967429 0.2639479 0.07931411 0.171692 0.1467748 0.2639479 0.07931411 0.2639479 0.2142356 0.171692 0.1467748 0.2639479 0.2142356 0.2639479 0.01185333 0.171692 0.07931411 0.2639479 0.01185333 0.2639479 0.2038754 0.171692 0.08967429 0.2639479 0.2038754 0.2639479 0.2142356 0.171692 0.2816964 0.2639479 0.2142356 0.2639479 0.2694962 0.9868524 0.4027507 0.9868524 0.4027507 0.9035683 0.3860939 0.9868524 0.4110792 0.9868524 0.4110792 0.9035683 0.4027507 0.9868524 0.2694962 0.9868524 0.2694962 0.9035683 0.286153 0.9868524 0.2611678 0.9868524 0.2611678 0.9035683 0.286153 0.9701955 0.2611678 0.9701956 0.2611678 0.8369411 0.2034036 0.7368364 0.2353532 0.8605577 0.112106 0.8605577 0.01420181 0.8687121 0.01420181 0.8605577 0.1374491 0.8605577 0.04615151 0.7368364 0.2013437 0.7368364 0.1374491 0.8605577 0.04821133 0.9924334 0.2034036 0.9924334 0.04365539 0.9862518 0.2034036 0.9924334 0.2034036 0.7368364 0.04365539 0.9862518 0.2034036 0.7368364 0.04821133 0.7368364 0.04365539 0.743018 0.04615151 0.9924334 0.01420181 0.8687121 0.1374491 0.8687122 0.04615151 0.9924334 0.2013437 0.9924334 0.2058997 0.9862519 0.2058997 0.9862519 0.2058996 0.743018 0.04615151 0.9924334 0.2058996 0.743018 0.2013437 0.7368364 0.04615151 0.7368364 0.112106 0.8687121 0.112106 0.8605577 0.2353532 0.8605577 0.04365539 0.9924334 0.04365539 0.8687121 0.171454 0.8687121 0.1984114 0.9924334 0.03866326 0.9924334 0.0706129 0.8687121 0.2034036 0.9924334 0.04821133 0.9924334 0.112106 0.8687121 0.1984114 0.7368364 0.1984114 0.8605577 0.0706129 0.8605577 0.04365539 0.7368364 0.2034036 0.7368364 0.171454 0.8605577 0.04365539 0.8687121 0.04365539 0.8605577 0.171454 0.8605577 0.0706129 0.8687121 0.0706129 0.8605577 0.1984114 0.8605577 0.01905536 0.7393357 0.2424245 0.7393357 0.1327496 0.9822942 0.2034036 0.7368364 0.04365539 0.7368364 0.04365539 0.9924334 0.1984114 0.7368364 0.03866326 0.7368364 0.03866326 0.9924334 0.3421781 0.9792122 0.2911228 0.9792122 0.2911228 0.8437618 0.3860939 0.9360933 0.4110792 0.9360933 0.4110792 0.8419526 0.3538245 0.8408023 0.3243811 0.8408024 0.3243811 0.9962462 0.4110792 0.9868524 0.3860939 0.9868524 0.3860939 0.9035683 0.3451461 0.9847297 0.2940908 0.9847297 0.2940908 0.8492794 0.9533619 0.3477981 0.8908333 0.3477981 0.8908333 0.2488395 0.3611087 0.9701955 0.3611087 0.8369411 0.3860939 0.8369411 0.3111382 0.9701955 0.3111382 0.8369411 0.3611087 0.8369411 0.3860939 0.9868524 0.3611087 0.9868524 0.3611087 0.9035683 0.9462661 0.3351135 0.8984572 0.3351135 0.8984572 0.2518294 0.9416784 0.3351135 0.8986504 0.3351135 0.8986504 0.2518294 0.1984114 0.7368364 0.1984114 0.8605577 0.0706129 0.8605577 0.04365539 0.7368364 0.2034036 0.7368364 0.171454 0.8605577 0.171454 0.8605577 0.2034036 0.7368364 0.2034036 0.7368364 0.0706129 0.8605577 0.0706129 0.8605577 0.03866326 0.7368364 0.3111382 0.9868524 0.3111382 0.9868524 0.3111382 0.9035683 0.3860939 0.9701955 0.3860939 0.8369411 0.4110792 0.8369411 0.3962013 0.9847297 0.3451461 0.9847297 0.3451461 0.8492794 0.3611087 0.9360933 0.3860939 0.9360933 0.3860939 0.8419526 0.2611678 0.9868524 0.286153 0.9868524 0.286153 0.9035683 0.3832679 0.8408023 0.3538245 0.8408023 0.3538245 0.9962462 0.3932333 0.9792121 0.3421781 0.9792122 0.3421781 0.8437618 0.3111382 0.9701955 0.286153 0.9701955 0.286153 0.8369411 0.3111382 0.9868524 0.286153 0.9868524 0.286153 0.9035683 0.4139504 0.8241327 0.4139504 0.668024 0.3202852 0.668024 0.3003453 0.8395005 0.3003453 0.9917637 0.3204339 0.9707533 0.3204339 0.9707533 0.3003453 0.9917637 0.3658577 0.9917637 0.3658577 0.8395003 0.3003453 0.8395005 0.3204339 0.8605108 0.3658577 0.9917637 0.3658577 0.8395003 0.3457691 0.8605108 0.9561948 0.5435432 0.9561948 0.590834 0.9719873 0.590834 0.3457691 0.9707533 0.3204339 0.9707533 0.3204339 0.9707533 0.3204339 0.9707533 0.3204339 0.8605108 0.3204339 0.8605108 0.3457691 0.8605108 0.3457691 0.9707533 0.3457691 0.9707533 0.6384948 0.3330663 0.6890358 0.3330663 0.6890358 0.2506909 0.3204339 0.9707533 0.3003453 0.9917637 0.3003453 0.8395005 0.3204339 0.9707533 0.3457691 0.9707533 0.3658577 0.9917637 0.3204339 0.8605108 0.3003453 0.8395005 0.3658577 0.8395003 0.3457691 0.8605108 0.3658577 0.8395003 0.3658577 0.9917637 0.9719873 0.590834 0.9561948 0.590834 0.9561948 0.5435432 0.3204339 0.9707533 0.3204339 0.9707533 0.3457691 0.9707533 0.3204339 0.8605108 0.3204339 0.8605108 0.3204339 0.9707533 0.3457691 0.9707533 0.3457691 0.9707533 0.3457691 0.8605108 0.6890358 0.2506909 0.6890358 0.3330663 0.6384948 0.3330663 0.9110889 0.2541399 0.9110889 0.2541399 0.9292687 0.2541399 0.9339503 0.251349 0.9064073 0.251349 0.9064073 0.251349 0.9064073 0.251349 0.9064073 0.3278571 0.9064073 0.3278571 0.9339503 0.3278571 0.9339503 0.251349 0.9339503 0.251349 0.9064073 0.3278571 0.9339503 0.3278571 0.9339503 0.3278571 0.9301679 0.3218385 0.9351117 0.3320027 0.9060255 0.3320027 0.9301679 0.3218385 0.9301679 0.2521325 0.9351117 0.2513821 0.9109693 0.3218385 0.9060255 0.3320027 0.9060255 0.2513821 0.9292687 0.2541399 0.9339503 0.251349 0.9064073 0.251349 0.9288041 0.320198 0.928804 0.2516257 0.9120418 0.2516258 0.9301679 0.3218385 0.9301679 0.3218385 0.9301679 0.2521325 0.9109693 0.2521325 0.9109693 0.2521325 0.9109693 0.3218385 0.9109693 0.3218385 0.9109693 0.3218385 0.9301679 0.3218385 0.3457691 0.8605108 0.3457691 0.8605108 0.3204339 0.8605108 0 0 0 0 0 0 0.2986456 0.9035683 0.2986456 0.9035683 0.2986456 0.9035683 0.2986456 0.9035683 0.2986456 0.9035683 0.2986456 0.9868524 0.3736013 0.9868524 0.3736013 0.9868524 0.3736013 0.9035683 0.3736013 0.9035683 0.3736013 0.9035683 0.3736013 0.9035683 0 0 0 0 0 0 0.3340541 0.8526699 0.3040614 0.8526699 0.3040614 0.9359134 0.3349649 0.8526699 0.3049722 0.8526699 0.3049722 0.9359134 0.3349649 0.7849024 0.3349649 0.6682639 0.3349649 0.6682639 0.3040614 0.7849025 0.3340541 0.7849025 0.3340541 0.7849025 0.3049722 0.7849025 0.3349649 0.7849024 0.3349649 0.7849024 0.3862471 0.9718084 0.3862471 0.8415042 0.3084838 0.8415042 0.3862471 0.8415042 0.3862471 0.9718084 0.3084838 0.9718084 0.3040614 0.6682639 0.3040614 0.7849025 0.3040614 0.7849025 0.6971302 0.4440565 0.6888118 0.4440565 0.6888118 0.4251466 0.7112303 0.4440565 0.7044796 0.4440565 0.7044796 0.4251466 0.7044796 0.4440565 0.6971302 0.4440565 0.6971302 0.4251466 0.6971302 0.3618112 0.6888118 0.3618112 0.6888118 0.3405516 0.6971302 0.377645 0.6888118 0.377645 0.6888118 0.3618112 0.6971302 0.3934789 0.6888118 0.3934789 0.6888118 0.377645 0.6971302 0.4093127 0.6888118 0.4093127 0.6888118 0.3934789 0.6971302 0.4251466 0.6888118 0.4251466 0.6888118 0.4093127 0.6888118 0.4251466 0.6888118 0.4440565 0.6971302 0.4440565 0.7044796 0.4251466 0.7044796 0.4440565 0.7112303 0.4440565 0.6971302 0.4251466 0.6971302 0.4440565 0.7044796 0.4440565 0.6888118 0.3405516 0.6888118 0.3618112 0.6971302 0.3618112 0.6888118 0.3618112 0.6888118 0.377645 0.6971302 0.377645 0.6888118 0.377645 0.6888118 0.3934789 0.6971302 0.3934789 0.6888118 0.3934789 0.6888118 0.4093127 0.6971302 0.4093127 0.6888118 0.4093127 0.6888118 0.4251466 0.6971302 0.4251466 0.6971302 0.3934789 0.6971302 0.3934789 0.6971302 0.4093127 0.6971302 0.3405516 0.6971302 0.3405516 0.6971302 0.3618112 0.6888118 0.3405516 0.6888118 0.3405516 0.6971302 0.3405516 0.6971302 0.377645 0.6971302 0.377645 0.6971302 0.3934789 0.6971302 0.3618112 0.6971302 0.3618112 0.6971302 0.377645 0.6971302 0.4093127 0.6971302 0.4093127 0.7044796 0.4251466 0.6971302 0.4440565 0.6971302 0.4440565 0.6888118 0.4440565 0.7044796 0.4251466 0.7044796 0.4251466 0.7112303 0.4251466 0.6888118 0.3618112 0.6888118 0.3618112 0.6888118 0.3405516 0.6888118 0.4440565 0.6888118 0.4440565 0.6888118 0.4251466 0.6888118 0.4251466 0.6888118 0.4251466 0.6888118 0.4093127 0.6888118 0.4093127 0.6888118 0.4093127 0.6888118 0.3934789 0.6888118 0.3934789 0.6888118 0.3934789 0.6888118 0.377645 0.7044796 0.4440565 0.7044796 0.4440565 0.6971302 0.4440565 0.6888118 0.377645 0.6888118 0.377645 0.6888118 0.3618112 0.7112303 0.4440565 0.7112303 0.4440565 0.7044796 0.4440565 0.6888118 0.4251466 0.6888118 0.4440565 0.6971302 0.4440565 0.7044796 0.4251466 0.7044796 0.4440565 0.7112303 0.4440565 0.6971302 0.4251466 0.6971302 0.4440565 0.7044796 0.4440565 0.6888118 0.3405516 0.6888118 0.3618112 0.6971302 0.3618112 0.6888118 0.3618112 0.6888118 0.377645 0.6971302 0.377645 0.6888118 0.377645 0.6888118 0.3934789 0.6971302 0.3934789 0.6888118 0.3934789 0.6888118 0.4093127 0.6971302 0.4093127 0.6888118 0.4093127 0.6888118 0.4251466 0.6971302 0.4251466 0.6971302 0.4440565 0.6888118 0.4440565 0.6888118 0.4251466 0.7112303 0.4440565 0.7044796 0.4440565 0.7044796 0.4251466 0.7044796 0.4440565 0.6971302 0.4440565 0.6971302 0.4251466 0.6971302 0.3618112 0.6888118 0.3618112 0.6888118 0.3405516 0.6971302 0.377645 0.6888118 0.377645 0.6888118 0.3618112 0.6971302 0.3934789 0.6888118 0.3934789 0.6888118 0.377645 0.6971302 0.4093127 0.6888118 0.4093127 0.6888118 0.3934789 0.6971302 0.4251466 0.6888118 0.4251466 0.6888118 0.4093127 0.6971302 0.4093127 0.6971302 0.3934789 0.6971302 0.3934789 0.6971302 0.3618112 0.6971302 0.3405516 0.6971302 0.3405516 0.6971302 0.3405516 0.6888118 0.3405516 0.6888118 0.3405516 0.6971302 0.3934789 0.6971302 0.377645 0.6971302 0.377645 0.6971302 0.377645 0.6971302 0.3618112 0.6971302 0.3618112 0.7044796 0.4251466 0.6971302 0.4093127 0.6971302 0.4093127 0.6888118 0.4440565 0.6971302 0.4440565 0.6971302 0.4440565 0.7112303 0.4251466 0.7044796 0.4251466 0.7044796 0.4251466 0.6888118 0.3405516 0.6888118 0.3618112 0.6888118 0.3618112 0.6888118 0.4251466 0.6888118 0.4440565 0.6888118 0.4440565 0.6888118 0.4093127 0.6888118 0.4251466 0.6888118 0.4251466 0.6888118 0.3934789 0.6888118 0.4093127 0.6888118 0.4093127 0.6888118 0.377645 0.6888118 0.3934789 0.6888118 0.3934789 0.6971302 0.4440565 0.7044796 0.4440565 0.7044796 0.4440565 0.6888118 0.3618112 0.6888118 0.377645 0.6888118 0.377645 0.7044796 0.4440565 0.7112303 0.4440565 0.7112303 0.4440565 0.8030747 0.557434 0.7867518 0.557434 0.7867518 0.525695 0.8531154 0.525695 0.8531154 0.557434 0.8367925 0.557434 0.7867518 0.525695 0.7867518 0.557434 0.8030747 0.557434 0.8367925 0.557434 0.8531154 0.557434 0.8531154 0.525695 0.8433942 0.5497722 0.8433942 0.5393465 0.8116552 0.5393465 0.8367925 0.5497722 0.8367925 0.5393465 0.8531154 0.5393465 0.8116552 0.5497722 0.8116552 0.5393465 0.8433942 0.5393465 0.7867518 0.5497722 0.7867518 0.5393465 0.8030747 0.5393465 0.8116552 0.5497722 0.8116552 0.5393465 0.8433942 0.5393465 0.8531154 0.5497722 0.8531154 0.5393465 0.8367925 0.5393465 0.8433942 0.5497722 0.8433942 0.5393465 0.8116552 0.5393465 0.8030747 0.5497722 0.8030747 0.5393465 0.7867518 0.5393465 0.6971302 0.4440565 0.6888118 0.4440565 0.6888118 0.4251466 0.7112303 0.4440565 0.7044796 0.4440565 0.7044796 0.4251466 0.7044796 0.4440565 0.6971302 0.4440565 0.6971302 0.4251466 0.6971302 0.3618112 0.6888118 0.3618112 0.6888118 0.3405516 0.6971302 0.377645 0.6888118 0.377645 0.6888118 0.3618112 0.6971302 0.3934789 0.6888118 0.3934789 0.6888118 0.377645 0.6971302 0.4093127 0.6888118 0.4093127 0.6888118 0.3934789 0.6971302 0.4251466 0.6888118 0.4251466 0.6888118 0.4093127 0.6888118 0.4251466 0.6888118 0.4440565 0.6971302 0.4440565 0.7044796 0.4251466 0.7044796 0.4440565 0.7112303 0.4440565 0.6971302 0.4251466 0.6971302 0.4440565 0.7044796 0.4440565 0.6888118 0.3405516 0.6888118 0.3618112 0.6971302 0.3618112 0.6888118 0.3618112 0.6888118 0.377645 0.6971302 0.377645 0.6888118 0.377645 0.6888118 0.3934789 0.6971302 0.3934789 0.6888118 0.3934789 0.6888118 0.4093127 0.6971302 0.4093127 0.6888118 0.4093127 0.6888118 0.4251466 0.6971302 0.4251466 0.6971302 0.3934789 0.6971302 0.3934789 0.6971302 0.4093127 0.6971302 0.3405516 0.6971302 0.3405516 0.6971302 0.3618112 0.6888118 0.3405516 0.6888118 0.3405516 0.6971302 0.3405516 0.6971302 0.377645 0.6971302 0.377645 0.6971302 0.3934789 0.6971302 0.3618112 0.6971302 0.3618112 0.6971302 0.377645 0.6971302 0.4093127 0.6971302 0.4093127 0.7044796 0.4251466 0.6971302 0.4440565 0.6971302 0.4440565 0.6888118 0.4440565 0.7044796 0.4251466 0.7044796 0.4251466 0.7112303 0.4251466 0.6888118 0.3618112 0.6888118 0.3618112 0.6888118 0.3405516 0.6888118 0.4440565 0.6888118 0.4440565 0.6888118 0.4251466 0.6888118 0.4251466 0.6888118 0.4251466 0.6888118 0.4093127 0.6888118 0.4093127 0.6888118 0.4093127 0.6888118 0.3934789 0.6888118 0.3934789 0.6888118 0.3934789 0.6888118 0.377645 0.7044796 0.4440565 0.7044796 0.4440565 0.6971302 0.4440565 0.6888118 0.377645 0.6888118 0.377645 0.6888118 0.3618112 0.7112303 0.4440565 0.7112303 0.4440565 0.7044796 0.4440565 0.6888118 0.4251466 0.6888118 0.4440565 0.6971302 0.4440565 0.7044796 0.4251466 0.7044796 0.4440565 0.7112303 0.4440565 0.6971302 0.4251466 0.6971302 0.4440565 0.7044796 0.4440565 0.6888118 0.3405516 0.6888118 0.3618112 0.6971302 0.3618112 0.6888118 0.3618112 0.6888118 0.377645 0.6971302 0.377645 0.6888118 0.377645 0.6888118 0.3934789 0.6971302 0.3934789 0.6888118 0.3934789 0.6888118 0.4093127 0.6971302 0.4093127 0.6888118 0.4093127 0.6888118 0.4251466 0.6971302 0.4251466 0.6971302 0.4440565 0.6888118 0.4440565 0.6888118 0.4251466 0.7112303 0.4440565 0.7044796 0.4440565 0.7044796 0.4251466 0.7044796 0.4440565 0.6971302 0.4440565 0.6971302 0.4251466 0.6971302 0.3618112 0.6888118 0.3618112 0.6888118 0.3405516 0.6971302 0.377645 0.6888118 0.377645 0.6888118 0.3618112 0.6971302 0.3934789 0.6888118 0.3934789 0.6888118 0.377645 0.6971302 0.4093127 0.6888118 0.4093127 0.6888118 0.3934789 0.6971302 0.4251466 0.6888118 0.4251466 0.6888118 0.4093127 0.6971302 0.4093127 0.6971302 0.3934789 0.6971302 0.3934789 0.6971302 0.3618112 0.6971302 0.3405516 0.6971302 0.3405516 0.6971302 0.3405516 0.6888118 0.3405516 0.6888118 0.3405516 0.6971302 0.3934789 0.6971302 0.377645 0.6971302 0.377645 0.6971302 0.377645 0.6971302 0.3618112 0.6971302 0.3618112 0.7044796 0.4251466 0.6971302 0.4093127 0.6971302 0.4093127 0.6888118 0.4440565 0.6971302 0.4440565 0.6971302 0.4440565 0.7112303 0.4251466 0.7044796 0.4251466 0.7044796 0.4251466 0.6888118 0.3405516 0.6888118 0.3618112 0.6888118 0.3618112 0.6888118 0.4251466 0.6888118 0.4440565 0.6888118 0.4440565 0.6888118 0.4093127 0.6888118 0.4251466 0.6888118 0.4251466 0.6888118 0.3934789 0.6888118 0.4093127 0.6888118 0.4093127 0.6888118 0.377645 0.6888118 0.3934789 0.6888118 0.3934789 0.6971302 0.4440565 0.7044796 0.4440565 0.7044796 0.4440565 0.6888118 0.3618112 0.6888118 0.377645 0.6888118 0.377645 0.7044796 0.4440565 0.7112303 0.4440565 0.7112303 0.4440565 0.8030747 0.557434 0.7867518 0.557434 0.7867518 0.525695 0.8531154 0.525695 0.8531154 0.557434 0.8367925 0.557434 0.7867518 0.525695 0.7867518 0.557434 0.8030747 0.557434 0.8367925 0.557434 0.8531154 0.557434 0.8531154 0.525695 0.8433942 0.5497722 0.8433942 0.5393465 0.8116552 0.5393465 0.8367925 0.5497722 0.8367925 0.5393465 0.8531154 0.5393465 0.8116552 0.5497722 0.8116552 0.5393465 0.8433942 0.5393465 0.7867518 0.5497722 0.7867518 0.5393465 0.8030747 0.5393465 0.8116552 0.5497722 0.8116552 0.5393465 0.8433942 0.5393465 0.8531154 0.5497722 0.8531154 0.5393465 0.8367925 0.5393465 0.8433942 0.5497722 0.8433942 0.5393465 0.8116552 0.5393465 0.8030747 0.5497722 0.8030747 0.5393465 0.7867518 0.5393465 0.6971302 0.4440565 0.6888118 0.4440565 0.6888118 0.4251466 0.7112303 0.4440565 0.7044796 0.4440565 0.7044796 0.4251466 0.7044796 0.4440565 0.6971302 0.4440565 0.6971302 0.4251466 0.6971302 0.3618112 0.6888118 0.3618112 0.6888118 0.3405516 0.6971302 0.377645 0.6888118 0.377645 0.6888118 0.3618112 0.6971302 0.3934789 0.6888118 0.3934789 0.6888118 0.377645 0.6971302 0.4093127 0.6888118 0.4093127 0.6888118 0.3934789 0.6971302 0.4251466 0.6888118 0.4251466 0.6888118 0.4093127 0.6888118 0.4251466 0.6888118 0.4440565 0.6971302 0.4440565 0.7044796 0.4251466 0.7044796 0.4440565 0.7112303 0.4440565 0.6971302 0.4251466 0.6971302 0.4440565 0.7044796 0.4440565 0.6888118 0.3405516 0.6888118 0.3618112 0.6971302 0.3618112 0.6888118 0.3618112 0.6888118 0.377645 0.6971302 0.377645 0.6888118 0.377645 0.6888118 0.3934789 0.6971302 0.3934789 0.6888118 0.3934789 0.6888118 0.4093127 0.6971302 0.4093127 0.6888118 0.4093127 0.6888118 0.4251466 0.6971302 0.4251466 0.6971302 0.3934789 0.6971302 0.3934789 0.6971302 0.4093127 0.6971302 0.3405516 0.6971302 0.3405516 0.6971302 0.3618112 0.6888118 0.3405516 0.6888118 0.3405516 0.6971302 0.3405516 0.6971302 0.377645 0.6971302 0.377645 0.6971302 0.3934789 0.6971302 0.3618112 0.6971302 0.3618112 0.6971302 0.377645 0.6971302 0.4093127 0.6971302 0.4093127 0.7044796 0.4251466 0.6971302 0.4440565 0.6971302 0.4440565 0.6888118 0.4440565 0.7044796 0.4251466 0.7044796 0.4251466 0.7112303 0.4251466 0.6888118 0.3618112 0.6888118 0.3618112 0.6888118 0.3405516 0.6888118 0.4440565 0.6888118 0.4440565 0.6888118 0.4251466 0.6888118 0.4251466 0.6888118 0.4251466 0.6888118 0.4093127 0.6888118 0.4093127 0.6888118 0.4093127 0.6888118 0.3934789 0.6888118 0.3934789 0.6888118 0.3934789 0.6888118 0.377645 0.7044796 0.4440565 0.7044796 0.4440565 0.6971302 0.4440565 0.6888118 0.377645 0.6888118 0.377645 0.6888118 0.3618112 0.7112303 0.4440565 0.7112303 0.4440565 0.7044796 0.4440565 0.6888118 0.4251466 0.6888118 0.4440565 0.6971302 0.4440565 0.7044796 0.4251466 0.7044796 0.4440565 0.7112303 0.4440565 0.6971302 0.4251466 0.6971302 0.4440565 0.7044796 0.4440565 0.6888118 0.3405516 0.6888118 0.3618112 0.6971302 0.3618112 0.6888118 0.3618112 0.6888118 0.377645 0.6971302 0.377645 0.6888118 0.377645 0.6888118 0.3934789 0.6971302 0.3934789 0.6888118 0.3934789 0.6888118 0.4093127 0.6971302 0.4093127 0.6888118 0.4093127 0.6888118 0.4251466 0.6971302 0.4251466 0.6971302 0.4440565 0.6888118 0.4440565 0.6888118 0.4251466 0.7112303 0.4440565 0.7044796 0.4440565 0.7044796 0.4251466 0.7044796 0.4440565 0.6971302 0.4440565 0.6971302 0.4251466 0.6971302 0.3618112 0.6888118 0.3618112 0.6888118 0.3405516 0.6971302 0.377645 0.6888118 0.377645 0.6888118 0.3618112 0.6971302 0.3934789 0.6888118 0.3934789 0.6888118 0.377645 0.6971302 0.4093127 0.6888118 0.4093127 0.6888118 0.3934789 0.6971302 0.4251466 0.6888118 0.4251466 0.6888118 0.4093127 0.6971302 0.4093127 0.6971302 0.3934789 0.6971302 0.3934789 0.6971302 0.3618112 0.6971302 0.3405516 0.6971302 0.3405516 0.6971302 0.3405516 0.6888118 0.3405516 0.6888118 0.3405516 0.6971302 0.3934789 0.6971302 0.377645 0.6971302 0.377645 0.6971302 0.377645 0.6971302 0.3618112 0.6971302 0.3618112 0.7044796 0.4251466 0.6971302 0.4093127 0.6971302 0.4093127 0.6888118 0.4440565 0.6971302 0.4440565 0.6971302 0.4440565 0.7112303 0.4251466 0.7044796 0.4251466 0.7044796 0.4251466 0.6888118 0.3405516 0.6888118 0.3618112 0.6888118 0.3618112 0.6888118 0.4251466 0.6888118 0.4440565 0.6888118 0.4440565 0.6888118 0.4093127 0.6888118 0.4251466 0.6888118 0.4251466 0.6888118 0.3934789 0.6888118 0.4093127 0.6888118 0.4093127 0.6888118 0.377645 0.6888118 0.3934789 0.6888118 0.3934789 0.6971302 0.4440565 0.7044796 0.4440565 0.7044796 0.4440565 0.6888118 0.3618112 0.6888118 0.377645 0.6888118 0.377645 0.7044796 0.4440565 0.7112303 0.4440565 0.7112303 0.4440565 0.8030747 0.557434 0.7867518 0.557434 0.7867518 0.525695 0.8531154 0.525695 0.8531154 0.557434 0.8367925 0.557434 0.7867518 0.525695 0.7867518 0.557434 0.8030747 0.557434 0.8367925 0.557434 0.8531154 0.557434 0.8531154 0.525695 0.8433942 0.5497722 0.8433942 0.5393465 0.8116552 0.5393465 0.8367925 0.5497722 0.8367925 0.5393465 0.8531154 0.5393465 0.8116552 0.5497722 0.8116552 0.5393465 0.8433942 0.5393465 0.7867518 0.5497722 0.7867518 0.5393465 0.8030747 0.5393465 0.8116552 0.5497722 0.8116552 0.5393465 0.8433942 0.5393465 0.8531154 0.5497722 0.8531154 0.5393465 0.8367925 0.5393465 0.8433942 0.5497722 0.8433942 0.5393465 0.8116552 0.5393465 0.8030747 0.5497722 0.8030747 0.5393465 0.7867518 0.5393465 0.6888118 0.4251466 0.6888118 0.4440565 0.6971302 0.4440565 0.7044796 0.4251466 0.7044796 0.4440565 0.7112303 0.4440565 0.6971302 0.4251466 0.6971302 0.4440565 0.7044796 0.4440565 0.6888118 0.3405516 0.6888118 0.3618112 0.6971302 0.3618112 0.6888118 0.3618112 0.6888118 0.377645 0.6971302 0.377645 0.6888118 0.377645 0.6888118 0.3934789 0.6971302 0.3934789 0.6888118 0.3934789 0.6888118 0.4093127 0.6971302 0.4093127 0.6888118 0.4093127 0.6888118 0.4251466 0.6971302 0.4251466 0.6971302 0.4440565 0.6888118 0.4440565 0.6888118 0.4251466 0.7112303 0.4440565 0.7044796 0.4440565 0.7044796 0.4251466 0.7044796 0.4440565 0.6971302 0.4440565 0.6971302 0.4251466 0.6971302 0.3618112 0.6888118 0.3618112 0.6888118 0.3405516 0.6971302 0.377645 0.6888118 0.377645 0.6888118 0.3618112 0.6971302 0.3934789 0.6888118 0.3934789 0.6888118 0.377645 0.6971302 0.4093127 0.6888118 0.4093127 0.6888118 0.3934789 0.6971302 0.4251466 0.6888118 0.4251466 0.6888118 0.4093127 0.6971302 0.4093127 0.6971302 0.3934789 0.6971302 0.3934789 0.6971302 0.3618112 0.6971302 0.3405516 0.6971302 0.3405516 0.6971302 0.3405516 0.6888118 0.3405516 0.6888118 0.3405516 0.6971302 0.3934789 0.6971302 0.377645 0.6971302 0.377645 0.6971302 0.377645 0.6971302 0.3618112 0.6971302 0.3618112 0.7044796 0.4251466 0.6971302 0.4093127 0.6971302 0.4093127 0.6888118 0.4440565 0.6971302 0.4440565 0.6971302 0.4440565 0.7112303 0.4251466 0.7044796 0.4251466 0.7044796 0.4251466 0.6888118 0.3405516 0.6888118 0.3618112 0.6888118 0.3618112 0.6888118 0.4251466 0.6888118 0.4440565 0.6888118 0.4440565 0.6888118 0.4093127 0.6888118 0.4251466 0.6888118 0.4251466 0.6888118 0.3934789 0.6888118 0.4093127 0.6888118 0.4093127 0.6888118 0.377645 0.6888118 0.3934789 0.6888118 0.3934789 0.6971302 0.4440565 0.7044796 0.4440565 0.7044796 0.4440565 0.6888118 0.3618112 0.6888118 0.377645 0.6888118 0.377645 0.7044796 0.4440565 0.7112303 0.4440565 0.7112303 0.4440565 0.6971302 0.4440565 0.6888118 0.4440565 0.6888118 0.4251466 0.7112303 0.4440565 0.7044796 0.4440565 0.7044796 0.4251466 0.7044796 0.4440565 0.6971302 0.4440565 0.6971302 0.4251466 0.6971302 0.3618112 0.6888118 0.3618112 0.6888118 0.3405516 0.6971302 0.377645 0.6888118 0.377645 0.6888118 0.3618112 0.6971302 0.3934789 0.6888118 0.3934789 0.6888118 0.377645 0.6971302 0.4093127 0.6888118 0.4093127 0.6888118 0.3934789 0.6971302 0.4251466 0.6888118 0.4251466 0.6888118 0.4093127 0.6888118 0.4251466 0.6888118 0.4440565 0.6971302 0.4440565 0.7044796 0.4251466 0.7044796 0.4440565 0.7112303 0.4440565 0.6971302 0.4251466 0.6971302 0.4440565 0.7044796 0.4440565 0.6888118 0.3405516 0.6888118 0.3618112 0.6971302 0.3618112 0.6888118 0.3618112 0.6888118 0.377645 0.6971302 0.377645 0.6888118 0.377645 0.6888118 0.3934789 0.6971302 0.3934789 0.6888118 0.3934789 0.6888118 0.4093127 0.6971302 0.4093127 0.6888118 0.4093127 0.6888118 0.4251466 0.6971302 0.4251466 0.6971302 0.3934789 0.6971302 0.3934789 0.6971302 0.4093127 0.6971302 0.3405516 0.6971302 0.3405516 0.6971302 0.3618112 0.6888118 0.3405516 0.6888118 0.3405516 0.6971302 0.3405516 0.6971302 0.377645 0.6971302 0.377645 0.6971302 0.3934789 0.6971302 0.3618112 0.6971302 0.3618112 0.6971302 0.377645 0.6971302 0.4093127 0.6971302 0.4093127 0.7044796 0.4251466 0.6971302 0.4440565 0.6971302 0.4440565 0.6888118 0.4440565 0.7044796 0.4251466 0.7044796 0.4251466 0.7112303 0.4251466 0.6888118 0.3618112 0.6888118 0.3618112 0.6888118 0.3405516 0.6888118 0.4440565 0.6888118 0.4440565 0.6888118 0.4251466 0.6888118 0.4251466 0.6888118 0.4251466 0.6888118 0.4093127 0.6888118 0.4093127 0.6888118 0.4093127 0.6888118 0.3934789 0.6888118 0.3934789 0.6888118 0.3934789 0.6888118 0.377645 0.7044796 0.4440565 0.7044796 0.4440565 0.6971302 0.4440565 0.6888118 0.377645 0.6888118 0.377645 0.6888118 0.3618112 0.7112303 0.4440565 0.7112303 0.4440565 0.7044796 0.4440565 0.7867518 0.525695 0.7867518 0.557434 0.8030747 0.557434 0.8367925 0.557434 0.8531154 0.557434 0.8531154 0.525695 0.8030747 0.557434 0.7867518 0.557434 0.7867518 0.525695 0.8531154 0.525695 0.8531154 0.557434 0.8367925 0.557434 0.8116552 0.5393465 0.8433942 0.5393465 0.8433942 0.5497722 0.8531154 0.5393465 0.8367925 0.5393465 0.8367925 0.5497722 0.8433942 0.5393465 0.8116552 0.5393465 0.8116552 0.5497722 0.8030747 0.5393465 0.7867518 0.5393465 0.7867518 0.5497722 0.8433942 0.5393465 0.8116552 0.5393465 0.8116552 0.5497722 0.8367925 0.5393465 0.8531154 0.5393465 0.8531154 0.5497722 0.8116552 0.5393465 0.8433942 0.5393465 0.8433942 0.5497722 0.7867518 0.5393465 0.8030747 0.5393465 0.8030747 0.5497722 0.6888118 0.4251466 0.6888118 0.4440565 0.6971302 0.4440565 0.7044796 0.4251466 0.7044796 0.4440565 0.7112303 0.4440565 0.6971302 0.4251466 0.6971302 0.4440565 0.7044796 0.4440565 0.6888118 0.3405516 0.6888118 0.3618112 0.6971302 0.3618112 0.6888118 0.3618112 0.6888118 0.377645 0.6971302 0.377645 0.6888118 0.377645 0.6888118 0.3934789 0.6971302 0.3934789 0.6888118 0.3934789 0.6888118 0.4093127 0.6971302 0.4093127 0.6888118 0.4093127 0.6888118 0.4251466 0.6971302 0.4251466 0.6971302 0.4440565 0.6888118 0.4440565 0.6888118 0.4251466 0.7112303 0.4440565 0.7044796 0.4440565 0.7044796 0.4251466 0.7044796 0.4440565 0.6971302 0.4440565 0.6971302 0.4251466 0.6971302 0.3618112 0.6888118 0.3618112 0.6888118 0.3405516 0.6971302 0.377645 0.6888118 0.377645 0.6888118 0.3618112 0.6971302 0.3934789 0.6888118 0.3934789 0.6888118 0.377645 0.6971302 0.4093127 0.6888118 0.4093127 0.6888118 0.3934789 0.6971302 0.4251466 0.6888118 0.4251466 0.6888118 0.4093127 0.6971302 0.4093127 0.6971302 0.3934789 0.6971302 0.3934789 0.6971302 0.3618112 0.6971302 0.3405516 0.6971302 0.3405516 0.6971302 0.3405516 0.6888118 0.3405516 0.6888118 0.3405516 0.6971302 0.3934789 0.6971302 0.377645 0.6971302 0.377645 0.6971302 0.377645 0.6971302 0.3618112 0.6971302 0.3618112 0.7044796 0.4251466 0.6971302 0.4093127 0.6971302 0.4093127 0.6888118 0.4440565 0.6971302 0.4440565 0.6971302 0.4440565 0.7112303 0.4251466 0.7044796 0.4251466 0.7044796 0.4251466 0.6888118 0.3405516 0.6888118 0.3618112 0.6888118 0.3618112 0.6888118 0.4251466 0.6888118 0.4440565 0.6888118 0.4440565 0.6888118 0.4093127 0.6888118 0.4251466 0.6888118 0.4251466 0.6888118 0.3934789 0.6888118 0.4093127 0.6888118 0.4093127 0.6888118 0.377645 0.6888118 0.3934789 0.6888118 0.3934789 0.6971302 0.4440565 0.7044796 0.4440565 0.7044796 0.4440565 0.6888118 0.3618112 0.6888118 0.377645 0.6888118 0.377645 0.7044796 0.4440565 0.7112303 0.4440565 0.7112303 0.4440565 0.6971302 0.4440565 0.6888118 0.4440565 0.6888118 0.4251466 0.7112303 0.4440565 0.7044796 0.4440565 0.7044796 0.4251466 0.7044796 0.4440565 0.6971302 0.4440565 0.6971302 0.4251466 0.6971302 0.3618112 0.6888118 0.3618112 0.6888118 0.3405516 0.6971302 0.377645 0.6888118 0.377645 0.6888118 0.3618112 0.6971302 0.3934789 0.6888118 0.3934789 0.6888118 0.377645 0.6971302 0.4093127 0.6888118 0.4093127 0.6888118 0.3934789 0.6971302 0.4251466 0.6888118 0.4251466 0.6888118 0.4093127 0.6888118 0.4251466 0.6888118 0.4440565 0.6971302 0.4440565 0.7044796 0.4251466 0.7044796 0.4440565 0.7112303 0.4440565 0.6971302 0.4251466 0.6971302 0.4440565 0.7044796 0.4440565 0.6888118 0.3405516 0.6888118 0.3618112 0.6971302 0.3618112 0.6888118 0.3618112 0.6888118 0.377645 0.6971302 0.377645 0.6888118 0.377645 0.6888118 0.3934789 0.6971302 0.3934789 0.6888118 0.3934789 0.6888118 0.4093127 0.6971302 0.4093127 0.6888118 0.4093127 0.6888118 0.4251466 0.6971302 0.4251466 0.6971302 0.3934789 0.6971302 0.3934789 0.6971302 0.4093127 0.6971302 0.3405516 0.6971302 0.3405516 0.6971302 0.3618112 0.6888118 0.3405516 0.6888118 0.3405516 0.6971302 0.3405516 0.6971302 0.377645 0.6971302 0.377645 0.6971302 0.3934789 0.6971302 0.3618112 0.6971302 0.3618112 0.6971302 0.377645 0.6971302 0.4093127 0.6971302 0.4093127 0.7044796 0.4251466 0.6971302 0.4440565 0.6971302 0.4440565 0.6888118 0.4440565 0.7044796 0.4251466 0.7044796 0.4251466 0.7112303 0.4251466 0.6888118 0.3618112 0.6888118 0.3618112 0.6888118 0.3405516 0.6888118 0.4440565 0.6888118 0.4440565 0.6888118 0.4251466 0.6888118 0.4251466 0.6888118 0.4251466 0.6888118 0.4093127 0.6888118 0.4093127 0.6888118 0.4093127 0.6888118 0.3934789 0.6888118 0.3934789 0.6888118 0.3934789 0.6888118 0.377645 0.7044796 0.4440565 0.7044796 0.4440565 0.6971302 0.4440565 0.6888118 0.377645 0.6888118 0.377645 0.6888118 0.3618112 0.7112303 0.4440565 0.7112303 0.4440565 0.7044796 0.4440565 0.7867518 0.525695 0.7867518 0.557434 0.8030747 0.557434 0.8367925 0.557434 0.8531154 0.557434 0.8531154 0.525695 0.8030747 0.557434 0.7867518 0.557434 0.7867518 0.525695 0.8531154 0.525695 0.8531154 0.557434 0.8367925 0.557434 0.8116552 0.5393465 0.8433942 0.5393465 0.8433942 0.5497722 0.8531154 0.5393465 0.8367925 0.5393465 0.8367925 0.5497722 0.8433942 0.5393465 0.8116552 0.5393465 0.8116552 0.5497722 0.8030747 0.5393465 0.7867518 0.5393465 0.7867518 0.5497722 0.8433942 0.5393465 0.8116552 0.5393465 0.8116552 0.5497722 0.8367925 0.5393465 0.8531154 0.5393465 0.8531154 0.5497722 0.8116552 0.5393465 0.8433942 0.5393465 0.8433942 0.5497722 0.7867518 0.5393465 0.8030747 0.5393465 0.8030747 0.5497722 0.3204339 0.9707533 0.3003453 0.9917637 0.3003453 0.8395005 0.3457691 0.9707533 0.3658577 0.9917637 0.3003453 0.9917637 0.3204339 0.8605108 0.3003453 0.8395005 0.3658577 0.8395003 0.3457691 0.8605108 0.3658577 0.8395003 0.3658577 0.9917637 0.9719873 0.590834 0.9561948 0.590834 0.9561948 0.5435432 0.3204339 0.9707533 0.3204339 0.9707533 0.3457691 0.9707533 0.3204339 0.8605108 0.3204339 0.8605108 0.3204339 0.9707533 0.3457691 0.9707533 0.3457691 0.9707533 0.3457691 0.8605108 0.6890358 0.2506909 0.6890358 0.3330663 0.6384948 0.3330663 0.3003453 0.8395005 0.3003453 0.9917637 0.3204339 0.9707533 0.3003453 0.9917637 0.3658577 0.9917637 0.3457691 0.9707533 0.3658577 0.8395003 0.3003453 0.8395005 0.3204339 0.8605108 0.3658577 0.9917637 0.3658577 0.8395003 0.3457691 0.8605108 0.9561948 0.5435432 0.9561948 0.590834 0.9719873 0.590834 0.3457691 0.9707533 0.3204339 0.9707533 0.3204339 0.9707533 0.3204339 0.9707533 0.3204339 0.8605108 0.3204339 0.8605108 0.3457691 0.8605108 0.3457691 0.9707533 0.3457691 0.9707533 0.6384948 0.3330663 0.6890358 0.3330663 0.6890358 0.2506909 0.3097513 0.8631826 0.3097513 0.9948481 0.3656836 0.9948481 0.3097513 0.9948481 0.3097513 0.8631826 0.3656836 0.8631826 0.6838738 0.2547706 0.6838738 0.3268631 0.6009964 0.3268631 0.6009964 0.2547706 0.6009964 0.3268631 0.518119 0.3268631 0.6009964 0.3268631 0.6838738 0.3268631 0.6838738 0.2547706 0.518119 0.3268631 0.6009964 0.3268631 0.6009964 0.2547706 0.1233182 0.6317574 0.1274564 0.6317574 0.1274564 0.5979565 0.1992415 0.5220333 0.1992415 0.5261715 0.161998 0.5261715 0.518119 0.2547706 0.518119 0.2547706 0.6009964 0.2547706 0.1233182 0.5979565 0.1274564 0.5979565 0.1274564 0.6317574 0.236485 0.5220333 0.236485 0.5261715 0.1992415 0.5261715 0.6009964 0.2547706 0.6009964 0.2547706 0.6838738 0.2547706 0.0805664 0.5330132 0.0805664 0.6443765 0.00420165 0.6443765 0.08027106 0.5330132 0.08027106 0.6443765 0.00390625 0.6443765 0.9462661 0.3351135 0.8984572 0.3351135 0.8984572 0.2518294 0.8984572 0.2518294 0.8984572 0.3351135 0.9462661 0.3351135 0.6838738 0.2547706 0.6838738 0.3268631 0.6009964 0.3268631 0.6009964 0.3268631 0.6838738 0.3268631 0.6838738 0.2547706 0.1233182 0.5979565 0.1274564 0.5979565 0.1274564 0.6317574 0.236485 0.5220333 0.236485 0.5261715 0.1992415 0.5261715 0.6009964 0.3268631 0.6838738 0.3268631 0.6838738 0.2547706 0.6838738 0.2547706 0.6838738 0.3268631 0.6009964 0.3268631 0.1274564 0.6317574 0.1274564 0.5979565 0.1233182 0.5979565 0.1992415 0.5261715 0.236485 0.5261715 0.236485 0.5220333 0.09889978 0.62233 0.09889978 0.5376567 0.09676158 0.5376567 0.0955317 0.5376567 0.09339356 0.5376567 0.09339356 0.62233 0.09676158 0.5376567 0.09889978 0.5376567 0.09889978 0.62233 0.09339356 0.62233 0.09339356 0.5376567 0.0955317 0.5376567 0.09889978 0.5594943 0.09889978 0.5537484 0.09676158 0.5537484 0.09586441 0.5376567 0.09011846 0.5376567 0.09011846 0.62233 0.09339356 0.5594943 0.09339356 0.5537484 0.0955317 0.5537484 0.09586441 0.5376567 0.09011846 0.5376567 0.09011846 0.62233 0.09676158 0.5594943 0.09676158 0.5537484 0.09889978 0.5537484 0.09586441 0.62233 0.09011846 0.62233 0.09011846 0.5376567 0.0955317 0.5594943 0.0955317 0.5537484 0.09339356 0.5537484 0.09586441 0.62233 0.09011846 0.62233 0.09011846 0.5376567 0.3837143 0.9360933 0.4027507 0.9360933 0.4027507 0.8419526 0.2694962 0.9360933 0.2885326 0.9360933 0.2885326 0.8419526 0.364678 0.9360933 0.3837143 0.9360933 0.3837144 0.8419526 0.8938049 0.2521255 0.8938049 0.3427033 0.9573193 0.3427033 0.6971302 0.4440565 0.6888118 0.4440565 0.6888118 0.4251466 0.7112303 0.4440565 0.7044796 0.4440565 0.7044796 0.4251466 0.7044796 0.4440565 0.6971302 0.4440565 0.6971302 0.4251466 0.6971302 0.3618112 0.6888118 0.3618112 0.6888118 0.3405516 0.6971302 0.377645 0.6888118 0.377645 0.6888118 0.3618112 0.6971302 0.3934789 0.6888118 0.3934789 0.6888118 0.377645 0.6971302 0.4093127 0.6888118 0.4093127 0.6888118 0.3934789 0.6971302 0.4251466 0.6888118 0.4251466 0.6888118 0.4093127 0.6888118 0.4251466 0.6888118 0.4440565 0.6971302 0.4440565 0.7044796 0.4251466 0.7044796 0.4440565 0.7112303 0.4440565 0.6971302 0.4251466 0.6971302 0.4440565 0.7044796 0.4440565 0.6888118 0.3405516 0.6888118 0.3618112 0.6971302 0.3618112 0.6888118 0.3618112 0.6888118 0.377645 0.6971302 0.377645 0.6888118 0.377645 0.6888118 0.3934789 0.6971302 0.3934789 0.6888118 0.3934789 0.6888118 0.4093127 0.6971302 0.4093127 0.6888118 0.4093127 0.6888118 0.4251466 0.6971302 0.4251466 0.6971302 0.3934789 0.6971302 0.3934789 0.6971302 0.4093127 0.6971302 0.3405516 0.6971302 0.3405516 0.6971302 0.3618112 0.6888118 0.3405516 0.6888118 0.3405516 0.6971302 0.3405516 0.6971302 0.377645 0.6971302 0.377645 0.6971302 0.3934789 0.6971302 0.3618112 0.6971302 0.3618112 0.6971302 0.377645 0.6971302 0.4093127 0.6971302 0.4093127 0.7044796 0.4251466 0.6971302 0.4440565 0.6971302 0.4440565 0.6888118 0.4440565 0.7044796 0.4251466 0.7044796 0.4251466 0.7112303 0.4251466 0.6888118 0.3618112 0.6888118 0.3618112 0.6888118 0.3405516 0.6888118 0.4440565 0.6888118 0.4440565 0.6888118 0.4251466 0.6888118 0.4251466 0.6888118 0.4251466 0.6888118 0.4093127 0.6888118 0.4093127 0.6888118 0.4093127 0.6888118 0.3934789 0.6888118 0.3934789 0.6888118 0.3934789 0.6888118 0.377645 0.7044796 0.4440565 0.7044796 0.4440565 0.6971302 0.4440565 0.6888118 0.377645 0.6888118 0.377645 0.6888118 0.3618112 0.7112303 0.4440565 0.7112303 0.4440565 0.7044796 0.4440565 0.6888118 0.4251466 0.6888118 0.4440565 0.6971302 0.4440565 0.7044796 0.4251466 0.7044796 0.4440565 0.7112303 0.4440565 0.6971302 0.4251466 0.6971302 0.4440565 0.7044796 0.4440565 0.6888118 0.3405516 0.6888118 0.3618112 0.6971302 0.3618112 0.6888118 0.3618112 0.6888118 0.377645 0.6971302 0.377645 0.6888118 0.377645 0.6888118 0.3934789 0.6971302 0.3934789 0.6888118 0.3934789 0.6888118 0.4093127 0.6971302 0.4093127 0.6888118 0.4093127 0.6888118 0.4251466 0.6971302 0.4251466 0.6971302 0.4440565 0.6888118 0.4440565 0.6888118 0.4251466 0.7112303 0.4440565 0.7044796 0.4440565 0.7044796 0.4251466 0.7044796 0.4440565 0.6971302 0.4440565 0.6971302 0.4251466 0.6971302 0.3618112 0.6888118 0.3618112 0.6888118 0.3405516 0.6971302 0.377645 0.6888118 0.377645 0.6888118 0.3618112 0.6971302 0.3934789 0.6888118 0.3934789 0.6888118 0.377645 0.6971302 0.4093127 0.6888118 0.4093127 0.6888118 0.3934789 0.6971302 0.4251466 0.6888118 0.4251466 0.6888118 0.4093127 0.6971302 0.4093127 0.6971302 0.3934789 0.6971302 0.3934789 0.6971302 0.3618112 0.6971302 0.3405516 0.6971302 0.3405516 0.6971302 0.3405516 0.6888118 0.3405516 0.6888118 0.3405516 0.6971302 0.3934789 0.6971302 0.377645 0.6971302 0.377645 0.6971302 0.377645 0.6971302 0.3618112 0.6971302 0.3618112 0.7044796 0.4251466 0.6971302 0.4093127 0.6971302 0.4093127 0.6888118 0.4440565 0.6971302 0.4440565 0.6971302 0.4440565 0.7112303 0.4251466 0.7044796 0.4251466 0.7044796 0.4251466 0.6888118 0.3405516 0.6888118 0.3618112 0.6888118 0.3618112 0.6888118 0.4251466 0.6888118 0.4440565 0.6888118 0.4440565 0.6888118 0.4093127 0.6888118 0.4251466 0.6888118 0.4251466 0.6888118 0.3934789 0.6888118 0.4093127 0.6888118 0.4093127 0.6888118 0.377645 0.6888118 0.3934789 0.6888118 0.3934789 0.6971302 0.4440565 0.7044796 0.4440565 0.7044796 0.4440565 0.6888118 0.3618112 0.6888118 0.377645 0.6888118 0.377645 0.7044796 0.4440565 0.7112303 0.4440565 0.7112303 0.4440565 0.8030747 0.557434 0.7867518 0.557434 0.7867518 0.525695 0.8531154 0.525695 0.8531154 0.557434 0.8367925 0.557434 0.7867518 0.525695 0.7867518 0.557434 0.8030747 0.557434 0.8367925 0.557434 0.8531154 0.557434 0.8531154 0.525695 0.8433942 0.5497722 0.8433942 0.5393465 0.8116552 0.5393465 0.8367925 0.5497722 0.8367925 0.5393465 0.8531154 0.5393465 0.8116552 0.5497722 0.8116552 0.5393465 0.8433942 0.5393465 0.7867518 0.5497722 0.7867518 0.5393465 0.8030747 0.5393465 0.8116552 0.5497722 0.8116552 0.5393465 0.8433942 0.5393465 0.8531154 0.5497722 0.8531154 0.5393465 0.8367925 0.5393465 0.8433942 0.5497722 0.8433942 0.5393465 0.8116552 0.5393465 0.8030747 0.5497722 0.8030747 0.5393465 0.7867518 0.5393465 0.4027507 0.8419526 0.4027507 0.9360933 0.3837143 0.9360933 0.2885326 0.8419526 0.2885326 0.9360933 0.2694962 0.9360933 0.3837144 0.8419526 0.3837143 0.9360933 0.364678 0.9360933 0.9573193 0.3427033 0.8938049 0.3427033 0.8938049 0.2521255 0.6888118 0.4251466 0.6888118 0.4440565 0.6971302 0.4440565 0.7044796 0.4251466 0.7044796 0.4440565 0.7112303 0.4440565 0.6971302 0.4251466 0.6971302 0.4440565 0.7044796 0.4440565 0.6888118 0.3405516 0.6888118 0.3618112 0.6971302 0.3618112 0.6888118 0.3618112 0.6888118 0.377645 0.6971302 0.377645 0.6888118 0.377645 0.6888118 0.3934789 0.6971302 0.3934789 0.6888118 0.3934789 0.6888118 0.4093127 0.6971302 0.4093127 0.6888118 0.4093127 0.6888118 0.4251466 0.6971302 0.4251466 0.6971302 0.4440565 0.6888118 0.4440565 0.6888118 0.4251466 0.7112303 0.4440565 0.7044796 0.4440565 0.7044796 0.4251466 0.7044796 0.4440565 0.6971302 0.4440565 0.6971302 0.4251466 0.6971302 0.3618112 0.6888118 0.3618112 0.6888118 0.3405516 0.6971302 0.377645 0.6888118 0.377645 0.6888118 0.3618112 0.6971302 0.3934789 0.6888118 0.3934789 0.6888118 0.377645 0.6971302 0.4093127 0.6888118 0.4093127 0.6888118 0.3934789 0.6971302 0.4251466 0.6888118 0.4251466 0.6888118 0.4093127 0.6971302 0.4093127 0.6971302 0.3934789 0.6971302 0.3934789 0.6971302 0.3618112 0.6971302 0.3405516 0.6971302 0.3405516 0.6971302 0.3405516 0.6888118 0.3405516 0.6888118 0.3405516 0.6971302 0.3934789 0.6971302 0.377645 0.6971302 0.377645 0.6971302 0.377645 0.6971302 0.3618112 0.6971302 0.3618112 0.7044796 0.4251466 0.6971302 0.4093127 0.6971302 0.4093127 0.6888118 0.4440565 0.6971302 0.4440565 0.6971302 0.4440565 0.7112303 0.4251466 0.7044796 0.4251466 0.7044796 0.4251466 0.6888118 0.3405516 0.6888118 0.3618112 0.6888118 0.3618112 0.6888118 0.4251466 0.6888118 0.4440565 0.6888118 0.4440565 0.6888118 0.4093127 0.6888118 0.4251466 0.6888118 0.4251466 0.6888118 0.3934789 0.6888118 0.4093127 0.6888118 0.4093127 0.6888118 0.377645 0.6888118 0.3934789 0.6888118 0.3934789 0.6971302 0.4440565 0.7044796 0.4440565 0.7044796 0.4440565 0.6888118 0.3618112 0.6888118 0.377645 0.6888118 0.377645 0.7044796 0.4440565 0.7112303 0.4440565 0.7112303 0.4440565 0.6971302 0.4440565 0.6888118 0.4440565 0.6888118 0.4251466 0.7112303 0.4440565 0.7044796 0.4440565 0.7044796 0.4251466 0.7044796 0.4440565 0.6971302 0.4440565 0.6971302 0.4251466 0.6971302 0.3618112 0.6888118 0.3618112 0.6888118 0.3405516 0.6971302 0.377645 0.6888118 0.377645 0.6888118 0.3618112 0.6971302 0.3934789 0.6888118 0.3934789 0.6888118 0.377645 0.6971302 0.4093127 0.6888118 0.4093127 0.6888118 0.3934789 0.6971302 0.4251466 0.6888118 0.4251466 0.6888118 0.4093127 0.6888118 0.4251466 0.6888118 0.4440565 0.6971302 0.4440565 0.7044796 0.4251466 0.7044796 0.4440565 0.7112303 0.4440565 0.6971302 0.4251466 0.6971302 0.4440565 0.7044796 0.4440565 0.6888118 0.3405516 0.6888118 0.3618112 0.6971302 0.3618112 0.6888118 0.3618112 0.6888118 0.377645 0.6971302 0.377645 0.6888118 0.377645 0.6888118 0.3934789 0.6971302 0.3934789 0.6888118 0.3934789 0.6888118 0.4093127 0.6971302 0.4093127 0.6888118 0.4093127 0.6888118 0.4251466 0.6971302 0.4251466 0.6971302 0.3934789 0.6971302 0.3934789 0.6971302 0.4093127 0.6971302 0.3405516 0.6971302 0.3405516 0.6971302 0.3618112 0.6888118 0.3405516 0.6888118 0.3405516 0.6971302 0.3405516 0.6971302 0.377645 0.6971302 0.377645 0.6971302 0.3934789 0.6971302 0.3618112 0.6971302 0.3618112 0.6971302 0.377645 0.6971302 0.4093127 0.6971302 0.4093127 0.7044796 0.4251466 0.6971302 0.4440565 0.6971302 0.4440565 0.6888118 0.4440565 0.7044796 0.4251466 0.7044796 0.4251466 0.7112303 0.4251466 0.6888118 0.3618112 0.6888118 0.3618112 0.6888118 0.3405516 0.6888118 0.4440565 0.6888118 0.4440565 0.6888118 0.4251466 0.6888118 0.4251466 0.6888118 0.4251466 0.6888118 0.4093127 0.6888118 0.4093127 0.6888118 0.4093127 0.6888118 0.3934789 0.6888118 0.3934789 0.6888118 0.3934789 0.6888118 0.377645 0.7044796 0.4440565 0.7044796 0.4440565 0.6971302 0.4440565 0.6888118 0.377645 0.6888118 0.377645 0.6888118 0.3618112 0.7112303 0.4440565 0.7112303 0.4440565 0.7044796 0.4440565 0.7867518 0.525695 0.7867518 0.557434 0.8030747 0.557434 0.8367925 0.557434 0.8531154 0.557434 0.8531154 0.525695 0.8030747 0.557434 0.7867518 0.557434 0.7867518 0.525695 0.8531154 0.525695 0.8531154 0.557434 0.8367925 0.557434 0.8116552 0.5393465 0.8433942 0.5393465 0.8433942 0.5497722 0.8531154 0.5393465 0.8367925 0.5393465 0.8367925 0.5497722 0.8433942 0.5393465 0.8116552 0.5393465 0.8116552 0.5497722 0.8030747 0.5393465 0.7867518 0.5393465 0.7867518 0.5497722 0.8433942 0.5393465 0.8116552 0.5393465 0.8116552 0.5497722 0.8367925 0.5393465 0.8531154 0.5393465 0.8531154 0.5497722 0.8116552 0.5393465 0.8433942 0.5393465 0.8433942 0.5497722 0.7867518 0.5393465 0.8030747 0.5393465 0.8030747 0.5497722 0.7469193 0.9924334 0.7469193 0.7368364 0.9066675 0.7368364 0.7494155 0.9924334 0.7494155 0.7368364 0.9091636 0.7368364 0.7469194 0.9924334 0.7469194 0.7368364 0.9066675 0.7368364 0.7419272 0.9924334 0.7419272 0.7368364 0.9016754 0.7368364 0.7110883 0.6498963 0.6623141 0.6498963 0.6623141 0.6817786 0.857411 0.6498963 0.8086368 0.6498963 0.8086368 0.6817786 0.7598626 0.6498963 0.8086368 0.6498963 0.8086368 0.6817786 0.7598626 0.6498963 0.7110883 0.6498963 0.7110883 0.6817786 0.7185788 0.6498963 0.8011463 0.6498963 0.8011463 0.6817786 0.7110883 0.6498963 0.7598626 0.6498963 0.7598626 0.6817786 0.8086368 0.6498963 0.7598626 0.6498963 0.7598626 0.6817786 0.6623141 0.6498963 0.7110883 0.6498963 0.7110883 0.6817786 0.8011463 0.6498963 0.7185788 0.6498963 0.7185788 0.6817786 0.8086368 0.6498963 0.857411 0.6498963 0.857411 0.6817786 0.07931411 0.171692 0.01185333 0.171692 0.01185333 0.2639479 0.2816964 0.171692 0.2142356 0.171692 0.2142356 0.2639479 0.1467748 0.171692 0.2142356 0.171692 0.2142356 0.2639479 0.1467748 0.171692 0.07931411 0.171692 0.07931411 0.2639479 0.08967429 0.171692 0.2038754 0.171692 0.2038754 0.2639479 0.07931411 0.171692 0.1467748 0.171692 0.1467748 0.2639479 0.2142356 0.171692 0.1467748 0.171692 0.1467748 0.2639479 0.01185333 0.171692 0.07931411 0.171692 0.07931411 0.2639479 0.2038754 0.171692 0.08967429 0.171692 0.08967429 0.2639479 0.2142356 0.171692 0.2816964 0.171692 0.2816964 0.2639479 0.1984114 0.7368364 0.1984114 0.8605577 0.0706129 0.8605577 0.04365539 0.7368364 0.2034036 0.7368364 0.171454 0.8605577 0.6838738 0.2547706 0.6838738 0.3268631 0.6009964 0.3268631 0.6009964 0.2547706 0.6009964 0.3268631 0.518119 0.3268631 0.6009964 0.3268631 0.6838738 0.3268631 0.6838738 0.2547706 0.518119 0.3268631 0.6009964 0.3268631 0.6009964 0.2547706 0.1233182 0.6317574 0.1274564 0.6317574 0.1274564 0.5979565 0.1992415 0.5220333 0.1992415 0.5261715 0.161998 0.5261715 0.6009964 0.2547706 0.518119 0.2547706 0.518119 0.2547706 0.1233182 0.5979565 0.1274564 0.5979565 0.1274564 0.6317574 0.236485 0.5220333 0.236485 0.5261715 0.1992415 0.5261715 0.6838738 0.2547706 0.6009964 0.2547706 0.6009964 0.2547706 0.6838738 0.2547706 0.6838738 0.3268631 0.6009964 0.3268631 0.6009964 0.3268631 0.6838738 0.3268631 0.6838738 0.2547706 0.1233182 0.5979565 0.1274564 0.5979565 0.1274564 0.6317574 0.236485 0.5220333 0.236485 0.5261715 0.1992415 0.5261715 0.6009964 0.3268631 0.6838738 0.3268631 0.6838738 0.2547706 0.6838738 0.2547706 0.6838738 0.3268631 0.6009964 0.3268631 0.1274564 0.6317574 0.1274564 0.5979565 0.1233182 0.5979565 0.1992415 0.5261715 0.236485 0.5261715 0.236485 0.5220333 0.09889978 0.62233 0.09889978 0.5376567 0.09676158 0.5376567 0.0955317 0.5376567 0.09339356 0.5376567 0.09339356 0.62233 0.09676158 0.5376567 0.09889978 0.5376567 0.09889978 0.62233 0.09339356 0.62233 0.09339356 0.5376567 0.0955317 0.5376567 0.09889978 0.5594943 0.09889978 0.5537484 0.09676158 0.5537484 0.09586441 0.5376567 0.09011846 0.5376567 0.09011846 0.62233 0.09339356 0.5594943 0.09339356 0.5537484 0.0955317 0.5537484 0.09586441 0.5376567 0.09011846 0.5376567 0.09011846 0.62233 0.09676158 0.5594943 0.09676158 0.5537484 0.09889978 0.5537484 0.09586441 0.62233 0.09011846 0.62233 0.09011846 0.5376567 0.0955317 0.5594943 0.0955317 0.5537484 0.09339356 0.5537484 0.09586441 0.62233 0.09011846 0.62233 0.09011846 0.5376567 0.00390625 0.6443765 0.08027106 0.6443765 0.08027106 0.5330132 0.00420165 0.6443765 0.0805664 0.6443765 0.0805664 0.5330132 0.08027106 0.5330132 0.08027106 0.6443765 0.08027106 0.6443765 0.00420165 0.6443765 0.00420165 0.6443765 0.00420165 0.5330132 0.08027106 0.6443765 0.00390625 0.6443765 0.00390625 0.6443765 0.00390625 0.5330132 0.00390625 0.5330132 0.08027106 0.5330132 0.0805664 0.6443765 0.00420165 0.6443765 0.00420165 0.6443765 0.00420165 0.5330132 0.00420165 0.5330132 0.0805664 0.5330132 0.0805664 0.5330132 0.0805664 0.6443765 0.00420165 0.6443765 0.08027106 0.5330132 0.08027106 0.6443765 0.00390625 0.6443765 0.00390625 0.6443765 0.08027106 0.6443765 0.08027106 0.5330132 0.00420165 0.6443765 0.0805664 0.6443765 0.0805664 0.5330132 0.08027106 0.5330132 0.08027106 0.6443765 0.08027106 0.6443765 0.00420165 0.6443765 0.00420165 0.6443765 0.00420165 0.5330132 0.08027106 0.6443765 0.00390625 0.6443765 0.00390625 0.6443765 0.00390625 0.5330132 0.00390625 0.5330132 0.08027106 0.5330132 0.0805664 0.6443765 0.00420165 0.6443765 0.00420165 0.6443765 0.00420165 0.5330132 0.00420165 0.5330132 0.0805664 0.5330132 0.3138205 0.9801465 0.3138205 0.9801465 0.3138205 0.910274 0.3138205 0.9801465 0.3111382 0.9868524 0.3611087 0.9868524 0.3584263 0.910274 0.3611087 0.9035683 0.3111382 0.9035683 0.3138205 0.910274 0.3111382 0.9035683 0.3111382 0.9868524 0.3584263 0.910274 0.3584263 0.9801466 0.3611087 0.9868524 0.8879302 0.3399091 0.9503783 0.3399092 0.9503783 0.2544116 0.3584263 0.9801466 0.3584263 0.9801466 0.3138205 0.9801465 0.3584263 0.910274 0.3584263 0.910274 0.3584263 0.9801466 0.3138205 0.910274 0.3138205 0.910274 0.3584263 0.910274 0.147574 0.2477509 0.147574 0.2132329 0.2142065 0.2132329 0.08094167 0.2477509 0.08094167 0.2132329 0.147574 0.2132329 0.09145849 0.2609633 0.1735937 0.2609633 0.1735937 0.3012304 0.009323418 0.2609633 0.09145849 0.2609633 0.09145849 0.3012304 0.1215022 0.3623849 0.0252003 0.3623849 0.0252003 0.3623849 0.01026737 0.3327316 0.01026737 0.3327316 0.01026737 0.3327316 0.40441 0.2581029 0.40441 0.2067872 0.4897828 0.2067872 0.3190372 0.2581029 0.3190372 0.2067872 0.40441 0.2067872 0.1432163 0.2609633 0.2253515 0.2609633 0.2253515 0.3012304 0.06108123 0.2609633 0.1432163 0.2609633 0.1432163 0.3012304 0.17326 0.3623849 0.07695811 0.3623849 0.07695811 0.3623849 0.06202512 0.3327316 0.06202512 0.3327316 0.06202512 0.3327316 0.147574 0.2477509 0.147574 0.2132329 0.2142065 0.2132329 0.08094167 0.2477509 0.08094167 0.2132329 0.147574 0.2132329 0.09145849 0.2609633 0.1735937 0.2609633 0.1735937 0.3012304 0.009323418 0.2609633 0.09145849 0.2609633 0.09145849 0.3012304 0.1215022 0.3623849 0.0252003 0.3623849 0.0252003 0.3623849 0.01026737 0.3327316 0.01026737 0.3327316 0.01026737 0.3327316 0.40441 0.2581029 0.40441 0.2067872 0.4897828 0.2067872 0.3190372 0.2581029 0.3190372 0.2067872 0.40441 0.2067872 0.1432163 0.2609633 0.2253515 0.2609633 0.2253515 0.3012304 0.06108123 0.2609633 0.1432163 0.2609633 0.1432163 0.3012304 0.17326 0.3623849 0.07695811 0.3623849 0.07695811 0.3623849 0.06202512 0.3327316 0.06202512 0.3327316 0.06202512 0.3327316 0.0143311 0.6219183 0.0143311 0.5281298 0.07294905 0.5281298 0.01524704 0.6219183 0.01524704 0.5281298 0.07386493 0.5281298 0.01433116 0.6219183 0.01433116 0.5281298 0.07294905 0.5281298 0.01249933 0.6219183 0.01249933 0.5281298 0.07111722 0.5281298 0.07294905 0.5281298 0.0143311 0.5281298 0.0143311 0.6219183 0.07386493 0.5281298 0.01524704 0.5281298 0.01524704 0.6219183 0.07294905 0.5281298 0.01433116 0.5281298 0.01433116 0.6219183 0.07111722 0.5281298 0.01249933 0.5281298 0.01249933 0.6219183 0.07386493 0.5281298 0.07386493 0.6219183 0.07386493 0.6219183 0.01249933 0.5281298 0.07111722 0.5281298 0.07111722 0.5281298 0.07294905 0.6219183 0.01433116 0.6219183 0.01433116 0.6219183 0.0143311 0.5281298 0.07294905 0.5281298 0.07294905 0.5281298 0.0143311 0.6219183 0.0143311 0.5281298 0.0143311 0.5281298 0.01524704 0.5281298 0.07386493 0.5281298 0.07386493 0.5281298 0.07294905 0.6219183 0.0143311 0.6219183 0.0143311 0.6219183 0.07386493 0.6219183 0.01524704 0.6219183 0.01524704 0.6219183 0.01433116 0.5281298 0.07294905 0.5281298 0.07294905 0.5281298 0.07111722 0.6219183 0.01249933 0.6219183 0.01249933 0.6219183 0.2133222 0.8293579 0.1366794 0.9147364 0.1316279 0.9147364 0.0549851 0.8293579 0.1316279 0.9147364 0.1366794 0.9147364 0.1316279 0.9085081 0.1316279 0.8355862 0.1366794 0.8355862 0.2101138 0.8293579 0.1706146 0.9147364 0.09769272 0.9147364 0.2101138 0.8293579 0.05819338 0.8293579 0.09769272 0.9147364 0.0549851 0.9480074 0.2133221 0.9480074 0.2133222 0.7960869 0.3108741 0.9545875 0.2943373 0.9545875 0.2943373 0.9404838 0.2943373 0.8981729 0.2943373 0.8840693 0.3108741 0.8840693 0.3108741 0.9545875 0.2943373 0.9404838 0.3770211 0.9404838 0.2943373 0.9404838 0.2943373 0.8981729 0.3770211 0.9404838 0.3770211 0.9545875 0.3604844 0.9545875 0.3770211 0.9404838 0.3604844 0.9545875 0.3108741 0.9545875 0.3770211 0.9404838 0.3770211 0.8840693 0.3770211 0.8981729 0.3604843 0.8840693 0.3770211 0.8981729 0.3770211 0.9404838 0.2943373 0.8981729 0.3604843 0.8840693 0.3770211 0.8981729 0.2943373 0.8981729 0.3568347 0.9297205 0.3568347 0.9689853 0.3709383 0.9689854 0.3004201 0.8448427 0.3004201 0.9689854 0.3145238 0.9297205 0.3004201 0.9689854 0.3145238 0.9689854 0.3145238 0.9297205 0.3568347 0.9297205 0.3709383 0.9689854 0.3709383 0.8448427 0.3004201 0.8448427 0.3145238 0.9297205 0.3709383 0.8448427 0.3108741 0.9297205 0.3108741 0.9689853 0.2943373 0.9689854 0.3770211 0.8448427 0.3770211 0.9689854 0.3604843 0.9297205 0.3770211 0.9689854 0.3604843 0.9689854 0.3604843 0.9297205 0.3108741 0.9297205 0.2943373 0.9689854 0.2943373 0.8448427 0.3770211 0.8448427 0.3604843 0.9297205 0.3108741 0.9297205 0.3604843 0.9297205 0.3604844 0.9689853 0.3770211 0.9689854 0.2943373 0.8448427 0.2943373 0.9689854 0.3108741 0.9297205 0.2943373 0.9689854 0.3108741 0.9689854 0.3108741 0.9297205 0.3604843 0.9297205 0.3770211 0.9689854 0.3770211 0.8448427 0.2943373 0.8448427 0.3108741 0.9297205 0.3604843 0.9297205 0.3145238 0.9297205 0.3145238 0.9689853 0.3004201 0.9689854 0.3709383 0.8448427 0.3709383 0.9689854 0.3568347 0.9297205 0.3709383 0.9689854 0.3568347 0.9689854 0.3568347 0.9297205 0.3145238 0.9297205 0.3004201 0.9689854 0.3004201 0.8448427 0.3709383 0.8448427 0.3568347 0.9297205 0.3145238 0.9297205 0.3108741 0.9545875 0.3604844 0.9545875 0.3770211 0.9404838 0.3604844 0.9545875 0.3770211 0.9545875 0.3770211 0.9404838 0.3770211 0.9404838 0.3770211 0.8981729 0.2943373 0.8981729 0.3770211 0.8981729 0.3770211 0.8840693 0.3604843 0.8840693 0.2943373 0.9404838 0.2943373 0.9545875 0.3108741 0.9545875 0.3108741 0.8840693 0.2943373 0.8840693 0.2943373 0.8981729 0.2943373 0.8981729 0.2943373 0.9404838 0.3770211 0.9404838 0.2943373 0.9404838 0.3108741 0.9545875 0.3770211 0.9404838 0.3770211 0.8981729 0.3604843 0.8840693 0.2943373 0.8981729 0.3145238 0.9297205 0.3145238 0.9689854 0.3004201 0.9689854 0.3709383 0.8448427 0.3709383 0.9689854 0.3568347 0.9297205 0.3709383 0.9689854 0.3568347 0.9689853 0.3568347 0.9297205 0.3145238 0.9297205 0.3004201 0.9689854 0.3004201 0.8448427 0.3709383 0.8448427 0.3568347 0.9297205 0.3145238 0.9297205 0.2943373 0.9689854 0.3108741 0.9689853 0.3108741 0.9297205 0.3604843 0.9297205 0.3604843 0.9689854 0.3770211 0.9689854 0.2943373 0.8448427 0.2943373 0.9689854 0.3108741 0.9297205 0.3604843 0.9297205 0.3770211 0.9689854 0.3770211 0.8448427 0.2943373 0.8448427 0.3108741 0.9297205 0.3604843 0.9297205 0.3108741 0.9297205 0.3108741 0.9689854 0.2943373 0.9689854 0.3770211 0.8448427 0.3770211 0.9689854 0.3604843 0.9297205 0.3770211 0.9689854 0.3604844 0.9689853 0.3604843 0.9297205 0.3108741 0.9297205 0.2943373 0.9689854 0.2943373 0.8448427 0.3770211 0.8448427 0.3604843 0.9297205 0.3108741 0.9297205 0.3568347 0.9297205 0.3568347 0.9689854 0.3709383 0.9689854 0.3004201 0.8448427 0.3004201 0.9689854 0.3145238 0.9297205 0.3004201 0.9689854 0.3145238 0.9689853 0.3145238 0.9297205 0.3568347 0.9297205 0.3709383 0.9689854 0.3709383 0.8448427 0.3004201 0.8448427 0.3145238 0.9297205 0.3709383 0.8448427 0.2943373 0.9404838 0.2943373 0.9404838 0.2943373 0.8981729 0.3604843 0.9297205 0.3604843 0.9297205 0.3108741 0.9297205 0.3568347 0.9297205 0.3568347 0.9297205 0.3568347 0.9689853 0.3004201 0.8448427 0.3004201 0.8448427 0.3709383 0.8448427 0.3108741 0.9297205 0.3108741 0.9297205 0.3604843 0.9297205 0.3004201 0.8448427 0.3709383 0.8448427 0.3709383 0.8448427 0.3108741 0.9297205 0.3108741 0.9689854 0.3108741 0.9689854 0.3604844 0.9545875 0.3604844 0.9545875 0.3108741 0.9545875 0.3145238 0.9297205 0.3145238 0.9297205 0.3568347 0.9297205 0.3604843 0.9297205 0.3604843 0.9297205 0.3604844 0.9689853 0.3568347 0.9297205 0.3568347 0.9297205 0.3145238 0.9297205 0.3604843 0.9297205 0.3604843 0.9689854 0.3604843 0.9689854 0.3604843 0.8840693 0.3108741 0.8840693 0.3108741 0.8840693 0.3568347 0.9297205 0.3568347 0.9689854 0.3568347 0.9689854 0.3108741 0.9297205 0.3108741 0.9297205 0.3108741 0.9689853 0.3770211 0.8981729 0.3770211 0.8981729 0.3770211 0.9404838 0.2943373 0.8448427 0.3770211 0.8448427 0.3770211 0.8448427 0.3145238 0.9297205 0.3145238 0.9297205 0.3145238 0.9689853 0.3770211 0.8448427 0.2943373 0.8448427 0.2943373 0.8448427 0.3145238 0.9297205 0.3145238 0.9689854 0.3145238 0.9689854 0.07848805 0.6439136 0.006892621 0.6439136 0.006892621 0.5311233 0.07848805 0.5311233 0.006892621 0.5311233 0.006892621 0.6439136 0.07848805 0.5311233 0.07848805 0.6439136 0.006892621 0.6439136 0.006892621 0.6439136 0.006892621 0.6439136 0.07848805 0.6439136 0.006892621 0.5311233 0.006892621 0.5311233 0.006892621 0.6439136 0.006892621 0.5311233 0.07848805 0.5311233 0.07848805 0.5311233 0.07848805 0.5311233 0.07848805 0.6439136 0.07848805 0.6439136 0.006892621 0.5311233 0.006892621 0.6439136 0.07848805 0.6439136 0.07848805 0.6439136 0.006892621 0.6439136 0.006892621 0.5311233 0.006892621 0.6439136 0.006892621 0.6439136 0.07848805 0.6439136 0.006892621 0.5311233 0.006892621 0.5311233 0.006892621 0.6439136 0.006892621 0.5311233 0.07848805 0.5311233 0.07848805 0.5311233 0.07848805 0.5311233 0.07848805 0.6439136 0.07848805 0.6439136 0.112106 0.8605577 0.112106 0.8687121 0.1075547 0.8668233 0.1269957 0.9910271 0.1287302 0.9822942 0.1327496 0.9822942 0.2470097 0.7417537 0.1344842 0.9910271 0.1327496 0.9822942 0.01447016 0.7417536 0.01905536 0.7393357 0.1287302 0.9822942 0.04821133 0.7368364 0.112106 0.8605577 0.1068772 0.859246 0.04821133 0.9924334 0.04519504 0.9894524 0.1068772 0.8700238 0.01905536 0.7393357 0.1287302 0.9822942 0.1327496 0.9822942 0.7469193 0.9924334 0.7469193 0.7368364 0.9066675 0.7368364 0.7494155 0.9924334 0.7494155 0.7368364 0.9091636 0.7368364 0.7469194 0.9924334 0.7469194 0.7368364 0.9066675 0.7368364 0.7419272 0.9924334 0.7419272 0.7368364 0.9016754 0.7368364 0.7110883 0.6498963 0.6623141 0.6498963 0.6623141 0.6817786 0.857411 0.6498963 0.8086368 0.6498963 0.8086368 0.6817786 0.7598626 0.6498963 0.8086368 0.6498963 0.8086368 0.6817786 0.7598626 0.6498963 0.7110883 0.6498963 0.7110883 0.6817786 0.7185788 0.6498963 0.8011463 0.6498963 0.8011463 0.6817786 0.7110883 0.6498963 0.7598626 0.6498963 0.7598626 0.6817786 0.8086368 0.6498963 0.7598626 0.6498963 0.7598626 0.6817786 0.6623141 0.6498963 0.7110883 0.6498963 0.7110883 0.6817786 0.8011463 0.6498963 0.7185788 0.6498963 0.7185788 0.6817786 0.8086368 0.6498963 0.857411 0.6498963 0.857411 0.6817786 0.07931411 0.171692 0.01185333 0.171692 0.01185333 0.2639479 0.2816964 0.171692 0.2142356 0.171692 0.2142356 0.2639479 0.1467748 0.171692 0.2142356 0.171692 0.2142356 0.2639479 0.1467748 0.171692 0.07931411 0.171692 0.07931411 0.2639479 0.08967429 0.171692 0.2038754 0.171692 0.2038754 0.2639479 0.07931411 0.171692 0.1467748 0.171692 0.1467748 0.2639479 0.2142356 0.171692 0.1467748 0.171692 0.1467748 0.2639479 0.01185333 0.171692 0.07931411 0.171692 0.07931411 0.2639479 0.2038754 0.171692 0.08967429 0.171692 0.08967429 0.2639479 0.2142356 0.171692 0.2816964 0.171692 0.2816964 0.2639479</float_array>
          <technique_common>
            <accessor source="#Cubo_003-mesh-map-1-array" count="5604" stride="2">
              <param name="S" type="float"/>
              <param name="T" type="float"/>
            </accessor>
          </technique_common>
        </source>
        <vertices id="Cubo_003-mesh-vertices">
          <input semantic="POSITION" source="#Cubo_003-mesh-positions"/>
        </vertices>
        <triangles material="text_KARTLI_004-material" count="1868">
          <input semantic="VERTEX" source="#Cubo_003-mesh-vertices" offset="0"/>
          <input semantic="NORMAL" source="#Cubo_003-mesh-normals" offset="1"/>
          <input semantic="TEXCOORD" source="#Cubo_003-mesh-map-0" offset="2" set="0"/>
          <input semantic="TEXCOORD" source="#Cubo_003-mesh-map-1" offset="2" set="1"/>
          <p>1 0 0 21 0 1 20 0 2 52 1 3 22 1 4 54 1 5 7 2 6 23 2 7 22 2 8 59 3 9 20 3 10 60 4 11 61 5 12 1 5 13 59 5 14 13 6 15 1137 6 16 1128 7 17 16 5 18 1142 8 19 1141 9 20 11 10 21 1142 11 22 17 7 23 1129 12 24 1130 13 25 13 14 26 10 15 27 1141 15 28 1134 16 29 10 17 30 1132 18 31 11 19 32 1138 20 33 19 5 34 14 5 35 9 15 36 16 21 37 10 15 38 9 15 39 14 21 40 15 22 41 8 15 42 1138 15 43 14 21 44 12 6 45 19 6 46 13 6 47 12 6 48 17 7 49 18 23 50 15 5 51 17 5 52 16 5 53 14 5 54 18 5 55 15 5 56 1132 24 57 1140 25 58 1143 26 59 11 19 60 9 27 61 10 17 62 12 27 63 8 27 64 9 27 65 60 4 66 0 3 67 62 28 68 54 1 69 6 1 70 55 1 71 63 1 72 25 1 73 58 1 74 5 3 75 57 29 76 23 30 77 57 29 78 29 31 79 53 32 80 32 3 81 28 3 82 29 31 83 27 5 84 56 5 85 52 5 86 26 5 87 30 5 88 27 5 89 56 3 90 32 3 91 57 29 92 30 3 93 33 33 94 32 3 95 36 3 96 39 3 97 38 3 98 41 34 99 45 34 100 42 34 101 41 34 102 43 35 103 44 34 104 43 36 105 48 37 106 50 38 107 45 39 108 49 40 109 42 41 110 31 0 111 47 0 112 33 0 113 52 5 114 5 5 115 7 5 116 23 30 117 53 32 118 4 3 119 35 1 120 55 1 121 24 1 122 3 1 123 63 1 124 21 1 125 21 1 126 58 1 127 2 1 128 33 33 129 62 28 130 28 3 131 26 5 132 59 5 133 31 5 134 31 3 135 60 4 136 33 33 137 67 1 138 65 1 139 66 1 140 69 42 141 73 43 142 72 44 143 73 43 144 70 45 145 74 46 146 71 47 147 72 44 148 75 48 149 70 45 150 75 48 151 74 46 152 76 1 153 78 1 154 79 1 155 78 27 156 73 27 157 74 27 158 77 2 159 72 2 160 73 2 161 79 0 162 74 0 163 75 0 164 82 1 165 81 1 166 80 1 167 89 49 168 85 1 169 88 50 170 89 49 171 86 45 172 84 1 173 88 50 174 87 51 175 91 52 176 91 52 177 86 45 178 90 46 179 94 1 180 92 1 181 95 1 182 89 27 183 94 27 184 90 27 185 88 0 186 93 0 187 89 0 188 90 2 189 95 2 190 91 2 191 97 1 192 98 1 193 96 1 194 101 5 195 115 5 196 100 5 197 107 27 198 110 27 199 111 27 200 106 0 201 109 0 202 110 0 203 104 2 204 111 2 205 108 2 206 105 5 207 108 5 208 109 5 209 102 53 210 108 54 211 103 55 212 102 53 213 110 56 214 109 57 215 103 55 216 111 58 217 100 59 218 100 59 219 110 56 220 101 60 221 112 1 222 114 1 223 113 1 224 102 2 225 114 2 226 101 2 227 100 0 228 112 0 229 103 0 230 103 27 231 113 27 232 102 27 233 131 5 234 132 5 235 130 5 236 117 27 237 121 27 238 116 27 239 120 0 240 129 0 241 125 0 242 120 2 243 123 2 244 118 2 245 116 0 246 124 0 247 119 0 248 124 2 249 126 2 250 119 2 251 118 27 252 122 27 253 117 27 254 135 3 255 140 3 256 137 3 257 139 3 258 136 3 259 141 3 260 147 0 261 139 0 262 141 0 263 145 5 264 137 5 265 140 5 266 146 5 267 141 5 268 136 5 269 149 0 270 135 0 271 137 0 272 144 2 273 136 2 274 134 2 275 142 2 276 140 2 277 138 2 278 154 3 279 155 3 280 161 3 281 182 3 282 160 3 283 183 3 284 153 3 285 161 3 286 160 3 287 165 3 288 150 3 289 152 3 290 164 3 291 159 3 292 165 3 293 163 3 294 158 3 295 164 3 296 162 3 297 157 3 298 163 3 299 161 3 300 156 3 301 162 3 302 161 3 303 162 3 304 160 3 305 167 1 306 169 1 307 166 1 308 170 1 309 185 1 310 184 1 311 166 1 312 171 1 313 170 1 314 173 1 315 175 1 316 172 1 317 174 1 318 177 1 319 175 1 320 176 1 321 179 1 322 177 1 323 178 1 324 181 1 325 179 1 326 180 1 327 166 1 328 181 1 329 166 1 330 170 1 331 181 1 332 163 2 333 181 2 334 162 2 335 152 2 336 175 2 337 165 2 338 150 27 339 172 27 340 152 27 341 164 2 342 179 2 343 163 2 344 165 2 345 177 2 346 164 2 347 162 61 348 170 61 349 160 62 350 154 5 351 168 5 352 151 5 353 160 27 354 184 27 355 183 27 356 159 0 357 173 0 358 150 0 359 151 0 360 167 0 361 155 0 362 155 0 363 180 0 364 156 0 365 156 0 366 178 0 367 157 0 368 157 0 369 176 0 370 158 0 371 153 5 372 169 5 373 154 5 374 158 0 375 174 0 376 159 0 377 182 5 378 171 5 379 153 5 380 191 3 381 190 3 382 197 3 383 196 3 384 182 3 385 183 3 386 197 3 387 189 3 388 196 3 389 186 3 390 201 3 391 188 3 392 195 3 393 200 3 394 201 3 395 194 3 396 199 3 397 200 3 398 193 3 399 198 3 400 199 3 401 192 3 402 197 3 403 198 3 404 197 3 405 196 3 406 198 3 407 205 1 408 203 1 409 202 1 410 185 1 411 206 1 412 184 1 413 207 1 414 202 1 415 206 1 416 211 1 417 209 1 418 208 1 419 213 1 420 210 1 421 211 1 422 215 1 423 212 1 424 213 1 425 217 1 426 214 1 427 215 1 428 202 1 429 216 1 430 217 1 431 202 1 432 217 1 433 206 1 434 217 0 435 199 0 436 198 0 437 211 0 438 188 0 439 201 0 440 208 27 441 186 27 442 188 27 443 215 0 444 200 0 445 199 0 446 213 0 447 201 0 448 200 0 449 206 63 450 198 63 451 196 64 452 204 5 453 190 5 454 187 5 455 184 27 456 196 27 457 183 27 458 209 2 459 195 2 460 186 2 461 203 2 462 187 2 463 191 2 464 216 2 465 191 2 466 192 2 467 214 2 468 192 2 469 193 2 470 212 2 471 193 2 472 194 2 473 205 5 474 189 5 475 190 5 476 210 2 477 194 2 478 195 2 479 207 5 480 182 5 481 189 5 482 220 5 483 218 5 484 219 5 485 222 5 486 224 5 487 223 5 488 227 27 489 228 27 490 226 27 491 232 27 492 231 27 493 230 27 494 224 0 495 230 0 496 223 0 497 223 3 498 231 3 499 222 3 500 219 2 501 228 2 502 220 2 503 218 3 504 226 3 505 219 3 506 222 2 507 233 2 508 225 2 509 225 1 510 232 1 511 224 1 512 221 0 513 227 0 514 218 0 515 220 1 516 229 1 517 221 1 518 238 3 519 239 3 520 245 3 521 266 3 522 244 3 523 267 3 524 237 3 525 245 3 526 244 3 527 249 3 528 234 3 529 236 3 530 248 3 531 243 3 532 249 3 533 247 3 534 242 3 535 248 3 536 246 3 537 241 3 538 247 3 539 245 3 540 240 3 541 246 3 542 245 3 543 246 3 544 244 3 545 251 1 546 253 1 547 250 1 548 254 1 549 269 1 550 268 1 551 250 1 552 255 1 553 254 1 554 257 1 555 259 1 556 256 1 557 258 1 558 261 1 559 259 1 560 260 1 561 263 1 562 261 1 563 262 1 564 265 1 565 263 1 566 264 1 567 250 1 568 265 1 569 250 1 570 254 1 571 265 1 572 247 2 573 265 2 574 246 2 575 236 2 576 259 2 577 249 2 578 234 27 579 256 27 580 236 27 581 248 2 582 263 2 583 247 2 584 249 2 585 261 2 586 248 2 587 246 65 588 254 65 589 244 66 590 238 5 591 252 5 592 235 5 593 244 27 594 268 27 595 267 27 596 243 0 597 257 0 598 234 0 599 235 0 600 251 0 601 239 0 602 239 0 603 264 0 604 240 0 605 240 0 606 262 0 607 241 0 608 241 0 609 260 0 610 242 0 611 237 5 612 253 5 613 238 5 614 242 0 615 258 0 616 243 0 617 266 5 618 255 5 619 237 5 620 275 3 621 274 3 622 281 3 623 280 3 624 266 3 625 267 3 626 281 3 627 273 3 628 280 3 629 270 3 630 285 3 631 272 3 632 279 3 633 284 3 634 285 3 635 278 3 636 283 3 637 284 3 638 277 3 639 282 3 640 283 3 641 276 3 642 281 3 643 282 3 644 281 3 645 280 3 646 282 3 647 289 1 648 287 1 649 286 1 650 269 1 651 290 1 652 268 1 653 291 1 654 286 1 655 290 1 656 295 1 657 293 1 658 292 1 659 297 1 660 294 1 661 295 1 662 299 1 663 296 1 664 297 1 665 301 1 666 298 1 667 299 1 668 286 1 669 300 1 670 301 1 671 286 1 672 301 1 673 290 1 674 301 0 675 283 0 676 282 0 677 295 0 678 272 0 679 285 0 680 292 27 681 270 27 682 272 27 683 299 0 684 284 0 685 283 0 686 297 0 687 285 0 688 284 0 689 290 63 690 282 63 691 280 64 692 288 5 693 274 5 694 271 5 695 268 27 696 280 27 697 267 27 698 293 2 699 279 2 700 270 2 701 287 2 702 271 2 703 275 2 704 300 2 705 275 2 706 276 2 707 298 2 708 276 2 709 277 2 710 296 2 711 277 2 712 278 2 713 289 5 714 273 5 715 274 5 716 294 2 717 278 2 718 279 2 719 291 5 720 266 5 721 273 5 722 304 5 723 302 5 724 303 5 725 306 5 726 308 5 727 307 5 728 311 27 729 312 27 730 310 27 731 316 27 732 315 27 733 314 27 734 308 0 735 314 0 736 307 0 737 307 3 738 315 3 739 306 3 740 303 2 741 312 2 742 304 2 743 302 3 744 310 3 745 303 3 746 306 2 747 317 2 748 309 2 749 309 1 750 316 1 751 308 1 752 305 0 753 311 0 754 302 0 755 304 1 756 313 1 757 305 1 758 322 3 759 323 3 760 329 3 761 350 3 762 328 3 763 351 3 764 321 3 765 329 3 766 328 3 767 333 3 768 318 3 769 320 3 770 332 3 771 327 3 772 333 3 773 331 3 774 326 3 775 332 3 776 330 3 777 325 3 778 331 3 779 329 3 780 324 3 781 330 3 782 329 3 783 330 3 784 328 3 785 335 1 786 337 1 787 334 1 788 338 1 789 353 1 790 352 1 791 334 1 792 339 1 793 338 1 794 341 1 795 343 1 796 340 1 797 342 1 798 345 1 799 343 1 800 344 1 801 347 1 802 345 1 803 346 1 804 349 1 805 347 1 806 348 1 807 334 1 808 349 1 809 334 1 810 338 1 811 349 1 812 331 2 813 349 2 814 330 2 815 320 2 816 343 2 817 333 2 818 318 27 819 340 27 820 320 27 821 332 2 822 347 2 823 331 2 824 333 2 825 345 2 826 332 2 827 330 67 828 338 68 829 328 69 830 322 5 831 336 5 832 319 5 833 328 27 834 352 27 835 351 27 836 327 0 837 341 0 838 318 0 839 319 0 840 335 0 841 323 0 842 323 0 843 348 0 844 324 0 845 324 0 846 346 0 847 325 0 848 325 0 849 344 0 850 326 0 851 321 5 852 337 5 853 322 5 854 326 0 855 342 0 856 327 0 857 350 5 858 339 5 859 321 5 860 359 3 861 358 3 862 365 3 863 364 3 864 350 3 865 351 3 866 365 3 867 357 3 868 364 3 869 354 3 870 369 3 871 356 3 872 363 3 873 368 3 874 369 3 875 362 3 876 367 3 877 368 3 878 361 3 879 366 3 880 367 3 881 360 3 882 365 3 883 366 3 884 365 3 885 364 3 886 366 3 887 373 1 888 371 1 889 370 1 890 353 1 891 374 1 892 352 1 893 375 1 894 370 1 895 374 1 896 379 1 897 377 1 898 376 1 899 381 1 900 378 1 901 379 1 902 383 1 903 380 1 904 381 1 905 385 1 906 382 1 907 383 1 908 370 1 909 384 1 910 385 1 911 370 1 912 385 1 913 374 1 914 385 0 915 367 0 916 366 0 917 379 0 918 356 0 919 369 0 920 376 27 921 354 27 922 356 27 923 383 0 924 368 0 925 367 0 926 381 0 927 369 0 928 368 0 929 374 63 930 366 63 931 364 64 932 372 5 933 358 5 934 355 5 935 352 27 936 364 27 937 351 27 938 377 2 939 363 2 940 354 2 941 371 2 942 355 2 943 359 2 944 384 2 945 359 2 946 360 2 947 382 2 948 360 2 949 361 2 950 380 2 951 361 2 952 362 2 953 373 5 954 357 5 955 358 5 956 378 2 957 362 2 958 363 2 959 375 5 960 350 5 961 357 5 962 388 5 963 386 5 964 387 5 965 390 5 966 392 5 967 391 5 968 395 27 969 396 27 970 394 27 971 400 27 972 399 27 973 398 27 974 392 0 975 398 0 976 391 0 977 391 3 978 399 3 979 390 3 980 387 2 981 396 2 982 388 2 983 386 3 984 394 3 985 387 3 986 390 2 987 401 2 988 393 2 989 393 1 990 400 1 991 392 1 992 389 0 993 395 0 994 386 0 995 388 1 996 397 1 997 389 1 998 407 3 999 406 3 1000 413 3 1001 412 3 1002 434 3 1003 435 3 1004 413 3 1005 405 3 1006 412 3 1007 402 3 1008 417 3 1009 404 3 1010 411 3 1011 416 3 1012 417 3 1013 410 3 1014 415 3 1015 416 3 1016 409 3 1017 414 3 1018 415 3 1019 408 3 1020 413 3 1021 414 3 1022 413 3 1023 412 3 1024 414 3 1025 421 1 1026 419 1 1027 418 1 1028 437 1 1029 422 1 1030 436 1 1031 423 1 1032 418 1 1033 422 1 1034 427 1 1035 425 1 1036 424 1 1037 429 1 1038 426 1 1039 427 1 1040 431 1 1041 428 1 1042 429 1 1043 433 1 1044 430 1 1045 431 1 1046 418 1 1047 432 1 1048 433 1 1049 418 1 1050 433 1 1051 422 1 1052 433 0 1053 415 0 1054 414 0 1055 427 0 1056 404 0 1057 417 0 1058 424 27 1059 402 27 1060 404 27 1061 431 0 1062 416 0 1063 415 0 1064 429 0 1065 417 0 1066 416 0 1067 422 70 1068 414 70 1069 412 71 1070 420 5 1071 406 5 1072 403 5 1073 436 27 1074 412 27 1075 435 27 1076 425 2 1077 411 2 1078 402 2 1079 419 2 1080 403 2 1081 407 2 1082 432 2 1083 407 2 1084 408 2 1085 430 2 1086 408 2 1087 409 2 1088 428 2 1089 409 2 1090 410 2 1091 421 5 1092 405 5 1093 406 5 1094 426 2 1095 410 2 1096 411 2 1097 423 5 1098 434 5 1099 405 5 1100 442 3 1101 443 3 1102 449 3 1103 434 3 1104 448 3 1105 435 3 1106 441 3 1107 449 3 1108 448 3 1109 453 3 1110 438 3 1111 440 3 1112 452 3 1113 447 3 1114 453 3 1115 451 3 1116 446 3 1117 452 3 1118 450 3 1119 445 3 1120 451 3 1121 449 3 1122 444 3 1123 450 3 1124 449 3 1125 450 3 1126 448 3 1127 455 1 1128 457 1 1129 454 1 1130 458 1 1131 437 1 1132 436 1 1133 454 1 1134 459 1 1135 458 1 1136 461 1 1137 463 1 1138 460 1 1139 462 1 1140 465 1 1141 463 1 1142 464 1 1143 467 1 1144 465 1 1145 466 1 1146 469 1 1147 467 1 1148 468 1 1149 454 1 1150 469 1 1151 454 1 1152 458 1 1153 469 1 1154 451 2 1155 469 2 1156 450 2 1157 440 2 1158 463 2 1159 453 2 1160 438 27 1161 460 27 1162 440 27 1163 452 2 1164 467 2 1165 451 2 1166 453 2 1167 465 2 1168 452 2 1169 450 61 1170 458 61 1171 448 62 1172 442 5 1173 456 5 1174 439 5 1175 448 27 1176 436 27 1177 435 27 1178 447 0 1179 461 0 1180 438 0 1181 439 0 1182 455 0 1183 443 0 1184 443 0 1185 468 0 1186 444 0 1187 444 0 1188 466 0 1189 445 0 1190 445 0 1191 464 0 1192 446 0 1193 441 5 1194 457 5 1195 442 5 1196 446 0 1197 462 0 1198 447 0 1199 434 5 1200 459 5 1201 441 5 1202 470 5 1203 472 5 1204 471 5 1205 476 5 1206 474 5 1207 475 5 1208 480 27 1209 479 27 1210 478 27 1211 483 27 1212 484 27 1213 482 27 1214 482 2 1215 476 2 1216 475 2 1217 483 3 1218 475 3 1219 474 3 1220 480 0 1221 471 0 1222 472 0 1223 478 3 1224 470 3 1225 471 3 1226 485 0 1227 474 0 1228 477 0 1229 484 1 1230 477 1 1231 476 1 1232 479 2 1233 473 2 1234 470 2 1235 481 1 1236 472 1 1237 473 1 1238 491 3 1239 490 3 1240 497 3 1241 496 3 1242 518 3 1243 519 3 1244 497 3 1245 489 3 1246 496 3 1247 486 3 1248 501 3 1249 488 3 1250 495 3 1251 500 3 1252 501 3 1253 494 3 1254 499 3 1255 500 3 1256 493 3 1257 498 3 1258 499 3 1259 492 3 1260 497 3 1261 498 3 1262 497 3 1263 496 3 1264 498 3 1265 505 1 1266 503 1 1267 502 1 1268 521 1 1269 506 1 1270 520 1 1271 507 1 1272 502 1 1273 506 1 1274 511 1 1275 509 1 1276 508 1 1277 513 1 1278 510 1 1279 511 1 1280 515 1 1281 512 1 1282 513 1 1283 517 1 1284 514 1 1285 515 1 1286 502 1 1287 516 1 1288 517 1 1289 502 1 1290 517 1 1291 506 1 1292 517 0 1293 499 0 1294 498 0 1295 511 0 1296 488 0 1297 501 0 1298 508 27 1299 486 27 1300 488 27 1301 515 0 1302 500 0 1303 499 0 1304 513 0 1305 501 0 1306 500 0 1307 506 72 1308 498 73 1309 496 74 1310 504 5 1311 490 5 1312 487 5 1313 520 27 1314 496 27 1315 519 27 1316 509 2 1317 495 2 1318 486 2 1319 503 2 1320 487 2 1321 491 2 1322 516 2 1323 491 2 1324 492 2 1325 514 2 1326 492 2 1327 493 2 1328 512 2 1329 493 2 1330 494 2 1331 505 5 1332 489 5 1333 490 5 1334 510 2 1335 494 2 1336 495 2 1337 507 5 1338 518 5 1339 489 5 1340 526 3 1341 527 3 1342 533 3 1343 518 3 1344 532 3 1345 519 3 1346 525 3 1347 533 3 1348 532 3 1349 537 3 1350 522 3 1351 524 3 1352 536 3 1353 531 3 1354 537 3 1355 535 3 1356 530 3 1357 536 3 1358 534 3 1359 529 3 1360 535 3 1361 533 3 1362 528 3 1363 534 3 1364 533 3 1365 534 3 1366 532 3 1367 539 1 1368 541 1 1369 538 1 1370 542 1 1371 521 1 1372 520 1 1373 538 1 1374 543 1 1375 542 1 1376 545 1 1377 547 1 1378 544 1 1379 546 1 1380 549 1 1381 547 1 1382 548 1 1383 551 1 1384 549 1 1385 550 1 1386 553 1 1387 551 1 1388 552 1 1389 538 1 1390 553 1 1391 538 1 1392 542 1 1393 553 1 1394 535 2 1395 553 2 1396 534 2 1397 524 2 1398 547 2 1399 537 2 1400 522 27 1401 544 27 1402 524 27 1403 536 2 1404 551 2 1405 535 2 1406 537 2 1407 549 2 1408 536 2 1409 534 61 1410 542 61 1411 532 62 1412 526 5 1413 540 5 1414 523 5 1415 532 27 1416 520 27 1417 519 27 1418 531 0 1419 545 0 1420 522 0 1421 523 0 1422 539 0 1423 527 0 1424 527 0 1425 552 0 1426 528 0 1427 528 0 1428 550 0 1429 529 0 1430 529 0 1431 548 0 1432 530 0 1433 525 5 1434 541 5 1435 526 5 1436 530 0 1437 546 0 1438 531 0 1439 518 5 1440 543 5 1441 525 5 1442 554 5 1443 556 5 1444 555 5 1445 560 5 1446 558 5 1447 559 5 1448 564 27 1449 563 27 1450 562 27 1451 567 27 1452 568 27 1453 566 27 1454 566 2 1455 560 2 1456 559 2 1457 567 3 1458 559 3 1459 558 3 1460 564 0 1461 555 0 1462 556 0 1463 562 3 1464 554 3 1465 555 3 1466 569 0 1467 558 0 1468 561 0 1469 568 1 1470 561 1 1471 560 1 1472 563 2 1473 557 2 1474 554 2 1475 565 1 1476 556 1 1477 557 1 1478 575 75 1479 571 3 1480 574 76 1481 576 77 1482 570 78 1483 575 75 1484 574 76 1485 573 79 1486 577 80 1487 577 80 1488 572 3 1489 576 77 1490 580 3 1491 578 3 1492 581 3 1493 575 27 1494 580 27 1495 576 27 1496 574 2 1497 579 2 1498 575 2 1499 576 0 1500 581 0 1501 577 0 1502 583 3 1503 584 3 1504 582 3 1505 587 3 1506 591 75 1507 590 81 1508 586 78 1509 592 82 1510 591 75 1511 589 83 1512 590 81 1513 593 84 1514 588 3 1515 593 84 1516 592 82 1517 594 3 1518 596 3 1519 597 3 1520 596 27 1521 591 27 1522 592 27 1523 595 0 1524 590 0 1525 591 0 1526 597 2 1527 592 2 1528 593 2 1529 600 3 1530 599 3 1531 598 3 1532 609 2 1533 604 2 1534 605 2 1535 606 0 1536 603 0 1537 602 0 1538 610 3 1539 614 3 1540 611 3 1541 611 3 1542 615 3 1543 612 3 1544 617 1 1545 619 1 1546 616 1 1547 621 1 1548 616 1 1549 620 1 1550 615 0 1551 620 0 1552 612 0 1553 614 5 1554 621 5 1555 615 5 1556 612 27 1557 616 27 1558 611 27 1559 610 2 1560 618 2 1561 613 2 1562 613 5 1563 617 5 1564 614 5 1565 611 27 1566 619 27 1567 610 27 1568 623 5 1569 627 5 1570 624 5 1571 622 5 1572 625 5 1573 623 5 1574 628 3 1575 631 3 1576 630 3 1577 635 3 1578 632 3 1579 634 3 1580 636 85 1581 639 86 1582 637 0 1583 641 2 1584 643 2 1585 640 2 1586 636 3 1587 642 3 1588 638 3 1589 638 5 1590 641 5 1591 639 5 1592 647 87 1593 644 88 1594 645 2 1595 651 0 1596 649 0 1597 648 0 1598 650 3 1599 644 3 1600 646 3 1601 649 5 1602 646 5 1603 647 5 1604 654 1 1605 652 1 1606 653 1 1607 656 1 1608 658 1 1609 657 1 1610 661 3 1611 662 3 1612 660 3 1613 666 3 1614 665 3 1615 664 3 1616 655 27 1617 661 27 1618 652 27 1619 652 0 1620 660 0 1621 653 0 1622 658 5 1623 664 5 1624 657 5 1625 659 0 1626 666 0 1627 658 0 1628 653 5 1629 662 5 1630 654 5 1631 654 2 1632 663 2 1633 655 2 1634 656 27 1635 667 27 1636 659 27 1637 657 2 1638 665 2 1639 656 2 1640 677 0 1641 669 0 1642 672 0 1643 670 0 1644 674 0 1645 668 0 1646 676 0 1647 672 0 1648 673 0 1649 678 0 1650 680 0 1651 679 0 1652 686 0 1653 687 0 1654 693 0 1655 714 0 1656 692 0 1657 715 0 1658 685 0 1659 693 0 1660 692 0 1661 697 0 1662 682 0 1663 684 0 1664 696 0 1665 691 0 1666 697 0 1667 695 0 1668 690 0 1669 696 0 1670 694 0 1671 689 0 1672 695 0 1673 693 0 1674 688 0 1675 694 0 1676 693 0 1677 694 0 1678 692 0 1679 699 2 1680 701 2 1681 698 2 1682 702 2 1683 717 2 1684 716 2 1685 698 2 1686 703 2 1687 702 2 1688 705 2 1689 707 2 1690 704 2 1691 706 2 1692 709 2 1693 707 2 1694 708 2 1695 711 2 1696 709 2 1697 710 2 1698 713 2 1699 711 2 1700 712 2 1701 698 2 1702 713 2 1703 698 2 1704 702 2 1705 713 2 1706 695 3 1707 713 3 1708 694 3 1709 684 3 1710 707 3 1711 697 3 1712 682 27 1713 704 27 1714 684 27 1715 696 3 1716 711 3 1717 695 3 1718 697 3 1719 709 3 1720 696 3 1721 694 89 1722 702 90 1723 692 91 1724 686 5 1725 700 5 1726 683 5 1727 692 27 1728 716 27 1729 715 27 1730 691 1 1731 705 1 1732 682 1 1733 683 1 1734 699 1 1735 687 1 1736 687 1 1737 712 1 1738 688 1 1739 688 1 1740 710 1 1741 689 1 1742 689 1 1743 708 1 1744 690 1 1745 685 5 1746 701 5 1747 686 5 1748 690 1 1749 706 1 1750 691 1 1751 714 5 1752 703 5 1753 685 5 1754 723 0 1755 722 0 1756 729 0 1757 728 0 1758 714 0 1759 715 0 1760 729 0 1761 721 0 1762 728 0 1763 718 0 1764 733 0 1765 720 0 1766 727 0 1767 732 0 1768 733 0 1769 726 0 1770 731 0 1771 732 0 1772 725 0 1773 730 0 1774 731 0 1775 724 0 1776 729 0 1777 730 0 1778 729 0 1779 728 0 1780 730 0 1781 737 2 1782 735 2 1783 734 2 1784 717 2 1785 738 2 1786 716 2 1787 739 2 1788 734 2 1789 738 2 1790 743 2 1791 741 2 1792 740 2 1793 745 2 1794 742 2 1795 743 2 1796 747 2 1797 744 2 1798 745 2 1799 749 2 1800 746 2 1801 747 2 1802 734 2 1803 748 2 1804 749 2 1805 734 2 1806 749 2 1807 738 2 1808 749 1 1809 731 1 1810 730 1 1811 743 1 1812 720 1 1813 733 1 1814 740 27 1815 718 27 1816 720 27 1817 747 1 1818 732 1 1819 731 1 1820 745 1 1821 733 1 1822 732 1 1823 738 92 1824 730 93 1825 728 94 1826 736 5 1827 722 5 1828 719 5 1829 716 27 1830 728 27 1831 715 27 1832 741 3 1833 727 3 1834 718 3 1835 735 3 1836 719 3 1837 723 3 1838 748 3 1839 723 3 1840 724 3 1841 746 3 1842 724 3 1843 725 3 1844 744 3 1845 725 3 1846 726 3 1847 737 5 1848 721 5 1849 722 5 1850 742 3 1851 726 3 1852 727 3 1853 739 5 1854 714 5 1855 721 5 1856 752 5 1857 750 5 1858 751 5 1859 754 5 1860 756 5 1861 755 5 1862 759 27 1863 760 27 1864 758 27 1865 764 27 1866 763 27 1867 762 27 1868 756 1 1869 762 1 1870 755 1 1871 755 0 1872 763 0 1873 754 0 1874 751 3 1875 760 3 1876 752 3 1877 750 0 1878 758 0 1879 751 0 1880 754 3 1881 765 3 1882 757 3 1883 757 2 1884 764 2 1885 756 2 1886 753 1 1887 759 1 1888 750 1 1889 752 2 1890 761 2 1891 753 2 1892 767 2 1893 775 2 1894 770 2 1895 772 2 1896 768 2 1897 766 2 1898 770 2 1899 774 2 1900 771 2 1901 778 2 1902 776 2 1903 777 2 1904 785 2 1905 784 2 1906 791 2 1907 790 2 1908 812 2 1909 813 2 1910 791 2 1911 783 2 1912 790 2 1913 780 2 1914 795 2 1915 782 2 1916 789 2 1917 794 2 1918 795 2 1919 788 2 1920 793 2 1921 794 2 1922 787 2 1923 792 2 1924 793 2 1925 786 2 1926 791 2 1927 792 2 1928 791 2 1929 790 2 1930 792 2 1931 799 0 1932 797 0 1933 796 0 1934 815 0 1935 800 0 1936 814 0 1937 801 0 1938 796 0 1939 800 0 1940 805 0 1941 803 0 1942 802 0 1943 807 0 1944 804 0 1945 805 0 1946 809 0 1947 806 0 1948 807 0 1949 811 0 1950 808 0 1951 809 0 1952 796 0 1953 810 0 1954 811 0 1955 796 0 1956 811 0 1957 800 0 1958 811 3 1959 793 3 1960 792 3 1961 805 3 1962 782 3 1963 795 3 1964 802 27 1965 780 27 1966 782 27 1967 809 3 1968 794 3 1969 793 3 1970 807 3 1971 795 3 1972 794 3 1973 800 90 1974 792 89 1975 790 91 1976 798 5 1977 784 5 1978 781 5 1979 814 27 1980 790 27 1981 813 27 1982 803 1 1983 789 1 1984 780 1 1985 797 1 1986 781 1 1987 785 1 1988 810 1 1989 785 1 1990 786 1 1991 808 1 1992 786 1 1993 787 1 1994 806 1 1995 787 1 1996 788 1 1997 799 5 1998 783 5 1999 784 5 2000 804 1 2001 788 1 2002 789 1 2003 801 5 2004 812 5 2005 783 5 2006 820 2 2007 821 2 2008 827 2 2009 812 2 2010 826 2 2011 813 2 2012 819 2 2013 827 2 2014 826 2 2015 831 2 2016 816 2 2017 818 2 2018 830 2 2019 825 2 2020 831 2 2021 829 2 2022 824 2 2023 830 2 2024 828 2 2025 823 2 2026 829 2 2027 827 2 2028 822 2 2029 828 2 2030 827 2 2031 828 2 2032 826 2 2033 833 0 2034 835 0 2035 832 0 2036 836 0 2037 815 0 2038 814 0 2039 832 0 2040 837 0 2041 836 0 2042 839 0 2043 841 0 2044 838 0 2045 840 0 2046 843 0 2047 841 0 2048 842 0 2049 845 0 2050 843 0 2051 844 0 2052 847 0 2053 845 0 2054 846 0 2055 832 0 2056 847 0 2057 832 0 2058 836 0 2059 847 0 2060 829 1 2061 847 1 2062 828 1 2063 818 1 2064 841 1 2065 831 1 2066 816 27 2067 838 27 2068 818 27 2069 830 1 2070 845 1 2071 829 1 2072 831 1 2073 843 1 2074 830 1 2075 828 93 2076 836 92 2077 826 94 2078 820 5 2079 834 5 2080 817 5 2081 826 27 2082 814 27 2083 813 27 2084 825 3 2085 839 3 2086 816 3 2087 817 3 2088 833 3 2089 821 3 2090 821 3 2091 846 3 2092 822 3 2093 822 3 2094 844 3 2095 823 3 2096 823 3 2097 842 3 2098 824 3 2099 819 5 2100 835 5 2101 820 5 2102 824 3 2103 840 3 2104 825 3 2105 812 5 2106 837 5 2107 819 5 2108 848 5 2109 850 5 2110 849 5 2111 854 5 2112 852 5 2113 853 5 2114 858 27 2115 857 27 2116 856 27 2117 861 27 2118 862 27 2119 860 27 2120 860 1 2121 854 1 2122 853 1 2123 861 2 2124 853 2 2125 852 2 2126 858 3 2127 849 3 2128 850 3 2129 856 2 2130 848 2 2131 849 2 2132 863 3 2133 852 3 2134 855 3 2135 862 0 2136 855 0 2137 854 0 2138 857 1 2139 851 1 2140 848 1 2141 859 0 2142 850 0 2143 851 0 2144 865 5 2145 873 5 2146 868 5 2147 870 5 2148 866 5 2149 867 5 2150 869 5 2151 871 5 2152 870 5 2153 868 5 2154 872 5 2155 869 5 2156 880 1 2157 865 1 2158 868 1 2159 877 1 2160 870 1 2161 867 1 2162 883 3 2163 871 3 2164 872 3 2165 881 1 2166 868 1 2167 869 1 2168 878 2 2169 867 2 2170 866 2 2171 879 3 2172 872 3 2173 873 3 2174 876 1 2175 869 1 2176 870 1 2177 874 3 2178 873 3 2179 864 3 2180 875 0 2181 864 0 2182 865 0 2183 882 3 2184 866 3 2185 871 3 2186 900 1 2187 885 1 2188 888 1 2189 897 1 2190 890 1 2191 887 1 2192 903 3 2193 891 3 2194 892 3 2195 901 1 2196 888 1 2197 889 1 2198 898 2 2199 887 2 2200 886 2 2201 899 3 2202 892 3 2203 893 3 2204 896 1 2205 889 1 2206 890 1 2207 894 3 2208 893 3 2209 884 3 2210 895 0 2211 884 0 2212 885 0 2213 902 3 2214 886 3 2215 891 3 2216 905 95 2217 909 96 2218 906 97 2219 905 95 2220 907 98 2221 908 99 2222 910 1 2223 914 100 2224 911 101 2225 911 101 2226 915 102 2227 912 103 2228 917 104 2229 919 105 2230 916 106 2231 921 106 2232 916 106 2233 920 107 2234 915 2 2235 920 2 2236 912 2 2237 914 108 2238 921 109 2239 915 5 2240 911 110 2241 920 111 2242 916 112 2243 910 0 2244 918 0 2245 913 0 2246 913 113 2247 917 114 2248 914 108 2249 910 115 2250 916 112 2251 919 116 2252 922 117 2253 925 118 2254 923 119 2255 927 120 2256 929 120 2257 926 121 2258 922 1 2259 928 1 2260 924 1 2261 924 5 2262 927 5 2263 925 5 2264 933 122 2265 930 123 2266 931 121 2267 937 124 2268 935 125 2269 934 126 2270 936 1 2271 930 1 2272 932 1 2273 935 5 2274 932 5 2275 933 5 2276 940 3 2277 938 3 2278 939 3 2279 942 3 2280 944 3 2281 943 3 2282 947 1 2283 948 1 2284 946 1 2285 952 1 2286 951 1 2287 950 1 2288 941 27 2289 947 27 2290 938 27 2291 938 2 2292 946 2 2293 939 2 2294 944 5 2295 950 5 2296 943 5 2297 945 2 2298 952 2 2299 944 2 2300 939 5 2301 948 5 2302 940 5 2303 940 0 2304 949 0 2305 941 0 2306 942 27 2307 953 27 2308 945 27 2309 943 0 2310 951 0 2311 942 0 2312 955 27 2313 959 27 2314 958 27 2315 954 27 2316 958 27 2317 957 27 2318 959 127 2319 626 128 2320 622 129 2321 627 130 2322 957 131 2323 624 132 2324 956 133 2325 625 134 2326 626 135 2327 623 136 2328 959 137 2329 622 137 2330 955 138 2331 627 139 2332 625 134 2333 624 140 2334 958 141 2335 623 136 2336 961 5 2337 965 5 2338 962 5 2339 960 5 2340 963 5 2341 961 5 2342 967 27 2343 971 27 2344 970 27 2345 966 27 2346 970 27 2347 969 27 2348 971 142 2349 964 143 2350 960 144 2351 965 145 2352 969 146 2353 962 147 2354 968 148 2355 963 149 2356 964 150 2357 961 151 2358 971 152 2359 960 153 2360 967 154 2361 965 155 2362 963 149 2363 962 156 2364 970 157 2365 961 151 2366 976 2 2367 982 2 2368 978 2 2369 976 158 2370 973 159 2371 977 160 2372 979 161 2373 974 162 2374 978 163 2375 978 163 2376 972 1 2377 976 158 2378 979 161 2379 973 159 2380 975 1 2381 980 1 2382 983 1 2383 982 1 2384 977 27 2385 980 27 2386 976 27 2387 979 0 2388 981 0 2389 977 0 2390 978 5 2391 983 5 2392 979 5 2393 985 5 2394 987 5 2395 986 5 2396 984 5 2397 988 5 2398 985 5 2399 995 3 2400 990 3 2401 991 3 2402 993 3 2403 991 3 2404 992 3 2405 986 2 2406 990 164 2407 994 2 2408 989 5 2409 992 5 2410 984 5 2411 992 0 2412 984 0 2413 993 0 2414 997 5 2415 999 5 2416 998 5 2417 996 5 2418 1000 5 2419 997 5 2420 1007 3 2421 1002 3 2422 1003 3 2423 1005 3 2424 1003 3 2425 1004 3 2426 998 2 2427 1002 164 2428 1006 2 2429 1001 5 2430 1004 5 2431 996 5 2432 1004 0 2433 996 0 2434 1005 0 2435 1009 5 2436 1011 5 2437 1010 5 2438 1008 5 2439 1012 5 2440 1009 5 2441 1019 3 2442 1014 3 2443 1015 3 2444 1017 3 2445 1015 3 2446 1016 3 2447 1010 2 2448 1014 164 2449 1018 2 2450 1013 5 2451 1016 5 2452 1008 5 2453 1016 0 2454 1008 0 2455 1017 0 2456 1021 5 2457 1023 5 2458 1022 5 2459 1020 5 2460 1024 5 2461 1021 5 2462 1031 3 2463 1026 3 2464 1027 3 2465 1029 3 2466 1027 3 2467 1028 3 2468 1022 2 2469 1026 164 2470 1030 2 2471 1025 5 2472 1028 5 2473 1020 5 2474 1028 0 2475 1020 0 2476 1029 0 2477 1033 5 2478 1041 5 2479 1036 5 2480 1038 5 2481 1034 5 2482 1035 5 2483 1037 5 2484 1039 5 2485 1038 5 2486 1036 5 2487 1040 5 2488 1037 5 2489 1047 27 2490 1043 27 2491 1048 27 2492 1046 27 2493 1044 27 2494 1045 27 2495 1050 27 2496 1049 27 2497 1044 27 2498 1051 27 2499 1048 27 2500 1049 27 2501 1046 2 2502 1035 2 2503 1034 2 2504 1047 3 2505 1040 3 2506 1041 3 2507 1044 1 2508 1037 1 2509 1038 1 2510 1042 3 2511 1041 3 2512 1032 3 2513 1043 0 2514 1032 0 2515 1033 0 2516 1050 3 2517 1034 3 2518 1039 3 2519 1048 1 2520 1033 1 2521 1036 1 2522 1045 1 2523 1038 1 2524 1035 1 2525 1051 3 2526 1039 3 2527 1040 3 2528 1049 1 2529 1036 1 2530 1037 1 2531 1055 165 2532 1059 166 2533 1054 167 2534 1052 168 2535 1057 169 2536 1053 170 2537 1056 5 2538 1058 5 2539 1057 5 2540 1053 171 2541 1058 172 2542 1055 173 2543 1052 174 2544 1059 175 2545 1056 176 2546 1052 177 2547 1055 178 2548 1054 179 2549 1070 180 2550 1079 181 2551 1078 182 2552 1073 183 2553 1072 0 2554 1064 184 2555 1067 185 2556 1066 186 2557 1080 187 2558 1082 188 2559 1065 189 2560 1064 190 2561 1074 191 2562 1066 192 2563 1065 193 2564 1090 194 2565 1091 27 2566 1093 195 2567 1097 196 2568 1098 197 2569 1099 198 2570 1101 199 2571 1102 200 2572 1098 201 2573 1104 202 2574 1099 203 2575 1105 204 2576 1106 205 2577 1107 206 2578 1105 207 2579 1071 208 2580 1093 209 2581 1070 210 2582 1081 211 2583 1100 212 2584 1080 5 2585 1072 3 2586 1094 3 2587 1071 3 2588 1066 213 2589 1105 214 2590 1065 215 2591 1083 216 2592 1103 217 2593 1082 218 2594 1067 219 2595 1099 220 2596 1098 221 2597 1083 222 2598 1084 223 2599 1104 224 2600 1077 225 2601 1084 226 2602 1076 227 2603 1073 5 2604 1096 5 2605 1072 5 2606 1082 228 2607 1085 229 2608 1077 230 2609 1075 5 2610 1106 5 2611 1074 5 2612 1081 231 2613 1090 232 2614 1101 233 2615 1078 234 2616 1091 235 2617 1090 236 2618 1075 237 2619 1087 238 2620 1107 239 2621 1080 240 2622 1091 241 2623 1079 242 2624 1069 243 2625 1087 244 2626 1068 245 2627 1064 246 2628 1105 214 2629 1099 220 2630 1074 1 2631 1088 1 2632 1069 1 2633 1066 213 2634 1098 221 2635 1102 247 2636 1073 248 2637 1093 249 2638 1097 250 2639 1111 251 2640 1108 252 2641 1110 5 2642 1114 27 2643 1113 27 2644 1115 27 2645 1119 5 2646 1117 5 2647 1116 5 2648 1113 253 2649 1118 254 2650 1115 255 2651 1112 256 2652 1117 257 2653 1113 258 2654 1112 259 2655 1119 260 2656 1116 261 2657 1114 262 2658 1118 263 2659 1119 264 2660 1120 0 2661 1123 0 2662 1122 0 2663 1126 2 2664 1124 2 2665 1127 2 2666 1121 265 2667 1126 266 2668 1123 267 2669 1120 268 2670 1125 268 2671 1121 268 2672 1120 269 2673 1127 270 2674 1124 271 2675 1122 272 2676 1126 272 2677 1127 273 2678 1137 274 2679 1139 275 2680 1136 276 2681 1142 8 2682 1140 277 2683 1141 9 2684 1134 278 2685 1140 277 2686 1135 279 2687 1133 280 2688 1143 281 2689 1142 8 2690 1128 282 2691 1136 276 2692 1129 283 2693 1131 284 2694 1139 275 2695 1138 20 2696 1129 285 2697 1139 286 2698 1130 287 2699 1145 5 2700 1153 5 2701 1148 5 2702 1150 5 2703 1146 5 2704 1147 5 2705 1149 5 2706 1151 5 2707 1150 5 2708 1148 5 2709 1152 5 2710 1149 5 2711 1160 1 2712 1145 1 2713 1148 1 2714 1157 1 2715 1150 1 2716 1147 1 2717 1163 3 2718 1151 3 2719 1152 3 2720 1161 1 2721 1148 1 2722 1149 1 2723 1158 2 2724 1147 2 2725 1146 2 2726 1159 3 2727 1152 3 2728 1153 3 2729 1156 1 2730 1149 1 2731 1150 1 2732 1154 3 2733 1153 3 2734 1144 3 2735 1155 0 2736 1144 0 2737 1145 0 2738 1162 3 2739 1146 3 2740 1151 3 2741 1180 1 2742 1165 1 2743 1168 1 2744 1177 1 2745 1170 1 2746 1167 1 2747 1183 3 2748 1171 3 2749 1172 3 2750 1181 1 2751 1168 1 2752 1169 1 2753 1178 2 2754 1167 2 2755 1166 2 2756 1179 3 2757 1172 3 2758 1173 3 2759 1176 1 2760 1169 1 2761 1170 1 2762 1174 3 2763 1173 3 2764 1164 3 2765 1175 0 2766 1164 0 2767 1165 0 2768 1182 3 2769 1166 3 2770 1171 3 2771 1 0 2772 3 0 2773 21 0 2774 52 1 2775 7 1 2776 22 1 2777 7 2 2778 5 2 2779 23 2 2780 59 3 2781 1 3 2782 20 3 2783 61 5 2784 3 5 2785 1 5 2786 13 6 2787 19 6 2788 1137 6 2789 16 5 2790 17 5 2791 1142 8 2792 11 10 2793 1133 288 2794 1142 11 2795 1131 27 2796 8 27 2797 1130 13 2798 8 27 2799 13 14 2800 1130 13 2801 13 14 2802 1128 27 2803 1129 12 2804 10 15 2805 16 21 2806 1141 15 2807 10 17 2808 1134 27 2809 1135 27 2810 1135 27 2811 1132 18 2812 10 17 2813 1132 18 2814 1133 289 2815 11 19 2816 1138 20 2817 1137 274 2818 19 5 2819 9 15 2820 15 22 2821 16 21 2822 9 15 2823 8 15 2824 14 21 2825 8 15 2826 1131 16 2827 1138 15 2828 12 6 2829 18 23 2830 19 6 2831 12 6 2832 11 10 2833 17 7 2834 15 5 2835 18 5 2836 17 5 2837 14 5 2838 19 5 2839 18 5 2840 1132 24 2841 1135 290 2842 1140 25 2843 11 19 2844 12 27 2845 9 27 2846 12 27 2847 13 14 2848 8 27 2849 60 4 2850 20 3 2851 0 3 2852 54 1 2853 22 1 2854 6 1 2855 63 1 2856 34 1 2857 25 1 2858 5 3 2859 56 3 2860 57 29 2861 57 29 2862 32 3 2863 29 31 2864 32 3 2865 33 33 2866 28 3 2867 27 5 2868 30 5 2869 56 5 2870 26 5 2871 31 5 2872 30 5 2873 56 3 2874 30 3 2875 32 3 2876 30 3 2877 31 3 2878 33 33 2879 36 3 2880 37 3 2881 39 3 2882 41 34 2883 44 34 2884 45 34 2885 41 34 2886 40 34 2887 43 35 2888 43 36 2889 40 291 2890 48 37 2891 45 39 2892 51 292 2893 49 40 2894 31 0 2895 46 0 2896 47 0 2897 52 5 2898 56 5 2899 5 5 2900 23 30 2901 57 29 2902 53 32 2903 35 1 2904 54 1 2905 55 1 2906 3 1 2907 61 1 2908 63 1 2909 21 1 2910 63 1 2911 58 1 2912 33 33 2913 60 4 2914 62 28 2915 26 5 2916 61 5 2917 59 5 2918 31 3 2919 59 3 2920 60 4 2921 67 1 2922 64 1 2923 65 1 2924 69 42 2925 68 1 2926 73 43 2927 73 43 2928 68 1 2929 70 45 2930 71 47 2931 69 42 2932 72 44 2933 70 45 2934 71 47 2935 75 48 2936 76 1 2937 77 1 2938 78 1 2939 78 27 2940 77 27 2941 73 27 2942 77 2 2943 76 2 2944 72 2 2945 79 0 2946 78 0 2947 74 0 2948 82 1 2949 83 1 2950 81 1 2951 89 49 2952 84 1 2953 85 1 2954 89 49 2955 90 46 2956 86 45 2957 88 50 2958 85 1 2959 87 51 2960 91 52 2961 87 51 2962 86 45 2963 94 1 2964 93 1 2965 92 1 2966 89 27 2967 93 27 2968 94 27 2969 88 0 2970 92 0 2971 93 0 2972 90 2 2973 94 2 2974 95 2 2975 97 1 2976 99 1 2977 98 1 2978 101 5 2979 114 5 2980 115 5 2981 107 27 2982 106 27 2983 110 27 2984 106 0 2985 105 0 2986 109 0 2987 104 2 2988 107 2 2989 111 2 2990 105 5 2991 104 5 2992 108 5 2993 102 53 2994 109 57 2995 108 54 2996 102 53 2997 101 60 2998 110 56 2999 103 55 3000 108 54 3001 111 58 3002 100 59 3003 111 58 3004 110 56 3005 112 1 3006 115 1 3007 114 1 3008 102 2 3009 113 2 3010 114 2 3011 100 0 3012 115 0 3013 112 0 3014 103 27 3015 112 27 3016 113 27 3017 131 5 3018 133 5 3019 132 5 3020 117 27 3021 122 27 3022 121 27 3023 120 0 3024 127 0 3025 129 0 3026 120 2 3027 125 2 3028 123 2 3029 116 0 3030 121 0 3031 124 0 3032 124 2 3033 128 2 3034 126 2 3035 118 27 3036 123 27 3037 122 27 3038 135 3 3039 138 3 3040 140 3 3041 139 3 3042 134 3 3043 136 3 3044 147 0 3045 148 0 3046 139 0 3047 145 5 3048 149 5 3049 137 5 3050 146 5 3051 147 5 3052 141 5 3053 149 0 3054 143 0 3055 135 0 3056 144 2 3057 146 2 3058 136 2 3059 142 2 3060 145 2 3061 140 2 3062 154 3 3063 151 3 3064 155 3 3065 182 3 3066 153 3 3067 160 3 3068 153 3 3069 154 3 3070 161 3 3071 165 3 3072 159 3 3073 150 3 3074 164 3 3075 158 3 3076 159 3 3077 163 3 3078 157 3 3079 158 3 3080 162 3 3081 156 3 3082 157 3 3083 161 3 3084 155 3 3085 156 3 3086 167 1 3087 168 1 3088 169 1 3089 170 1 3090 171 1 3091 185 1 3092 166 1 3093 169 1 3094 171 1 3095 173 1 3096 174 1 3097 175 1 3098 174 1 3099 176 1 3100 177 1 3101 176 1 3102 178 1 3103 179 1 3104 178 1 3105 180 1 3106 181 1 3107 180 1 3108 167 1 3109 166 1 3110 163 2 3111 179 2 3112 181 2 3113 152 2 3114 172 2 3115 175 2 3116 150 27 3117 173 27 3118 172 27 3119 164 2 3120 177 2 3121 179 2 3122 165 2 3123 175 2 3124 177 2 3125 162 61 3126 181 62 3127 170 61 3128 154 5 3129 169 5 3130 168 5 3131 160 27 3132 170 27 3133 184 27 3134 159 0 3135 174 0 3136 173 0 3137 151 0 3138 168 0 3139 167 0 3140 155 0 3141 167 0 3142 180 0 3143 156 0 3144 180 0 3145 178 0 3146 157 0 3147 178 0 3148 176 0 3149 153 5 3150 171 5 3151 169 5 3152 158 0 3153 176 0 3154 174 0 3155 182 5 3156 185 5 3157 171 5 3158 191 3 3159 187 3 3160 190 3 3161 196 3 3162 189 3 3163 182 3 3164 197 3 3165 190 3 3166 189 3 3167 186 3 3168 195 3 3169 201 3 3170 195 3 3171 194 3 3172 200 3 3173 194 3 3174 193 3 3175 199 3 3176 193 3 3177 192 3 3178 198 3 3179 192 3 3180 191 3 3181 197 3 3182 205 1 3183 204 1 3184 203 1 3185 185 1 3186 207 1 3187 206 1 3188 207 1 3189 205 1 3190 202 1 3191 211 1 3192 210 1 3193 209 1 3194 213 1 3195 212 1 3196 210 1 3197 215 1 3198 214 1 3199 212 1 3200 217 1 3201 216 1 3202 214 1 3203 202 1 3204 203 1 3205 216 1 3206 217 0 3207 215 0 3208 199 0 3209 211 0 3210 208 0 3211 188 0 3212 208 27 3213 209 27 3214 186 27 3215 215 0 3216 213 0 3217 200 0 3218 213 0 3219 211 0 3220 201 0 3221 206 63 3222 217 64 3223 198 63 3224 204 5 3225 205 5 3226 190 5 3227 184 27 3228 206 27 3229 196 27 3230 209 2 3231 210 2 3232 195 2 3233 203 2 3234 204 2 3235 187 2 3236 216 2 3237 203 2 3238 191 2 3239 214 2 3240 216 2 3241 192 2 3242 212 2 3243 214 2 3244 193 2 3245 205 5 3246 207 5 3247 189 5 3248 210 2 3249 212 2 3250 194 2 3251 207 5 3252 185 5 3253 182 5 3254 220 5 3255 221 5 3256 218 5 3257 222 5 3258 225 5 3259 224 5 3260 227 27 3261 229 27 3262 228 27 3263 232 27 3264 233 27 3265 231 27 3266 224 0 3267 232 0 3268 230 0 3269 223 3 3270 230 3 3271 231 3 3272 219 2 3273 226 2 3274 228 2 3275 218 3 3276 227 3 3277 226 3 3278 222 2 3279 231 2 3280 233 2 3281 225 1 3282 233 1 3283 232 1 3284 221 0 3285 229 0 3286 227 0 3287 220 1 3288 228 1 3289 229 1 3290 238 3 3291 235 3 3292 239 3 3293 266 3 3294 237 3 3295 244 3 3296 237 3 3297 238 3 3298 245 3 3299 249 3 3300 243 3 3301 234 3 3302 248 3 3303 242 3 3304 243 3 3305 247 3 3306 241 3 3307 242 3 3308 246 3 3309 240 3 3310 241 3 3311 245 3 3312 239 3 3313 240 3 3314 251 1 3315 252 1 3316 253 1 3317 254 1 3318 255 1 3319 269 1 3320 250 1 3321 253 1 3322 255 1 3323 257 1 3324 258 1 3325 259 1 3326 258 1 3327 260 1 3328 261 1 3329 260 1 3330 262 1 3331 263 1 3332 262 1 3333 264 1 3334 265 1 3335 264 1 3336 251 1 3337 250 1 3338 247 2 3339 263 2 3340 265 2 3341 236 2 3342 256 2 3343 259 2 3344 234 27 3345 257 27 3346 256 27 3347 248 2 3348 261 2 3349 263 2 3350 249 2 3351 259 2 3352 261 2 3353 246 65 3354 265 66 3355 254 65 3356 238 5 3357 253 5 3358 252 5 3359 244 27 3360 254 27 3361 268 27 3362 243 0 3363 258 0 3364 257 0 3365 235 0 3366 252 0 3367 251 0 3368 239 0 3369 251 0 3370 264 0 3371 240 0 3372 264 0 3373 262 0 3374 241 0 3375 262 0 3376 260 0 3377 237 5 3378 255 5 3379 253 5 3380 242 0 3381 260 0 3382 258 0 3383 266 5 3384 269 5 3385 255 5 3386 275 3 3387 271 3 3388 274 3 3389 280 3 3390 273 3 3391 266 3 3392 281 3 3393 274 3 3394 273 3 3395 270 3 3396 279 3 3397 285 3 3398 279 3 3399 278 3 3400 284 3 3401 278 3 3402 277 3 3403 283 3 3404 277 3 3405 276 3 3406 282 3 3407 276 3 3408 275 3 3409 281 3 3410 289 1 3411 288 1 3412 287 1 3413 269 1 3414 291 1 3415 290 1 3416 291 1 3417 289 1 3418 286 1 3419 295 1 3420 294 1 3421 293 1 3422 297 1 3423 296 1 3424 294 1 3425 299 1 3426 298 1 3427 296 1 3428 301 1 3429 300 1 3430 298 1 3431 286 1 3432 287 1 3433 300 1 3434 301 0 3435 299 0 3436 283 0 3437 295 0 3438 292 0 3439 272 0 3440 292 27 3441 293 27 3442 270 27 3443 299 0 3444 297 0 3445 284 0 3446 297 0 3447 295 0 3448 285 0 3449 290 63 3450 301 64 3451 282 63 3452 288 5 3453 289 5 3454 274 5 3455 268 27 3456 290 27 3457 280 27 3458 293 2 3459 294 2 3460 279 2 3461 287 2 3462 288 2 3463 271 2 3464 300 2 3465 287 2 3466 275 2 3467 298 2 3468 300 2 3469 276 2 3470 296 2 3471 298 2 3472 277 2 3473 289 5 3474 291 5 3475 273 5 3476 294 2 3477 296 2 3478 278 2 3479 291 5 3480 269 5 3481 266 5 3482 304 5 3483 305 5 3484 302 5 3485 306 5 3486 309 5 3487 308 5 3488 311 27 3489 313 27 3490 312 27 3491 316 27 3492 317 27 3493 315 27 3494 308 0 3495 316 0 3496 314 0 3497 307 3 3498 314 3 3499 315 3 3500 303 2 3501 310 2 3502 312 2 3503 302 3 3504 311 3 3505 310 3 3506 306 2 3507 315 2 3508 317 2 3509 309 1 3510 317 1 3511 316 1 3512 305 0 3513 313 0 3514 311 0 3515 304 1 3516 312 1 3517 313 1 3518 322 3 3519 319 3 3520 323 3 3521 350 3 3522 321 3 3523 328 3 3524 321 3 3525 322 3 3526 329 3 3527 333 3 3528 327 3 3529 318 3 3530 332 3 3531 326 3 3532 327 3 3533 331 3 3534 325 3 3535 326 3 3536 330 3 3537 324 3 3538 325 3 3539 329 3 3540 323 3 3541 324 3 3542 335 1 3543 336 1 3544 337 1 3545 338 1 3546 339 1 3547 353 1 3548 334 1 3549 337 1 3550 339 1 3551 341 1 3552 342 1 3553 343 1 3554 342 1 3555 344 1 3556 345 1 3557 344 1 3558 346 1 3559 347 1 3560 346 1 3561 348 1 3562 349 1 3563 348 1 3564 335 1 3565 334 1 3566 331 2 3567 347 2 3568 349 2 3569 320 2 3570 340 2 3571 343 2 3572 318 27 3573 341 27 3574 340 27 3575 332 2 3576 345 2 3577 347 2 3578 333 2 3579 343 2 3580 345 2 3581 330 67 3582 349 293 3583 338 68 3584 322 5 3585 337 5 3586 336 5 3587 328 27 3588 338 27 3589 352 27 3590 327 0 3591 342 0 3592 341 0 3593 319 0 3594 336 0 3595 335 0 3596 323 0 3597 335 0 3598 348 0 3599 324 0 3600 348 0 3601 346 0 3602 325 0 3603 346 0 3604 344 0 3605 321 5 3606 339 5 3607 337 5 3608 326 0 3609 344 0 3610 342 0 3611 350 5 3612 353 5 3613 339 5 3614 359 3 3615 355 3 3616 358 3 3617 364 3 3618 357 3 3619 350 3 3620 365 3 3621 358 3 3622 357 3 3623 354 3 3624 363 3 3625 369 3 3626 363 3 3627 362 3 3628 368 3 3629 362 3 3630 361 3 3631 367 3 3632 361 3 3633 360 3 3634 366 3 3635 360 3 3636 359 3 3637 365 3 3638 373 1 3639 372 1 3640 371 1 3641 353 1 3642 375 1 3643 374 1 3644 375 1 3645 373 1 3646 370 1 3647 379 1 3648 378 1 3649 377 1 3650 381 1 3651 380 1 3652 378 1 3653 383 1 3654 382 1 3655 380 1 3656 385 1 3657 384 1 3658 382 1 3659 370 1 3660 371 1 3661 384 1 3662 385 0 3663 383 0 3664 367 0 3665 379 0 3666 376 0 3667 356 0 3668 376 27 3669 377 27 3670 354 27 3671 383 0 3672 381 0 3673 368 0 3674 381 0 3675 379 0 3676 369 0 3677 374 63 3678 385 64 3679 366 63 3680 372 5 3681 373 5 3682 358 5 3683 352 27 3684 374 27 3685 364 27 3686 377 2 3687 378 2 3688 363 2 3689 371 2 3690 372 2 3691 355 2 3692 384 2 3693 371 2 3694 359 2 3695 382 2 3696 384 2 3697 360 2 3698 380 2 3699 382 2 3700 361 2 3701 373 5 3702 375 5 3703 357 5 3704 378 2 3705 380 2 3706 362 2 3707 375 5 3708 353 5 3709 350 5 3710 388 5 3711 389 5 3712 386 5 3713 390 5 3714 393 5 3715 392 5 3716 395 27 3717 397 27 3718 396 27 3719 400 27 3720 401 27 3721 399 27 3722 392 0 3723 400 0 3724 398 0 3725 391 3 3726 398 3 3727 399 3 3728 387 2 3729 394 2 3730 396 2 3731 386 3 3732 395 3 3733 394 3 3734 390 2 3735 399 2 3736 401 2 3737 393 1 3738 401 1 3739 400 1 3740 389 0 3741 397 0 3742 395 0 3743 388 1 3744 396 1 3745 397 1 3746 407 3 3747 403 3 3748 406 3 3749 412 3 3750 405 3 3751 434 3 3752 413 3 3753 406 3 3754 405 3 3755 402 3 3756 411 3 3757 417 3 3758 411 3 3759 410 3 3760 416 3 3761 410 3 3762 409 3 3763 415 3 3764 409 3 3765 408 3 3766 414 3 3767 408 3 3768 407 3 3769 413 3 3770 421 1 3771 420 1 3772 419 1 3773 437 1 3774 423 1 3775 422 1 3776 423 1 3777 421 1 3778 418 1 3779 427 1 3780 426 1 3781 425 1 3782 429 1 3783 428 1 3784 426 1 3785 431 1 3786 430 1 3787 428 1 3788 433 1 3789 432 1 3790 430 1 3791 418 1 3792 419 1 3793 432 1 3794 433 0 3795 431 0 3796 415 0 3797 427 0 3798 424 0 3799 404 0 3800 424 27 3801 425 27 3802 402 27 3803 431 0 3804 429 0 3805 416 0 3806 429 0 3807 427 0 3808 417 0 3809 422 70 3810 433 71 3811 414 70 3812 420 5 3813 421 5 3814 406 5 3815 436 27 3816 422 27 3817 412 27 3818 425 2 3819 426 2 3820 411 2 3821 419 2 3822 420 2 3823 403 2 3824 432 2 3825 419 2 3826 407 2 3827 430 2 3828 432 2 3829 408 2 3830 428 2 3831 430 2 3832 409 2 3833 421 5 3834 423 5 3835 405 5 3836 426 2 3837 428 2 3838 410 2 3839 423 5 3840 437 5 3841 434 5 3842 442 3 3843 439 3 3844 443 3 3845 434 3 3846 441 3 3847 448 3 3848 441 3 3849 442 3 3850 449 3 3851 453 3 3852 447 3 3853 438 3 3854 452 3 3855 446 3 3856 447 3 3857 451 3 3858 445 3 3859 446 3 3860 450 3 3861 444 3 3862 445 3 3863 449 3 3864 443 3 3865 444 3 3866 455 1 3867 456 1 3868 457 1 3869 458 1 3870 459 1 3871 437 1 3872 454 1 3873 457 1 3874 459 1 3875 461 1 3876 462 1 3877 463 1 3878 462 1 3879 464 1 3880 465 1 3881 464 1 3882 466 1 3883 467 1 3884 466 1 3885 468 1 3886 469 1 3887 468 1 3888 455 1 3889 454 1 3890 451 2 3891 467 2 3892 469 2 3893 440 2 3894 460 2 3895 463 2 3896 438 27 3897 461 27 3898 460 27 3899 452 2 3900 465 2 3901 467 2 3902 453 2 3903 463 2 3904 465 2 3905 450 61 3906 469 62 3907 458 61 3908 442 5 3909 457 5 3910 456 5 3911 448 27 3912 458 27 3913 436 27 3914 447 0 3915 462 0 3916 461 0 3917 439 0 3918 456 0 3919 455 0 3920 443 0 3921 455 0 3922 468 0 3923 444 0 3924 468 0 3925 466 0 3926 445 0 3927 466 0 3928 464 0 3929 441 5 3930 459 5 3931 457 5 3932 446 0 3933 464 0 3934 462 0 3935 434 5 3936 437 5 3937 459 5 3938 470 5 3939 473 5 3940 472 5 3941 476 5 3942 477 5 3943 474 5 3944 480 27 3945 481 27 3946 479 27 3947 483 27 3948 485 27 3949 484 27 3950 482 2 3951 484 2 3952 476 2 3953 483 3 3954 482 3 3955 475 3 3956 480 0 3957 478 0 3958 471 0 3959 478 3 3960 479 3 3961 470 3 3962 485 0 3963 483 0 3964 474 0 3965 484 1 3966 485 1 3967 477 1 3968 479 2 3969 481 2 3970 473 2 3971 481 1 3972 480 1 3973 472 1 3974 491 3 3975 487 3 3976 490 3 3977 496 3 3978 489 3 3979 518 3 3980 497 3 3981 490 3 3982 489 3 3983 486 3 3984 495 3 3985 501 3 3986 495 3 3987 494 3 3988 500 3 3989 494 3 3990 493 3 3991 499 3 3992 493 3 3993 492 3 3994 498 3 3995 492 3 3996 491 3 3997 497 3 3998 505 1 3999 504 1 4000 503 1 4001 521 1 4002 507 1 4003 506 1 4004 507 1 4005 505 1 4006 502 1 4007 511 1 4008 510 1 4009 509 1 4010 513 1 4011 512 1 4012 510 1 4013 515 1 4014 514 1 4015 512 1 4016 517 1 4017 516 1 4018 514 1 4019 502 1 4020 503 1 4021 516 1 4022 517 0 4023 515 0 4024 499 0 4025 511 0 4026 508 0 4027 488 0 4028 508 27 4029 509 27 4030 486 27 4031 515 0 4032 513 0 4033 500 0 4034 513 0 4035 511 0 4036 501 0 4037 506 72 4038 517 294 4039 498 73 4040 504 5 4041 505 5 4042 490 5 4043 520 27 4044 506 27 4045 496 27 4046 509 2 4047 510 2 4048 495 2 4049 503 2 4050 504 2 4051 487 2 4052 516 2 4053 503 2 4054 491 2 4055 514 2 4056 516 2 4057 492 2 4058 512 2 4059 514 2 4060 493 2 4061 505 5 4062 507 5 4063 489 5 4064 510 2 4065 512 2 4066 494 2 4067 507 5 4068 521 5 4069 518 5 4070 526 3 4071 523 3 4072 527 3 4073 518 3 4074 525 3 4075 532 3 4076 525 3 4077 526 3 4078 533 3 4079 537 3 4080 531 3 4081 522 3 4082 536 3 4083 530 3 4084 531 3 4085 535 3 4086 529 3 4087 530 3 4088 534 3 4089 528 3 4090 529 3 4091 533 3 4092 527 3 4093 528 3 4094 539 1 4095 540 1 4096 541 1 4097 542 1 4098 543 1 4099 521 1 4100 538 1 4101 541 1 4102 543 1 4103 545 1 4104 546 1 4105 547 1 4106 546 1 4107 548 1 4108 549 1 4109 548 1 4110 550 1 4111 551 1 4112 550 1 4113 552 1 4114 553 1 4115 552 1 4116 539 1 4117 538 1 4118 535 2 4119 551 2 4120 553 2 4121 524 2 4122 544 2 4123 547 2 4124 522 27 4125 545 27 4126 544 27 4127 536 2 4128 549 2 4129 551 2 4130 537 2 4131 547 2 4132 549 2 4133 534 61 4134 553 62 4135 542 61 4136 526 5 4137 541 5 4138 540 5 4139 532 27 4140 542 27 4141 520 27 4142 531 0 4143 546 0 4144 545 0 4145 523 0 4146 540 0 4147 539 0 4148 527 0 4149 539 0 4150 552 0 4151 528 0 4152 552 0 4153 550 0 4154 529 0 4155 550 0 4156 548 0 4157 525 5 4158 543 5 4159 541 5 4160 530 0 4161 548 0 4162 546 0 4163 518 5 4164 521 5 4165 543 5 4166 554 5 4167 557 5 4168 556 5 4169 560 5 4170 561 5 4171 558 5 4172 564 27 4173 565 27 4174 563 27 4175 567 27 4176 569 27 4177 568 27 4178 566 2 4179 568 2 4180 560 2 4181 567 3 4182 566 3 4183 559 3 4184 564 0 4185 562 0 4186 555 0 4187 562 3 4188 563 3 4189 554 3 4190 569 0 4191 567 0 4192 558 0 4193 568 1 4194 569 1 4195 561 1 4196 563 2 4197 565 2 4198 557 2 4199 565 1 4200 564 1 4201 556 1 4202 575 75 4203 570 78 4204 571 3 4205 576 77 4206 572 3 4207 570 78 4208 574 76 4209 571 3 4210 573 79 4211 577 80 4212 573 79 4213 572 3 4214 580 3 4215 579 3 4216 578 3 4217 575 27 4218 579 27 4219 580 27 4220 574 2 4221 578 2 4222 579 2 4223 576 0 4224 580 0 4225 581 0 4226 583 3 4227 585 3 4228 584 3 4229 587 3 4230 586 78 4231 591 75 4232 586 78 4233 588 3 4234 592 82 4235 589 83 4236 587 3 4237 590 81 4238 588 3 4239 589 83 4240 593 84 4241 594 3 4242 595 3 4243 596 3 4244 596 27 4245 595 27 4246 591 27 4247 595 0 4248 594 0 4249 590 0 4250 597 2 4251 596 2 4252 592 2 4253 600 3 4254 601 3 4255 599 3 4256 609 2 4257 608 2 4258 604 2 4259 606 0 4260 607 0 4261 603 0 4262 610 3 4263 613 3 4264 614 3 4265 611 3 4266 614 3 4267 615 3 4268 617 1 4269 618 1 4270 619 1 4271 621 1 4272 617 1 4273 616 1 4274 615 0 4275 621 0 4276 620 0 4277 614 5 4278 617 5 4279 621 5 4280 612 27 4281 620 27 4282 616 27 4283 610 2 4284 619 2 4285 618 2 4286 613 5 4287 618 5 4288 617 5 4289 611 27 4290 616 27 4291 619 27 4292 623 5 4293 625 5 4294 627 5 4295 622 5 4296 626 5 4297 625 5 4298 628 3 4299 629 3 4300 631 3 4301 635 3 4302 633 3 4303 632 3 4304 636 85 4305 638 295 4306 639 86 4307 641 2 4308 642 2 4309 643 2 4310 636 3 4311 643 3 4312 642 3 4313 638 5 4314 642 5 4315 641 5 4316 647 87 4317 646 296 4318 644 88 4319 651 0 4320 650 0 4321 649 0 4322 650 3 4323 651 3 4324 644 3 4325 649 5 4326 650 5 4327 646 5 4328 654 1 4329 655 1 4330 652 1 4331 656 1 4332 659 1 4333 658 1 4334 661 3 4335 663 3 4336 662 3 4337 666 3 4338 667 3 4339 665 3 4340 655 27 4341 663 27 4342 661 27 4343 652 0 4344 661 0 4345 660 0 4346 658 5 4347 666 5 4348 664 5 4349 659 0 4350 667 0 4351 666 0 4352 653 5 4353 660 5 4354 662 5 4355 654 2 4356 662 2 4357 663 2 4358 656 27 4359 665 27 4360 667 27 4361 657 2 4362 664 2 4363 665 2 4364 677 0 4365 671 0 4366 669 0 4367 670 0 4368 675 0 4369 674 0 4370 676 0 4371 677 0 4372 672 0 4373 678 0 4374 681 0 4375 680 0 4376 686 0 4377 683 0 4378 687 0 4379 714 0 4380 685 0 4381 692 0 4382 685 0 4383 686 0 4384 693 0 4385 697 0 4386 691 0 4387 682 0 4388 696 0 4389 690 0 4390 691 0 4391 695 0 4392 689 0 4393 690 0 4394 694 0 4395 688 0 4396 689 0 4397 693 0 4398 687 0 4399 688 0 4400 699 2 4401 700 2 4402 701 2 4403 702 2 4404 703 2 4405 717 2 4406 698 2 4407 701 2 4408 703 2 4409 705 2 4410 706 2 4411 707 2 4412 706 2 4413 708 2 4414 709 2 4415 708 2 4416 710 2 4417 711 2 4418 710 2 4419 712 2 4420 713 2 4421 712 2 4422 699 2 4423 698 2 4424 695 3 4425 711 3 4426 713 3 4427 684 3 4428 704 3 4429 707 3 4430 682 27 4431 705 27 4432 704 27 4433 696 3 4434 709 3 4435 711 3 4436 697 3 4437 707 3 4438 709 3 4439 694 89 4440 713 297 4441 702 90 4442 686 5 4443 701 5 4444 700 5 4445 692 27 4446 702 27 4447 716 27 4448 691 1 4449 706 1 4450 705 1 4451 683 1 4452 700 1 4453 699 1 4454 687 1 4455 699 1 4456 712 1 4457 688 1 4458 712 1 4459 710 1 4460 689 1 4461 710 1 4462 708 1 4463 685 5 4464 703 5 4465 701 5 4466 690 1 4467 708 1 4468 706 1 4469 714 5 4470 717 5 4471 703 5 4472 723 0 4473 719 0 4474 722 0 4475 728 0 4476 721 0 4477 714 0 4478 729 0 4479 722 0 4480 721 0 4481 718 0 4482 727 0 4483 733 0 4484 727 0 4485 726 0 4486 732 0 4487 726 0 4488 725 0 4489 731 0 4490 725 0 4491 724 0 4492 730 0 4493 724 0 4494 723 0 4495 729 0 4496 737 2 4497 736 2 4498 735 2 4499 717 2 4500 739 2 4501 738 2 4502 739 2 4503 737 2 4504 734 2 4505 743 2 4506 742 2 4507 741 2 4508 745 2 4509 744 2 4510 742 2 4511 747 2 4512 746 2 4513 744 2 4514 749 2 4515 748 2 4516 746 2 4517 734 2 4518 735 2 4519 748 2 4520 749 1 4521 747 1 4522 731 1 4523 743 1 4524 740 1 4525 720 1 4526 740 27 4527 741 27 4528 718 27 4529 747 1 4530 745 1 4531 732 1 4532 745 1 4533 743 1 4534 733 1 4535 738 92 4536 749 298 4537 730 93 4538 736 5 4539 737 5 4540 722 5 4541 716 27 4542 738 27 4543 728 27 4544 741 3 4545 742 3 4546 727 3 4547 735 3 4548 736 3 4549 719 3 4550 748 3 4551 735 3 4552 723 3 4553 746 3 4554 748 3 4555 724 3 4556 744 3 4557 746 3 4558 725 3 4559 737 5 4560 739 5 4561 721 5 4562 742 3 4563 744 3 4564 726 3 4565 739 5 4566 717 5 4567 714 5 4568 752 5 4569 753 5 4570 750 5 4571 754 5 4572 757 5 4573 756 5 4574 759 27 4575 761 27 4576 760 27 4577 764 27 4578 765 27 4579 763 27 4580 756 1 4581 764 1 4582 762 1 4583 755 0 4584 762 0 4585 763 0 4586 751 3 4587 758 3 4588 760 3 4589 750 0 4590 759 0 4591 758 0 4592 754 3 4593 763 3 4594 765 3 4595 757 2 4596 765 2 4597 764 2 4598 753 1 4599 761 1 4600 759 1 4601 752 2 4602 760 2 4603 761 2 4604 767 2 4605 769 2 4606 775 2 4607 772 2 4608 773 2 4609 768 2 4610 770 2 4611 775 2 4612 774 2 4613 778 2 4614 779 2 4615 776 2 4616 785 2 4617 781 2 4618 784 2 4619 790 2 4620 783 2 4621 812 2 4622 791 2 4623 784 2 4624 783 2 4625 780 2 4626 789 2 4627 795 2 4628 789 2 4629 788 2 4630 794 2 4631 788 2 4632 787 2 4633 793 2 4634 787 2 4635 786 2 4636 792 2 4637 786 2 4638 785 2 4639 791 2 4640 799 0 4641 798 0 4642 797 0 4643 815 0 4644 801 0 4645 800 0 4646 801 0 4647 799 0 4648 796 0 4649 805 0 4650 804 0 4651 803 0 4652 807 0 4653 806 0 4654 804 0 4655 809 0 4656 808 0 4657 806 0 4658 811 0 4659 810 0 4660 808 0 4661 796 0 4662 797 0 4663 810 0 4664 811 3 4665 809 3 4666 793 3 4667 805 3 4668 802 3 4669 782 3 4670 802 27 4671 803 27 4672 780 27 4673 809 3 4674 807 3 4675 794 3 4676 807 3 4677 805 3 4678 795 3 4679 800 90 4680 811 297 4681 792 89 4682 798 5 4683 799 5 4684 784 5 4685 814 27 4686 800 27 4687 790 27 4688 803 1 4689 804 1 4690 789 1 4691 797 1 4692 798 1 4693 781 1 4694 810 1 4695 797 1 4696 785 1 4697 808 1 4698 810 1 4699 786 1 4700 806 1 4701 808 1 4702 787 1 4703 799 5 4704 801 5 4705 783 5 4706 804 1 4707 806 1 4708 788 1 4709 801 5 4710 815 5 4711 812 5 4712 820 2 4713 817 2 4714 821 2 4715 812 2 4716 819 2 4717 826 2 4718 819 2 4719 820 2 4720 827 2 4721 831 2 4722 825 2 4723 816 2 4724 830 2 4725 824 2 4726 825 2 4727 829 2 4728 823 2 4729 824 2 4730 828 2 4731 822 2 4732 823 2 4733 827 2 4734 821 2 4735 822 2 4736 833 0 4737 834 0 4738 835 0 4739 836 0 4740 837 0 4741 815 0 4742 832 0 4743 835 0 4744 837 0 4745 839 0 4746 840 0 4747 841 0 4748 840 0 4749 842 0 4750 843 0 4751 842 0 4752 844 0 4753 845 0 4754 844 0 4755 846 0 4756 847 0 4757 846 0 4758 833 0 4759 832 0 4760 829 1 4761 845 1 4762 847 1 4763 818 1 4764 838 1 4765 841 1 4766 816 27 4767 839 27 4768 838 27 4769 830 1 4770 843 1 4771 845 1 4772 831 1 4773 841 1 4774 843 1 4775 828 93 4776 847 298 4777 836 92 4778 820 5 4779 835 5 4780 834 5 4781 826 27 4782 836 27 4783 814 27 4784 825 3 4785 840 3 4786 839 3 4787 817 3 4788 834 3 4789 833 3 4790 821 3 4791 833 3 4792 846 3 4793 822 3 4794 846 3 4795 844 3 4796 823 3 4797 844 3 4798 842 3 4799 819 5 4800 837 5 4801 835 5 4802 824 3 4803 842 3 4804 840 3 4805 812 5 4806 815 5 4807 837 5 4808 848 5 4809 851 5 4810 850 5 4811 854 5 4812 855 5 4813 852 5 4814 858 27 4815 859 27 4816 857 27 4817 861 27 4818 863 27 4819 862 27 4820 860 1 4821 862 1 4822 854 1 4823 861 2 4824 860 2 4825 853 2 4826 858 3 4827 856 3 4828 849 3 4829 856 2 4830 857 2 4831 848 2 4832 863 3 4833 861 3 4834 852 3 4835 862 0 4836 863 0 4837 855 0 4838 857 1 4839 859 1 4840 851 1 4841 859 0 4842 858 0 4843 850 0 4844 865 5 4845 864 5 4846 873 5 4847 870 5 4848 871 5 4849 866 5 4850 869 5 4851 872 5 4852 871 5 4853 868 5 4854 873 5 4855 872 5 4856 880 1 4857 875 1 4858 865 1 4859 877 1 4860 876 1 4861 870 1 4862 883 3 4863 882 3 4864 871 3 4865 881 1 4866 880 1 4867 868 1 4868 878 2 4869 877 2 4870 867 2 4871 879 3 4872 883 3 4873 872 3 4874 876 1 4875 881 1 4876 869 1 4877 874 3 4878 879 3 4879 873 3 4880 875 0 4881 874 0 4882 864 0 4883 882 3 4884 878 3 4885 866 3 4886 900 1 4887 895 1 4888 885 1 4889 897 1 4890 896 1 4891 890 1 4892 903 3 4893 902 3 4894 891 3 4895 901 1 4896 900 1 4897 888 1 4898 898 2 4899 897 2 4900 887 2 4901 899 3 4902 903 3 4903 892 3 4904 896 1 4905 901 1 4906 889 1 4907 894 3 4908 899 3 4909 893 3 4910 895 0 4911 894 0 4912 884 0 4913 902 3 4914 898 3 4915 886 3 4916 905 95 4917 908 99 4918 909 96 4919 905 95 4920 904 299 4921 907 98 4922 910 1 4923 913 1 4924 914 100 4925 911 101 4926 914 100 4927 915 102 4928 917 104 4929 918 300 4930 919 105 4931 921 106 4932 917 104 4933 916 106 4934 915 2 4935 921 2 4936 920 2 4937 914 108 4938 917 114 4939 921 109 4940 911 110 4941 912 27 4942 920 111 4943 910 0 4944 919 0 4945 918 0 4946 913 113 4947 918 301 4948 917 114 4949 910 115 4950 911 110 4951 916 112 4952 922 117 4953 924 2 4954 925 118 4955 927 120 4956 928 302 4957 929 120 4958 922 1 4959 929 1 4960 928 1 4961 924 5 4962 928 5 4963 927 5 4964 933 122 4965 932 303 4966 930 123 4967 937 124 4968 936 2 4969 935 125 4970 936 1 4971 937 1 4972 930 1 4973 935 5 4974 936 5 4975 932 5 4976 940 3 4977 941 3 4978 938 3 4979 942 3 4980 945 3 4981 944 3 4982 947 1 4983 949 1 4984 948 1 4985 952 1 4986 953 1 4987 951 1 4988 941 27 4989 949 27 4990 947 27 4991 938 2 4992 947 2 4993 946 2 4994 944 5 4995 952 5 4996 950 5 4997 945 2 4998 953 2 4999 952 2 5000 939 5 5001 946 5 5002 948 5 5003 940 0 5004 948 0 5005 949 0 5006 942 27 5007 951 27 5008 953 27 5009 943 0 5010 950 0 5011 951 0 5012 955 27 5013 956 27 5014 959 27 5015 954 27 5016 955 27 5017 958 27 5018 959 127 5019 956 128 5020 626 128 5021 627 130 5022 954 304 5023 957 131 5024 956 133 5025 955 138 5026 625 134 5027 623 136 5028 958 141 5029 959 137 5030 955 138 5031 954 305 5032 627 139 5033 624 140 5034 957 140 5035 958 141 5036 961 5 5037 963 5 5038 965 5 5039 960 5 5040 964 5 5041 963 5 5042 967 27 5043 968 27 5044 971 27 5045 966 27 5046 967 27 5047 970 27 5048 971 142 5049 968 306 5050 964 143 5051 965 145 5052 966 307 5053 969 146 5054 968 148 5055 967 154 5056 963 149 5057 961 151 5058 970 157 5059 971 152 5060 967 154 5061 966 308 5062 965 155 5063 962 156 5064 969 309 5065 970 157 5066 976 2 5067 980 2 5068 982 2 5069 976 158 5070 972 1 5071 973 159 5072 979 161 5073 975 1 5074 974 162 5075 978 163 5076 974 162 5077 972 1 5078 979 161 5079 977 160 5080 973 159 5081 980 1 5082 981 1 5083 983 1 5084 977 27 5085 981 27 5086 980 27 5087 979 0 5088 983 0 5089 981 0 5090 978 5 5091 982 5 5092 983 5 5093 985 5 5094 988 5 5095 987 5 5096 984 5 5097 989 5 5098 988 5 5099 995 3 5100 994 3 5101 990 3 5102 993 3 5103 995 3 5104 991 3 5105 986 2 5106 987 5 5107 990 164 5108 989 5 5109 993 5 5110 992 5 5111 997 5 5112 1000 5 5113 999 5 5114 996 5 5115 1001 5 5116 1000 5 5117 1007 3 5118 1006 3 5119 1002 3 5120 1005 3 5121 1007 3 5122 1003 3 5123 998 2 5124 999 5 5125 1002 164 5126 1001 5 5127 1005 5 5128 1004 5 5129 1009 5 5130 1012 5 5131 1011 5 5132 1008 5 5133 1013 5 5134 1012 5 5135 1019 3 5136 1018 3 5137 1014 3 5138 1017 3 5139 1019 3 5140 1015 3 5141 1010 2 5142 1011 5 5143 1014 164 5144 1013 5 5145 1017 5 5146 1016 5 5147 1021 5 5148 1024 5 5149 1023 5 5150 1020 5 5151 1025 5 5152 1024 5 5153 1031 3 5154 1030 3 5155 1026 3 5156 1029 3 5157 1031 3 5158 1027 3 5159 1022 2 5160 1023 5 5161 1026 164 5162 1025 5 5163 1029 5 5164 1028 5 5165 1033 5 5166 1032 5 5167 1041 5 5168 1038 5 5169 1039 5 5170 1034 5 5171 1037 5 5172 1040 5 5173 1039 5 5174 1036 5 5175 1041 5 5176 1040 5 5177 1047 27 5178 1042 27 5179 1043 27 5180 1046 27 5181 1050 27 5182 1044 27 5183 1050 27 5184 1051 27 5185 1049 27 5186 1051 27 5187 1047 27 5188 1048 27 5189 1046 2 5190 1045 2 5191 1035 2 5192 1047 3 5193 1051 3 5194 1040 3 5195 1044 1 5196 1049 1 5197 1037 1 5198 1042 3 5199 1047 3 5200 1041 3 5201 1043 0 5202 1042 0 5203 1032 0 5204 1050 3 5205 1046 3 5206 1034 3 5207 1048 1 5208 1043 1 5209 1033 1 5210 1045 1 5211 1044 1 5212 1038 1 5213 1051 3 5214 1050 3 5215 1039 3 5216 1049 1 5217 1048 1 5218 1036 1 5219 1055 165 5220 1058 310 5221 1059 166 5222 1052 168 5223 1056 311 5224 1057 169 5225 1056 5 5226 1059 5 5227 1058 5 5228 1053 171 5229 1057 312 5230 1058 172 5231 1052 174 5232 1054 313 5233 1059 175 5234 1052 177 5235 1053 27 5236 1055 178 5237 1076 314 5238 1060 5 5239 1071 315 5240 1070 180 5241 1062 5 5242 1079 181 5243 1076 314 5244 1071 315 5245 1068 316 5246 1071 315 5247 1070 180 5248 1068 316 5249 1061 5 5250 1077 5 5251 1068 316 5252 1077 5 5253 1076 314 5254 1068 316 5255 1063 5 5256 1069 317 5257 1078 182 5258 1069 317 5259 1068 316 5260 1070 180 5261 1078 182 5262 1069 317 5263 1070 180 5264 1072 0 5265 1071 0 5266 1060 0 5267 1067 318 5268 1062 319 5269 1073 183 5270 1062 319 5271 1070 320 5272 1073 183 5273 1072 0 5274 1060 0 5275 1064 184 5276 1067 318 5277 1073 183 5278 1064 184 5279 1080 187 5280 1079 321 5281 1062 322 5282 1066 186 5283 1063 323 5284 1081 324 5285 1063 323 5286 1078 325 5287 1081 324 5288 1080 187 5289 1062 322 5290 1067 185 5291 1066 186 5292 1081 324 5293 1080 187 5294 1082 188 5295 1077 326 5296 1061 327 5297 1064 190 5298 1060 328 5299 1083 329 5300 1060 328 5301 1076 330 5302 1083 329 5303 1082 188 5304 1061 327 5305 1065 189 5306 1064 190 5307 1083 329 5308 1082 188 5309 1074 191 5310 1069 2 5311 1063 2 5312 1065 193 5313 1061 331 5314 1075 332 5315 1061 331 5316 1068 333 5317 1075 332 5318 1074 191 5319 1063 2 5320 1066 192 5321 1065 193 5322 1075 332 5323 1074 191 5324 1084 27 5325 1085 27 5326 1087 334 5327 1085 27 5328 1086 27 5329 1087 334 5330 1087 334 5331 1088 335 5332 1093 195 5333 1088 335 5334 1089 27 5335 1090 194 5336 1094 336 5337 1095 27 5338 1084 27 5339 1091 27 5340 1092 27 5341 1093 195 5342 1093 195 5343 1094 336 5344 1087 334 5345 1094 336 5346 1084 27 5347 1087 334 5348 1088 335 5349 1090 194 5350 1093 195 5351 1097 196 5352 1093 337 5353 1092 338 5354 1099 198 5355 1095 339 5356 1096 340 5357 1095 339 5358 1094 2 5359 1096 340 5360 1097 196 5361 1092 338 5362 1098 197 5363 1099 198 5364 1096 340 5365 1097 196 5366 1092 341 5367 1091 342 5368 1100 343 5369 1101 199 5370 1090 1 5371 1089 1 5372 1098 201 5373 1092 341 5374 1100 343 5375 1101 199 5376 1089 1 5377 1102 200 5378 1098 201 5379 1100 343 5380 1101 199 5381 1104 202 5382 1084 3 5383 1095 3 5384 1105 204 5385 1086 344 5386 1103 345 5387 1086 344 5388 1085 346 5389 1103 345 5390 1104 202 5391 1095 3 5392 1099 203 5393 1105 204 5394 1103 345 5395 1104 202 5396 1107 206 5397 1087 347 5398 1086 348 5399 1102 349 5400 1089 350 5401 1106 205 5402 1089 350 5403 1088 0 5404 1106 205 5405 1107 206 5406 1086 348 5407 1105 207 5408 1102 349 5409 1106 205 5410 1105 207 5411 1071 208 5412 1094 351 5413 1093 209 5414 1081 211 5415 1101 352 5416 1100 212 5417 1072 3 5418 1096 3 5419 1094 3 5420 1066 213 5421 1102 247 5422 1105 214 5423 1083 216 5424 1104 353 5425 1103 217 5426 1067 219 5427 1064 246 5428 1099 220 5429 1083 222 5430 1076 354 5431 1084 223 5432 1077 225 5433 1085 355 5434 1084 226 5435 1073 5 5436 1097 5 5437 1096 5 5438 1082 228 5439 1103 356 5440 1085 229 5441 1075 5 5442 1107 5 5443 1106 5 5444 1081 231 5445 1078 357 5446 1090 232 5447 1078 234 5448 1079 358 5449 1091 235 5450 1075 237 5451 1068 3 5452 1087 238 5453 1080 240 5454 1100 359 5455 1091 241 5456 1069 243 5457 1088 360 5458 1087 244 5459 1064 246 5460 1065 215 5461 1105 214 5462 1074 1 5463 1106 1 5464 1088 1 5465 1066 213 5466 1067 219 5467 1098 221 5468 1073 248 5469 1070 1 5470 1093 249 5471 1111 251 5472 1109 361 5473 1108 252 5474 1114 27 5475 1112 27 5476 1113 27 5477 1119 5 5478 1118 5 5479 1117 5 5480 1113 253 5481 1117 362 5482 1118 254 5483 1112 256 5484 1116 363 5485 1117 257 5486 1112 259 5487 1114 364 5488 1119 260 5489 1114 262 5490 1115 365 5491 1118 263 5492 1120 0 5493 1121 0 5494 1123 0 5495 1126 2 5496 1125 2 5497 1124 2 5498 1121 265 5499 1125 366 5500 1126 266 5501 1120 268 5502 1124 268 5503 1125 268 5504 1120 269 5505 1122 367 5506 1127 270 5507 1122 272 5508 1123 273 5509 1126 272 5510 1137 274 5511 1138 20 5512 1139 275 5513 1142 8 5514 1143 281 5515 1140 277 5516 1134 278 5517 1141 9 5518 1140 277 5519 1133 280 5520 1132 368 5521 1143 281 5522 1128 282 5523 1137 274 5524 1136 276 5525 1131 284 5526 1130 369 5527 1139 275 5528 1129 285 5529 1136 370 5530 1139 286 5531 1145 5 5532 1144 5 5533 1153 5 5534 1150 5 5535 1151 5 5536 1146 5 5537 1149 5 5538 1152 5 5539 1151 5 5540 1148 5 5541 1153 5 5542 1152 5 5543 1160 1 5544 1155 1 5545 1145 1 5546 1157 1 5547 1156 1 5548 1150 1 5549 1163 3 5550 1162 3 5551 1151 3 5552 1161 1 5553 1160 1 5554 1148 1 5555 1158 2 5556 1157 2 5557 1147 2 5558 1159 3 5559 1163 3 5560 1152 3 5561 1156 1 5562 1161 1 5563 1149 1 5564 1154 3 5565 1159 3 5566 1153 3 5567 1155 0 5568 1154 0 5569 1144 0 5570 1162 3 5571 1158 3 5572 1146 3 5573 1180 1 5574 1175 1 5575 1165 1 5576 1177 1 5577 1176 1 5578 1170 1 5579 1183 3 5580 1182 3 5581 1171 3 5582 1181 1 5583 1180 1 5584 1168 1 5585 1178 2 5586 1177 2 5587 1167 2 5588 1179 3 5589 1183 3 5590 1172 3 5591 1176 1 5592 1181 1 5593 1169 1 5594 1174 3 5595 1179 3 5596 1173 3 5597 1175 0 5598 1174 0 5599 1164 0 5600 1182 3 5601 1178 3 5602 1166 3 5603</p>
        </triangles>
      </mesh>
    </geometry>
  </library_geometries>
  <library_visual_scenes>
    <visual_scene id="Scene" name="Scene">
      <node id="cc" name="cc" type="NODE">
        <matrix sid="transform">1.1 0 0 0 0 1.1 0 0 0 0 1.1 0 0 0 0 1</matrix>
        <instance_geometry url="#Cubo_003-mesh" name="cc">
          <bind_material>
            <technique_common>
              <instance_material symbol="text_KARTLI_004-material" target="#text_KARTLI_004-material">
                <bind_vertex_input semantic="Mapa UV" input_semantic="TEXCOORD" input_set="0"/>
                <bind_vertex_input semantic="Mapa UV.001" input_semantic="TEXCOORD" input_set="1"/>
              </instance_material>
            </technique_common>
          </bind_material>
        </instance_geometry>
        <node id="prop_garrisoned" name="prop_garrisoned" type="NODE">
          <matrix sid="transform">-2.740342 4.1378e-7 0 6.720909 -4.1378e-7 -2.740342 0 5.738382 0 0 2.740342 12.85285 0 0 0 1</matrix>
        </node>
        <node id="prop_projectile" name="prop_projectile" type="NODE">
          <matrix sid="transform">-2.740342 4.1378e-7 0 1.87266e-13 -4.1378e-7 -2.740342 0 6.067705 0 0 2.740342 12.88452 0 0 0 1</matrix>
        </node>
        <node id="prop_01" name="prop_01" type="NODE">
          <matrix sid="transform">-2.740342 4.1378e-7 0 -12.04543 -4.1378e-7 -2.740342 0 -4.197111 0 0 2.740342 0 0 0 0 1</matrix>
        </node>
        <node id="prop_02" name="prop_02" type="NODE">
          <matrix sid="transform">-2.740342 4.1378e-7 0 12.0454 -4.1378e-7 -2.740342 0 -4.197111 0 0 2.740342 0 0 0 0 1</matrix>
        </node>
        <node id="prop_03" name="prop_03" type="NODE">
          <matrix sid="transform">-2.740342 4.1378e-7 0 -12.04543 -4.1378e-7 -2.740342 0 11.46377 0 0 2.740342 0 0 0 0 1</matrix>
        </node>
        <node id="prop_04" name="prop_04" type="NODE">
          <matrix sid="transform">-2.740342 4.1378e-7 0 12.0454 -4.1378e-7 -2.740342 0 11.46377 0 0 2.740342 0 0 0 0 1</matrix>
        </node>
        <node id="prop_03_001" name="prop_03.001" type="NODE">
          <matrix sid="transform">-2.740342 4.1378e-7 0 1.23387e-13 -4.1378e-7 -2.740342 0 -8.682609 0 0 2.740342 0 0 0 0 1</matrix>
        </node>
      </node>
    </visual_scene>
  </library_visual_scenes>
  <scene>
    <instance_visual_scene url="#Scene"/>
  </scene>
</COLLADA>