<?xml version="1.0" encoding="utf-8"?>
<COLLADA xmlns="http://www.collada.org/2005/11/COLLADASchema" version="1.4.1" xmlns:xsi="http://www.w3.org/2001/XMLSchema-instance">
  <asset>
    <contributor>
      <author>Blender User</author>
      <authoring_tool>Blender 4.3.1 commit date:2024-12-10, commit time:07:46, hash:33d812126174</authoring_tool>
    </contributor>
    <created>2026-06-02T20:08:42</created>
    <modified>2026-06-02T20:08:42</modified>
    <unit name="meter" meter="1"/>
    <up_axis>Z_UP</up_axis>
  </asset>
  <library_effects>
    <effect id="Skin-effect">
      <profile_COMMON>
        <newparam sid="ming_armor_png-surface">
          <surface type="2D">
            <init_from>ming_armor_png</init_from>
          </surface>
        </newparam>
        <newparam sid="ming_armor_png-sampler">
          <sampler2D>
            <source>ming_armor_png-surface</source>
          </sampler2D>
        </newparam>
        <technique sid="common">
          <lambert>
            <emission>
              <color sid="emission">0 0 0 1</color>
            </emission>
            <diffuse>
              <texture texture="ming_armor_png-sampler" texcoord="Cube_023-mesh-map-0"/>
            </diffuse>
            <reflectivity>
              <float sid="specular">0.5</float>
            </reflectivity>
            <index_of_refraction>
              <float sid="ior">1.5</float>
            </index_of_refraction>
          </lambert>
        </technique>
      </profile_COMMON>
    </effect>
  </library_effects>
  <library_images>
    <image id="ming_armor_png" name="ming_armor_png">
      <init_from>/home/welton/Downloads/ming_armor.png</init_from>
    </image>
  </library_images>
  <library_materials>
    <material id="Skin-material" name="Skin">
      <instance_effect url="#Skin-effect"/>
    </material>
  </library_materials>
  <library_geometries>
    <geometry id="Cube_023-mesh" name="Cube.023">
      <mesh>
        <source id="Cube_023-mesh-positions">
          <float_array id="Cube_023-mesh-positions-array" count="1608">0.3281424 0.2464384 2.434589 0.2987832 -0.3690305 2.431839 0.2553197 0.2709073 3.611131 0.2576323 -0.1102014 3.550232 0.3271263 0.1326545 2.564865 0.2850489 -0.3652048 2.697449 0.4030647 0.3542318 3.151119 0.3683367 -0.4124221 3.125351 0.06403791 -0.3853255 2.011137 0.3687102 0.08084368 3.626322 0.4219753 -0.1415693 2.489922 0.4117435 -0.1381862 2.639582 0.5339653 0.0771088 3.114905 0.3979227 0.280255 1.796674 0.4333733 -0.2974236 1.790834 0.06264585 0.3782485 1.793888 0.06972557 -0.3597927 1.788725 0.4417877 0.3113017 1.409233 0.5067405 -0.2187896 1.376571 0.08622938 0.3863584 1.412524 0.4154693 0.3470417 1.303155 0.4936825 -0.1979194 1.22665 0.09284311 0.4058433 1.313242 0.08597344 -0.2691333 1.220574 0.4165318 0.4075549 1.184275 0.5034853 -0.1801652 1.101988 0.09725111 0.4351184 1.18851 0.08597344 -0.2564611 1.087781 0.4572048 0.4549189 0.958349 0.5070058 -0.1298732 0.8428712 0.1071329 0.4354726 0.9446313 0.08597344 -0.2159296 0.8241196 0.4672126 0.4253659 0.2201855 0.5507595 -0.06171101 0.2114788 0.1231057 0.4253659 0.2124313 0.4098577 -0.1057318 2.801155 0.2962511 0.1451326 2.7437 0.3219375 -0.3863688 2.898529 0.158909 0.2251188 3.703617 0.1192684 -0.04478806 3.610503 0.2028154 0.06800097 3.646372 0.5283108 0.2398092 3.540529 0.5503801 -0.1217632 3.524863 0.4906312 0.3207685 3.295567 0.4950047 -0.2484227 3.271327 0.5880375 0.08016026 3.584517 0.443233 0.08221578 3.187545 0.3333585 0.3608988 3.372141 0.3028072 -0.2974537 3.359406 0.4840971 0.3174708 3.384158 0.5469716 -0.2253756 3.388964 0.5305123 -0.0539171 1.237326 0.446678 0.08266246 2.041944 0.5101773 0.1833372 1.406788 0.4973092 0.1675419 1.503648 0.4394145 0.09292024 2.141408 0.3731967 0.2802026 2.136195 0.4847182 -0.1810266 1.793316 0.4731346 -0.2010217 1.918995 -0.4159729 0.2799831 1.699813 -0.3888208 0.2750999 1.916702 -0.528512 -0.09579211 0.527175 0.1154044 0.1489637 3.763386 0.08888739 -0.01395726 3.709904 0.1440296 0.05585139 3.73536 0.0938639 0.1262141 3.820777 0.07877933 -0.04008811 3.777979 0.1101477 0.03116935 3.798349 0.005421876 0.01513844 3.850259 0.004578649 0.005842268 3.847867 0.006332099 0.009825527 3.849005 0.3804602 0.2699449 2.036731 0.03897666 0.3787682 2.013686 0.3983324 -0.3437149 2.038138 -0.3277717 0.2464384 2.434589 -0.2984125 -0.3690305 2.431839 -0.254949 0.2709073 3.611131 -0.2572616 -0.1102014 3.550232 -0.3267557 0.1326545 2.564865 -0.2846782 -0.3652048 2.697449 -0.4026941 0.3542318 3.151119 -0.3679661 -0.4124221 3.125351 -0.06366723 -0.3853255 2.011137 -0.3683395 0.08084368 3.626322 -0.4216046 -0.1415693 2.489922 -0.4113729 -0.1381862 2.639582 -0.5335947 0.0771088 3.114905 -0.397552 0.280255 1.796674 -0.4330027 -0.2974236 1.790834 -0.06227517 0.3782485 1.793888 -0.06935489 -0.3597927 1.788725 -0.441417 0.3113017 1.409233 -0.5063698 -0.2187896 1.376571 -0.4150986 0.3470417 1.303155 -0.4933118 -0.1979194 1.22665 -0.09247243 0.4058433 1.313242 -0.08560276 -0.2691333 1.220574 -0.4161611 0.4075549 1.184275 -0.5031147 -0.1801652 1.101988 -0.09688043 0.4351184 1.18851 -0.08560276 -0.2564611 1.087781 -0.4568341 0.4549189 0.958349 -0.5066351 -0.1298732 0.8428712 -0.1067622 0.4354726 0.9446313 -0.08560276 -0.2159296 0.8241196 -0.4668419 0.4253659 0.2201855 -0.5503888 -0.06171101 0.2114788 -0.409487 -0.1057318 2.801155 -0.2958804 0.1451326 2.7437 -0.3215668 -0.3863688 2.898529 -0.1585384 0.2251188 3.703617 -0.1188977 -0.04478806 3.610503 -0.2024446 0.06800097 3.646372 -0.5279402 0.2398092 3.540529 -0.5500094 -0.1217632 3.524863 -0.4902605 0.3207685 3.295567 -0.494634 -0.2484227 3.271327 -0.5876668 0.08016026 3.584517 -0.4428623 0.08221578 3.187545 -0.3329879 0.3608988 3.372141 -0.3024365 -0.2974537 3.359406 -0.4837265 0.3174708 3.384158 -0.5466009 -0.2253756 3.388964 0.5345491 0.3146664 0.5568343 0.5295451 0.3294429 0.9259161 0.4368683 0.4332328 1.071312 0.5193587 0.3029013 1.042782 0.496343 0.1378132 1.698372 0.4914058 0.2185634 1.275578 0.5052455 -0.1521129 0.9724295 0.4163436 0.2799831 1.699813 0.504565 0.2006934 1.328618 0.4286285 0.3291717 1.356194 0.542499 -0.01921147 1.114601 0.5544456 0.02871763 0.8681772 0.5292312 -0.132765 1.591886 0.5442593 0.002176105 0.9850431 0.5354137 -0.04504001 1.174995 0.5218437 -0.1627656 1.68975 0.4243962 0.08368289 2.252099 0.3792498 -0.3500439 2.136563 -0.4578909 0.1026575 1.916265 -0.4463073 0.08266246 2.041944 -0.3788791 -0.3500439 2.136563 -0.4402251 -0.2334048 2.153338 -0.4211425 -0.2397337 2.251763 -0.5963925 0.08449482 0.2129434 -0.554619 0.3363626 0.2172967 -0.5291745 0.3294429 0.9259161 -0.5341784 0.3146664 0.5568343 -0.461838 0.4401424 0.5892673 -0.4986516 0.2746486 1.155745 -0.5189881 0.3029013 1.042782 -0.4364976 0.4332328 1.071312 -0.554075 0.02871763 0.8681772 -0.5745157 0.05041372 0.5286396 -0.4156299 0.3772983 1.243715 -0.4285489 0.2955064 1.506093 -0.372826 0.2802026 2.136195 0.4215131 -0.2397337 2.251763 0.5549897 0.3363626 0.2172967 -0.4981203 0.2443919 1.215185 -0.4910351 0.2185634 1.275578 -0.5048749 -0.1521129 0.9724295 -0.5438886 0.002176105 0.9850431 -0.5421284 -0.01921147 1.114601 -0.5041943 0.2006934 1.328618 -0.5098066 0.1833372 1.406788 -0.4982132 -0.1890423 1.164319 -0.5350431 -0.04504001 1.174995 -0.5301417 -0.0539171 1.237326 -0.4969385 0.1675419 1.503648 -0.1150337 0.1489637 3.763386 -0.08851671 -0.01395726 3.709904 -0.1436589 0.05585139 3.73536 -0.09349322 0.1262141 3.820777 -0.07840865 -0.04008811 3.777979 -0.109777 0.03116935 3.798349 -0.005051195 0.01513844 3.850259 -0.004207968 0.005842268 3.847867 -0.005961418 0.009825527 3.849005 1.85344e-4 0.3207927 3.637898 1.85344e-4 0.3138629 2.416794 1.85344e-4 -0.2384094 3.515754 1.85344e-4 -0.4919147 2.416794 1.85344e-4 0.2167142 2.57983 1.85344e-4 -0.4720283 2.716219 1.85344e-4 0.4105083 3.102288 1.85344e-4 -0.5174436 3.171932 1.85344e-4 0.3799023 2.213966 1.85344e-4 -0.4151171 2.213966 1.85344e-4 0.2438027 2.73486 1.85344e-4 -0.4749066 3.035996 1.85344e-4 0.2721967 3.71084 1.85344e-4 -0.1003932 3.602186 1.85344e-4 -0.396419 3.341812 1.85344e-4 0.4215307 3.408226 1.85344e-4 0.1805546 3.773176 1.85344e-4 -0.0591048 3.689996 1.85344e-4 0.1584606 3.828611 1.85344e-4 -0.08617258 3.762047 1.85344e-4 0.01694101 3.850697 1.85344e-4 0.003266155 3.846976 -0.3800895 0.2699449 2.036731 -0.03860598 0.3787682 2.013686 -0.3979617 -0.3437149 2.038138 0.4828592 -0.1230946 2.268539 0.3659332 0.2904605 2.23566 0.3601671 -0.3563728 2.234988 -0.4824885 -0.1230946 2.268539 -0.3655626 0.2904605 2.23566 -0.3597964 -0.3563728 2.234988 0.5967632 0.08449482 0.2129434 0.4158529 -0.3205693 1.914486 0.5288826 -0.09579211 0.527175 0.4945763 -0.2398455 1.480136 -0.4282578 0.3291717 1.356194 0.5002115 -0.2083545 1.30161 0.4680832 -0.2791625 1.687268 -0.4959723 0.1378132 1.698372 -0.4666222 0.1078126 1.796236 -0.4677125 -0.2791625 1.687268 -0.5214731 -0.1627656 1.68975 -0.4843475 -0.1810266 1.793316 0.4960509 0.1375413 1.601512 -0.4956802 0.1375413 1.601512 -0.4998408 -0.2083545 1.30161 -0.535754 -0.07127326 1.315496 -0.542283 -0.08170831 1.390457 -0.4390438 0.09292024 2.141408 -0.4240255 0.08368289 2.252099 -0.4942056 -0.2398455 1.480136 -0.5410248 -0.111709 1.488321 -0.5288606 -0.132765 1.591886 -0.4154822 -0.3205693 1.914486 -0.4727639 -0.2010217 1.918995 -0.4552434 -0.2241674 2.042647 0.4669929 0.1078126 1.796236 0.4582616 0.1026575 1.916265 0.3891915 0.2750999 1.916702 0.4556141 -0.2241674 2.042647 0.4405958 -0.2334048 2.153338 0.4622087 0.4401424 0.5892673 0.4824121 -0.2609015 1.583702 0.07981407 0.3803394 1.593772 0.4160516 0.2797111 1.602953 -0.07428121 -0.3186873 1.576749 -0.4820414 -0.2609015 1.583702 -0.07944339 0.3803394 1.593772 -0.4156808 0.2797111 1.602953 0.07465189 -0.3186873 1.576749 -0.08560276 -0.2958965 1.366994 -0.0858587 0.3863584 1.412524 0.08597344 -0.2958965 1.366994 -0.0937615 -0.1564393 0.2062026 -0.122735 0.4253659 0.2124313 0.09413218 -0.1564393 0.2062026 0.5361247 -0.07127326 1.315496 0.5426536 -0.08170831 1.390457 0.4289196 0.2955064 1.506093 0.5413954 -0.111709 1.488321 0.5748863 0.05041372 0.5286396 0.4990223 0.2746486 1.155745 0.498491 0.2443919 1.215185 0.4160006 0.3772983 1.243715 0.4985839 -0.1890423 1.164319 0.4511511 -0.1676566 3.120128 -0.4507805 -0.1676566 3.120128 1.85344e-4 0.1599371 2.569364 1.85344e-4 0.256697 2.401356 0.2943625 0.1971082 2.414123 0.3557517 -0.1349729 2.637342 0.3670862 -0.1331712 2.481154 0.2650415 -0.3205736 2.429331 0.2468966 -0.324028 2.703387 -6.95952e-4 -0.4301415 2.425241 0.3231208 0.3079103 3.363891 1.85345e-4 0.3665578 3.398211 1.85345e-4 0.356213 3.115837 1.85344e-4 0.1893177 2.749305 0.2582522 0.1008716 2.756248 0.3550813 -0.104192 2.810095 0.2876139 -0.3398591 2.909067 1.85344e-4 -0.415668 2.71958 1.85345e-4 0.2721196 3.61318 0.2314991 0.2425417 3.563132 0.1294081 0.1997712 3.66117 0.359969 0.08444648 3.573906 0.5160255 0.2005103 3.501455 1.85344e-4 -0.2021291 3.476964 1.85344e-4 -0.05408543 3.569274 0.09856218 -0.005479276 3.577444 0.2919812 0.08961915 2.54983 0.4691963 0.06707942 3.110305 0.3475966 0.3116894 3.155875 0.4319221 -0.2438055 3.255693 0.3807055 0.06683778 3.176382 0.06335055 -0.3016232 1.794988 0.05773711 -0.3269018 2.015382 0.3678492 -0.288223 2.038043 0.3306401 0.2378003 2.228133 0.3364387 0.2307927 2.13716 0.3928327 0.07178753 2.136806 0.3851779 0.2275547 1.597469 0.06770986 0.3230398 1.592149 0.07620579 0.3286109 1.407121 0.3989498 0.2430241 1.495983 0.4558691 0.1359747 1.495271 0.08507043 0.3484994 1.304 0.3863378 0.2937791 1.290526 0.4104938 0.2592822 1.401615 0.3993392 0.275353 1.350477 0.4629719 0.1677824 1.328562 0.4544704 -0.1459329 1.232054 0.4597762 -0.1364344 1.166632 0.4640144 -0.1281386 1.106165 0.07777553 -0.1984031 1.092405 0.09166091 0.3763185 1.181989 0.3891068 0.3251034 1.22445 0.4577067 0.213752 1.202296 0.4683746 -0.08046311 0.8467237 0.507184 0.04714673 0.8667781 0.5277454 0.06918591 0.5268488 0.4659106 -0.1022873 0.97856 0.3955919 0.3480986 1.169051 0.105678 0.3785495 0.9440857 0.1230919 0.3687289 0.2130402 0.4450731 0.3687682 0.2190018 0.3338355 -0.3594873 3.127576 1.85344e-4 -0.4198151 3.043157 0.4060043 -0.1493978 3.134541 0.2941501 -0.2545415 3.329566 1.85344e-4 -0.457662 3.163182 1.85345e-4 0.2309509 3.675082 0.08079075 0.1186369 3.727712 0.1721673 0.08566159 3.600563 0.2517859 -0.07758074 3.509873 0.4768363 -0.1366096 1.684668 0.4340649 -0.2251867 1.685859 0.440773 -0.1531767 1.786873 0.5097463 -0.1745796 3.379455 0.4720814 0.2657412 3.373634 0.5780913 0.07972264 3.532341 0.5424042 -0.08838587 3.484087 0.4462036 0.2765511 3.313704 0.4478728 -0.2071023 1.586588 -0.4124991 0.07863944 1.910832 -0.422088 0.08294081 1.785067 -0.3539088 0.2246015 1.91261 1.85344e-4 0.003946483 3.689331 0.09755671 0.07500815 3.711685 0.05504328 0.0305078 3.706046 1.85344e-4 -0.018687 3.752072 0.06378519 0.05091011 3.770533 0.0416857 0.004939019 3.760298 1.85344e-4 0.1332378 3.742008 0.0599848 0.09873908 3.776753 1.85345e-4 0.04291826 3.810961 -0.01719909 0.02622491 3.806744 -0.01012128 0.01443433 3.80134 -0.01342445 0.0376141 3.810743 1.85345e-4 0.1147863 3.784935 0.344001 0.2202773 2.034961 0.02742826 0.3212297 2.012329 0.05018734 0.3210409 1.7925 0.3542795 0.2246015 1.91261 0.4128698 0.07863944 1.910832 -0.3311517 -0.3006595 2.230441 0.001449704 -0.3548219 2.219974 -0.05736643 -0.3269018 2.015382 -0.2916105 0.08961915 2.54983 -0.2939918 0.1971082 2.414123 -0.355381 -0.1349729 2.637342 -0.2465259 -0.324028 2.703387 -0.2688854 -0.3152576 2.431877 -0.3227502 0.3079103 3.363891 -0.3472259 0.3116894 3.155875 -0.2578815 0.1008716 2.756248 -0.3547106 -0.104192 2.810095 -0.2872431 -0.3398591 2.909067 -0.1290374 0.1997712 3.66117 -0.2311285 0.2425417 3.563132 -0.5156549 0.2005103 3.501455 -0.3595983 0.08444648 3.573906 -0.2514153 -0.07758074 3.509873 -0.09819149 -0.005479276 3.577444 0.3337597 -0.2987303 2.233417 -0.3667155 -0.1331712 2.481154 -0.4688256 0.06707942 3.110305 -0.4315514 -0.2438055 3.255693 -0.3803347 0.06683772 3.176382 -0.3674786 -0.288223 2.038043 -0.06297987 -0.3016232 1.794988 -0.3302695 0.2378003 2.228133 -0.3777254 0.06433075 2.242459 -0.392462 0.07178753 2.136806 -0.3848072 0.2275547 1.597469 -0.4540125 0.1048498 1.597779 -0.4554985 0.1359747 1.495271 -0.4101231 0.2592822 1.401615 -0.4676288 0.1520056 1.401205 -0.4626013 0.1677823 1.328562 -0.4540997 -0.1459329 1.232054 -0.07825195 -0.2110486 1.226352 -0.07740485 -0.1984031 1.092405 -0.09129023 0.3763185 1.181989 -0.08469974 0.3484994 1.304 -0.3859671 0.2937791 1.290526 -0.4490827 0.1857855 1.269404 -0.457336 0.213752 1.202296 -0.468004 -0.08046311 0.8467237 -0.46554 -0.1022873 0.97856 -0.4636437 -0.1281386 1.106165 -0.1053074 0.3785495 0.9440857 -0.3952212 0.3480986 1.169051 -0.4300728 0.3969036 0.9518924 -0.4116906 0.3744553 1.057279 -0.4774812 0.27358 1.032199 -0.4447024 0.3687682 0.2190018 -0.4356908 0.382049 0.5907252 -0.4959105 0.2774509 0.5549526 -0.3334648 -0.3594872 3.127576 -0.4056336 -0.1493978 3.134541 -0.2937794 -0.2545415 3.329566 1.85344e-4 -0.3522144 3.311254 -0.08042001 0.1186369 3.727712 -0.1717966 0.08566159 3.600563 0.4494533 0.1857855 1.269404 -0.5093757 -0.1745796 3.379455 -0.5420336 -0.08838593 3.484087 -0.4881093 -0.054771 1.321413 -0.4821142 -0.0369727 1.239356 -0.4458329 0.2765511 3.313704 0.4965096 0.01909244 0.9853115 -0.3985791 0.2430241 1.495983 0.4584931 0.2431573 1.143606 -0.3887361 0.3251034 1.22445 -0.4581224 0.2431573 1.143606 -0.4871197 -0.02823323 1.173679 -0.4940432 -0.002976715 1.114991 0.4778518 0.27358 1.032199 0.4120612 0.3744552 1.057279 0.4304435 0.3969036 0.9518924 0.4962812 0.2774509 0.5549526 0.4360615 0.382049 0.5907252 0.4870882 0.2994236 0.9217177 0.3981029 -0.2028371 2.147969 0.4122468 -0.1949797 2.03946 0.4224587 0.08294081 1.785067 0.3604336 0.232621 1.789854 -0.428872 -0.172755 1.917387 -0.3839176 -0.266205 1.9173 -0.3992066 -0.2434694 1.790085 -0.4118761 -0.1949797 2.03946 -0.4939477 -0.0912916 1.488911 -0.4590927 -0.1865743 1.483767 -0.4673332 -0.1677012 1.382487 -0.4829316 -0.1093147 1.591733 -0.4475021 -0.2071023 1.586588 -0.4613264 -0.1565486 1.310129 -0.4945447 -0.06487411 1.394925 -0.4594056 -0.1364344 1.166632 -0.496139 0.01909244 0.9853115 -0.09718602 0.07500815 3.711685 -0.05467259 0.0305078 3.706046 -0.06341451 0.05091011 3.770533 -0.05961412 0.09873908 3.776753 -0.04131501 0.004939019 3.760298 0.01049196 0.01443433 3.80134 0.01756978 0.02622497 3.806744 -0.04981672 0.3210409 1.7925 -0.02705758 0.3212297 2.012329 -0.3436303 0.2202773 2.034961 -0.4003283 0.05979353 2.037691 0.350282 -0.2941571 2.13352 0.3780962 0.06433075 2.242459 0.4294849 -0.1147645 2.254378 -0.4291142 -0.1147645 2.254378 -0.5273748 0.06918591 0.5268488 -0.5068134 0.04714679 0.8667781 -0.4867176 0.2994236 0.9217177 -0.3977322 -0.2028371 2.147969 -0.3499113 -0.2941571 2.13352 -0.3799993 -0.2077262 2.242865 0.3839711 0.229354 1.696884 0.4529412 0.1084741 1.689173 -0.06771022 -0.2605115 1.582797 -0.06733918 0.3230398 1.592149 -0.3600629 0.232621 1.789854 -0.4525706 0.1084741 1.689173 1.85344e-4 0.3192321 2.210355 0.3995773 -0.2434694 1.790085 0.0680809 -0.2605115 1.582797 0.07927685 -0.2377213 1.372908 0.4677038 -0.1677012 1.382487 0.4616971 -0.1565486 1.310129 -0.07890617 -0.2377213 1.372908 -0.0758351 0.3286109 1.407121 -0.3989685 0.275353 1.350477 0.4594634 -0.1865743 1.483767 0.4914016 -0.04597473 0.5287684 0.5132786 -0.01189363 0.2130722 0.08510929 -0.1009168 0.2102485 -0.07656323 -0.1604631 0.8287268 -0.08473861 -0.1009168 0.2102485 -0.3836004 0.229354 1.696884 0.4833023 -0.1093147 1.591733 0.3842883 -0.266205 1.9173 0.4543832 0.1048498 1.597779 0.4679994 0.1520056 1.401205 0.07862263 -0.2110486 1.226352 0.07693392 -0.1604631 0.8287268 -0.4764658 -0.1366096 1.684668 0.4292427 -0.172755 1.917387 0.4943183 -0.0912916 1.488911 0.4949153 -0.06487411 1.394925 1.85344e-4 0.007937729 3.800938 0.400699 0.05979353 2.037691 -0.5777207 0.07972264 3.532341 -0.336068 0.2307927 2.13716 -0.5213094 0.2943761 0.2132008 -0.4717108 0.2657412 3.373634 -0.491031 -0.04597473 0.5287684 -0.4336942 -0.2251867 1.685859 -0.549327 0.1035207 0.2112824 -0.5129079 -0.01189363 0.2130722 -0.4404023 -0.1531767 1.786873 0.4884799 -0.054771 1.321413 0.4824848 -0.03697276 1.239356 0.4874903 -0.02823323 1.173679 0.4944139 -0.002976715 1.114991 0.5496976 0.1035207 0.2112824 0.5216801 0.2943761 0.2132008 0.38037 -0.2077262 2.242865 0.01379513 0.0376141 3.810743 -0.1227213 0.3687289 0.2130402</float_array>
          <technique_common>
            <accessor source="#Cube_023-mesh-positions-array" count="536" stride="3">
              <param name="X" type="float"/>
              <param name="Y" type="float"/>
              <param name="Z" type="float"/>
            </accessor>
          </technique_common>
        </source>
        <source id="Cube_023-mesh-normals">
          <float_array id="Cube_023-mesh-normals-array" count="1608">0 0.9714979 0.2370482 0.5914939 0.6983499 0.4030416 0 0.9185053 0.3954089 0.9937084 -0.09346115 0.06171345 0.6376335 -0.7642993 0.09628278 0.977198 -0.1317951 0.166476 0.6677975 -0.7425206 -0.0520544 -0.03476297 -0.9919521 -0.1217478 0.2095469 0.9569213 0.2009769 0 0.9660649 -0.2582996 0 0.979862 0.1996762 0.643002 0.7213753 -0.257228 1.37313e-7 0.9538539 -0.3002714 0.9787036 -0.05905258 -0.1966015 0.6582487 -0.7312914 -0.1786665 0 -0.9999985 -0.001785397 0 0.8706827 0.4918454 0.499435 0.4317044 0.75113 0.3177678 0.6286354 0.7098178 0.1653912 -0.07819104 0.9831237 0.7482243 0.5376091 0.3887632 2.46959e-7 -0.6486656 0.7610736 0.3312432 -0.6289678 0.7033331 -4.43773e-7 -0.7038457 0.7103528 0.7474211 0.6051819 0.274074 0.9753486 0.1891461 0.1136617 0.5598803 0.7832334 -0.2703326 0.02016979 -0.99815 -0.05735677 0.9964994 0.03116565 0.07757425 -0.5942984 -0.7921173 -0.1391389 0.5815854 -0.8134608 -0.006326854 -0.5669056 -0.7959092 -0.2124776 0.6615606 0.7350978 0.1482195 0.9367874 -0.3385755 0.08829569 0.3735752 0.9251062 0.06797188 0.6093957 0.7872928 0.09384661 -0.5727543 0.7978021 0.1883196 -0.4036298 0.9148665 -0.01011711 0.9829845 -0.1788406 0.04192364 0.7955365 0.589307 0.1408513 0.5492928 0.7957967 0.2549216 -0.5908135 0.7601416 0.270415 0.6294191 0.7616391 0.1540701 0.9647623 -0.1628879 -0.2066431 0.7878915 0.6153188 0.02469968 0.6657441 -0.7382071 -0.1087893 0.6887061 -0.7191861 -0.09195286 0.6114462 -0.7899895 0.04528063 -0.607355 0.7694863 0.1975117 0.9850596 -0.1707667 -0.02228152 0.9609957 0.2456952 0.1269693 0.6806432 -0.7294404 -0.06812953 0.8473356 0.3846621 0.3661385 0.880351 0.4550639 0.1337881 -0.5528258 -0.8224251 -0.1341665 0.4653981 0.8304497 0.3061994 -0.7300856 0.6743528 -0.1105602 -0.2020254 0.7414544 -0.639868 -0.5880746 0.5846106 0.5589265 0.6044842 -0.7965625 0.009341359 0 -0.9861357 -0.1659411 0.8985645 -0.316403 -0.3040904 0.1967338 -0.7820656 0.5913285 0 -0.9872006 0.1594832 3.23174e-7 0.7213492 0.6925715 0.6247864 0.3922041 0.675143 0.4967308 -0.2784018 0.8220409 0.1311382 -0.5514279 0.8238508 0.9208145 0.2557829 0.294408 0.9205418 0.2973026 0.2534049 0.5614873 -0.827482 -0.0023669 0.9265074 -0.360914 0.1064203 0.8069419 0.5905785 0.007864534 0.726069 -0.4754774 0.4967344 0.818368 0.07064878 0.5703355 0.999333 0.01319015 0.03405654 0.6250936 -0.7773705 -0.07037776 -0.9496074 -0.31104 0.03873115 -0.9763685 0.1885967 0.1055266 -0.9124651 -0.393536 0.1119679 -5.64652e-7 -0.9955028 0.0947324 0.8417879 -0.2969303 0.4508054 0.6466484 -0.7456325 0.160867 -2.66438e-7 -0.9875138 0.1575325 0.7665908 -0.2897493 0.5730478 0.6462183 -0.6974846 0.3097049 2.97841e-7 0.7553753 0.6552926 0.5684964 0.3789359 0.7302188 -1.22171e-5 -0.2806938 0.9597974 -0.0712316 -0.3118699 0.9474509 -0.1651704 -0.2418493 0.9561526 -0.09977757 -0.1967537 0.9753628 1.13079e-6 0.6675188 0.744593 0.6983528 0.714992 0.03301429 -0.5097034 0.8590109 0.04798662 -0.4510837 0.8890867 -0.07777261 0.9495887 -0.3110973 0.03872889 0.7335246 0.6755849 0.07434231 -0.5743964 -0.8139869 0.08656871 0.5746098 -0.8040035 -0.1529774 -0.02230769 -0.9318942 -0.3620439 -0.591494 0.6983498 0.4030416 -0.7474212 0.6051818 0.274074 -0.9937085 -0.09346115 0.06171351 -0.6066527 -0.7938186 0.04271453 -0.6677975 -0.7425206 -0.0520544 -0.2095469 0.9569213 0.2009767 -0.5598804 0.7832332 -0.2703325 -0.643002 0.7213752 -0.257228 -0.9787036 -0.05905258 -0.1966017 -0.6582487 -0.7312914 -0.1786664 -0.4994342 0.4317044 0.7511303 -0.3177675 0.6286354 0.709818 -0.7482241 0.5376093 0.3887633 -0.1653907 -0.07819104 0.9831237 -0.3312433 -0.6289678 0.7033331 -0.1311381 -0.551428 0.8238508 0.6015139 -0.7962958 0.06398445 -0.977198 -0.131795 0.166476 -0.9753486 0.189146 0.1136615 -0.9976984 -0.01587891 0.06592291 -0.8960288 -0.04538041 -0.4416708 -0.5815854 -0.8134608 -0.006326735 0.5979273 -0.7897477 -0.137046 -0.661572 0.7350834 0.14824 -0.9241039 -0.3650482 0.1130134 -0.9955596 -0.008073627 -0.09378582 -0.6093955 0.7872929 0.09384667 -0.9814287 -0.1889299 0.03321576 -0.9678775 -0.2499998 -0.02670741 -0.629419 0.7616391 0.1540701 -0.9642881 -0.1817917 -0.1926144 -0.9778111 -0.2093684 -0.007104337 -0.6658244 -0.7381423 -0.1087377 0.5775021 -0.8136646 -0.06664401 0.5557507 -0.8234931 -0.1140183 0.525825 0.8366837 0.1531949 -0.5492927 0.7957968 0.2549216 0.5761803 0.8173226 -3.92333e-4 -0.9829638 -0.1830997 -0.01602059 -0.9737634 -0.1800411 -0.1391762 -0.6806433 -0.7294402 -0.06812959 -0.6887428 -0.7191586 -0.09189319 -0.9924382 -0.1224168 -0.008988022 0.7683326 0.6384006 -0.04593271 -0.4653981 0.8304497 0.3061993 -0.4775152 0.8712804 0.1133567 -0.9766979 -0.1941651 0.09143984 0.2798836 0.9476322 0.1538126 -0.6016646 0.782948 -0.1580896 -0.9633462 -0.1195183 0.2401655 -0.4745462 0.8692551 -0.1385695 -0.6044843 -0.7965624 0.009341418 -0.8985645 -0.3164032 -0.3040904 -0.1967335 -0.7820657 0.5913285 1.66765e-7 -0.7842646 0.6204265 -0.624786 0.3922041 0.6751432 -0.4967302 -0.2784019 0.8220411 0.9724183 -0.1881191 -0.1378917 -0.9265072 -0.3609141 0.1064201 -0.7260687 -0.4754785 0.4967337 -0.8897505 0.4563379 0.009992122 -0.8684636 0.4870101 0.09269446 -0.8512757 0.4185972 -0.3163955 0.878452 0.4640607 0.1138855 -0.6919285 0.7127724 0.1148504 0.989329 -0.1400447 0.04019558 -0.9609956 0.2456954 0.1269693 -0.9893291 -0.1400445 0.04019594 -0.8905486 0.409811 0.1974286 -0.8546565 0.4816648 0.1938073 0.977801 -0.1960608 0.07392787 0.4775153 0.8712803 0.1133567 -0.2798833 0.9476324 0.1538125 0.9329526 -0.2904874 -0.212642 0.7242771 0.6798534 -0.1149873 0.9859883 -0.1663113 0.01294821 0.9644223 0.2077177 0.1635333 0.958185 0.2361744 0.1615645 0.9134365 -0.3914694 0.1112897 0.6364307 0.7635236 0.1094892 -0.9536358 0.2612006 0.1495097 -0.5889397 -0.807675 -0.02848631 -0.02048224 -0.990666 -0.134765 -0.9585259 0.2365209 0.1590158 -0.929785 0.3409503 0.1387544 -0.6927884 -0.7100315 -0.1260937 -0.9763682 0.2148081 0.02372121 -0.9131668 0.3695467 0.1719354 -0.6250934 -0.7773708 -0.07037794 -0.6108254 -0.7861379 -0.09423154 -0.8785387 0.4731814 0.06534028 -0.6705701 -0.1735808 0.7212527 -0.8784521 0.4640606 0.1138856 -0.8417877 -0.2969301 0.450806 -0.6466487 -0.7456321 0.160867 -0.7665907 -0.2897492 0.5730481 -0.5684961 0.3789359 0.730219 -0.6462187 -0.6974842 0.3097049 0.0712465 -0.31187 0.9474499 0.1651657 -0.2418513 0.9561529 0.4501699 0.8926109 0.02435326 -0.6984065 0.714939 0.03302508 0.4972373 0.8562553 -0.1399364 -0.9035663 -0.4226381 0.07032173 0.612539 0.6858363 -0.3929689 0.9955596 -0.008073687 -0.09378588 0.9308914 -0.08961927 -0.3541322 -0.9308914 -0.08961904 -0.3541322 -0.889693 0.2960326 0.3475791 -0.8803508 0.4550642 0.1337881 -0.9866888 -0.1620598 0.01348501 -0.9644222 0.2077178 0.1635333 -0.612539 0.6858362 -0.3929691 -0.9797404 -0.193906 -0.05009341 0.9855225 -0.1419891 0.09265387 0.5257694 0.8492566 0.04826951 0.6210522 -0.7751613 -0.1158417 0.4287847 0.9012579 0.06227284 -0.6364307 0.7635235 0.109489 -0.9715211 -0.1982166 0.129835 0.01519888 0.9969707 0.07627964 0.5889396 -0.8076749 -0.02848631 0.6926949 -0.7101234 -0.126089 -0.536934 -0.8251792 -0.1754459 0.5885215 -0.8051643 -0.07316386 0.5045498 0.8491999 0.1558502 0.745388 -0.6655256 -0.0383718 0.6344834 -0.7725191 0.02540045 0.6598117 -0.7475896 0.07588326 0.4039457 -0.6384679 0.6551235 0.5971727 -0.7954251 -0.1033626 -0.5257693 0.8492566 0.04826945 0.9120174 0.3692207 0.1786073 -0.9599101 0.2672026 -0.08470797 0.9668473 -0.2534145 -0.03142607 0.976947 -0.2131492 -0.0119189 -0.6019574 -0.7807871 -0.1673885 -0.5971726 -0.7954252 -0.1033626 -0.9341599 0.2708106 0.2323939 0.9536358 0.2612008 0.1495096 0.929785 0.3409505 0.1387544 0.8785386 0.4731815 0.06534028 3.11446e-5 -0.4511509 0.8924477 0.9033117 -0.4231849 0.07030236 -0.8183675 0.0706501 0.5703362 0.1346923 0.8953434 0.4245212 -0.9976752 0.06055665 -0.03125888 -0.8069422 0.5905782 0.007864296 -0.6126863 -0.7349328 0.2906703 -0.5614873 -0.8274819 -0.0023669 -0.7008755 -0.2656819 -0.6619567 -0.6389997 -0.7536939 -0.1537036 -0.9204577 0.2979941 0.2528977 0.0204823 -0.9906659 -0.1347651 0.610873 -0.7861005 -0.09423542 0.8899561 0.4558739 0.01253861 0.8685506 0.486853 0.09270393 0.889842 0.4077687 0.2047095 0.8547456 0.4815008 0.1938219 0.9924358 -0.1224359 -0.008988022 0.7469614 -0.07167053 -0.6609932 0.9850068 0.1540595 -0.07763552 0.4773345 0.609164 -0.6333017 0.9767127 -0.2114837 -0.03615194 0.09976589 -0.1967487 0.975365 -0.6092205 -0.7831983 -0.124302 -0.5903227 0.5708706 -0.5706363 0 -0.9724041 -0.2333032 0 -0.9208492 -0.389919 -0.5979562 -0.7015413 -0.3876703 -0.9928341 0.1019482 -0.06234633 -0.9773933 0.1334404 -0.1640002 -0.6361061 0.7673184 -0.08118873 -0.6598888 0.7497447 0.04929161 0.03739231 0.9911714 0.1272046 -0.2112482 -0.9566714 -0.2003846 0 -0.9806935 -0.1955514 0 -0.9661616 0.2579378 0 -0.9551337 0.2961753 -0.646332 -0.7194645 0.2542164 -0.9775955 0.05289036 0.2037395 -0.6625263 0.7295807 0.16962 -3.05817e-4 0.999949 0.01009714 -3.11576e-7 -0.8694398 -0.4940388 -0.3090801 -0.6439006 -0.6999012 -0.5184316 -0.4374033 -0.7347837 -0.1649433 0.07249891 -0.9836349 0.554813 -0.303327 -0.7747098 0 0.6491314 -0.7606763 0 0.6966564 -0.717405 -0.3437677 0.6271244 -0.6989555 -0.7455838 -0.61176 -0.2643001 -0.9702762 -0.203633 -0.1307579 -0.5439761 -0.7958945 0.2657861 -0.930559 0.1697856 0.3243962 0.6140413 -0.1595493 -0.7729796 -0.8023532 0.5909713 0.08356046 -0.7391048 0.672546 -0.03749591 -0.5819344 0.8132134 0.006036937 -0.6651424 -0.7308768 -0.1529863 -0.3462157 0.932529 -0.1025887 -0.4257231 -0.9048532 6.62967e-4 -0.6115981 -0.7860041 -0.09025323 -0.8419569 -0.512897 -0.1674671 -0.7617686 -0.6437821 -0.07247912 -0.8417579 -0.504899 -0.191104 -0.2293845 -0.9403526 -0.2512366 -0.7133609 -0.671562 -0.2003017 -0.5492501 -0.7984004 -0.2467413 -0.6243984 -0.7658467 -0.1536417 0.3008355 -0.8920308 -0.3373116 -0.1812248 -0.9593582 -0.2163089 -0.6648146 0.7387528 0.1107519 -0.6883085 0.7198682 0.08956134 -0.7978099 0.595043 0.09707421 -0.7504315 -0.6547571 -0.09025472 -0.6893967 0.67627 0.2595981 -0.1473655 -0.8983389 -0.4138487 -0.678187 0.7321793 0.06305533 -0.4213368 0.9010785 0.1026296 -0.4998708 0.8123749 0.3002936 -0.4957969 -0.8157466 -0.2978978 -0.7244786 -0.6702761 -0.1608135 0.5754752 -0.5898889 -0.5664446 -0.5511566 -0.6628519 -0.5068075 -0.6143069 0.7888455 -0.01870244 0 0.9863387 0.1647302 -0.8997526 0.3043982 0.312709 -0.198547 0.7818619 -0.5909916 0 0.9879922 -0.1545044 -3.90045e-7 -0.7160488 -0.6980502 -0.6093617 -0.3874205 -0.6917974 -0.4991089 0.2728955 -0.8224466 -0.1319895 0.5506763 -0.8242174 -0.3204343 0.9325136 0.1665545 -0.5426849 0.8398863 0.009177088 -0.3582499 0.9318531 0.05750566 0.3710175 0.7366444 -0.5654212 0.5112593 -0.7157976 -0.4756551 0.6969949 0.1255726 -0.7059956 0.6580981 0.2694934 -0.7030507 0.3785892 -0.8141926 0.4401826 -0.6255984 0.7767363 0.07285225 0.3470127 -0.9289246 -0.129157 0.3409932 -0.920083 -0.1927981 0.8156967 -0.5722164 -0.08489614 3.28396e-7 0.9942591 -0.1070005 -0.8231894 0.304504 -0.4792041 -0.6226974 0.7684174 -0.1475898 0 0.9872364 -0.1592618 -0.7553393 0.2891862 -0.5880764 -0.6282503 0.7106038 -0.316771 3.79851e-7 -0.7635806 -0.6457125 -0.5695744 -0.3885124 -0.7243226 -3.87074e-6 -0.9999058 -0.01373475 0.9650846 0.00171262 0.2619329 0.6712683 0.5104473 0.5374407 0.7090918 -0.7050699 -0.008083641 2.62134e-7 -0.6357593 -0.7718874 -0.6969397 -0.7160905 -0.03859454 -0.8423724 -0.5167735 -0.1528201 -0.8227242 -0.5677397 -0.02822351 -0.8156977 -0.5722152 -0.08489602 -0.3599581 -0.9274156 -0.10164 0.5758583 0.8133472 -0.08278608 0.02836239 0.9986744 0.04295635 0.7437531 0.6681883 -0.01886278 0.7455838 -0.61176 -0.2643001 0.5979561 -0.7015414 -0.3876703 0.9928838 0.1009182 -0.0632255 0.6594979 0.7500588 0.04974496 0.6153411 0.7877269 -0.02901124 0.2112482 -0.9566714 -0.2003846 0.5439761 -0.7958943 0.2657864 0.6463319 -0.7194645 0.2542163 0.9775955 0.0528903 0.2037395 0.6625263 0.7295807 0.1696201 0.5184311 -0.4374037 -0.7347838 0.3090804 -0.6439006 -0.699901 -0.5548132 -0.3033269 -0.7747099 0.1649437 0.07249897 -0.9836349 0.1319894 0.5506763 -0.8242175 0.3437672 0.6271246 -0.6989556 -0.6135764 0.7871779 -0.06224972 0.9777647 0.1303422 -0.1642776 0.9702765 -0.2036324 -0.130757 0.9315395 0.1729937 0.3198553 -0.8281148 -0.544173 0.1345434 0.5832171 0.812276 0.008105337 0.7999666 0.5943532 0.08244836 0.6651428 -0.7308763 -0.1529863 0.6534163 -0.5401048 -0.5304092 0.4257665 -0.9048328 6.97775e-4 0.611598 -0.786004 -0.09025323 0.1762748 -0.9758005 -0.1293863 0.2294314 -0.9403323 -0.2512696 0.6243979 -0.765847 -0.1536417 0.160999 -0.9669818 -0.1975491 0.1812241 -0.9593582 -0.2163091 0.6648148 0.7387526 0.1107521 0.7955475 0.6053432 0.02576678 0.7978097 0.5950431 0.09707427 0.8026428 -0.5958943 -0.02597308 0.7133607 -0.6715622 -0.2003016 0.5492501 -0.7984004 -0.2467414 0.261326 -0.9116167 -0.3172758 0.1473108 -0.8983339 -0.4138791 0.6781871 0.7321792 0.06305539 0.6883087 0.719868 0.08956128 0.6606641 -0.7364047 -0.1457092 0.4957967 -0.8157466 -0.2978978 0.4753386 -0.8718431 -0.1180798 0.6469448 0.761545 0.03888344 0.1790838 -0.9421002 -0.2835071 0.3908949 -0.790749 -0.4710812 0.4061666 -0.9137894 -0.004205048 -0.06617873 -0.9920793 -0.1067668 0.6143071 0.7888455 -0.0187022 0.8997526 0.3043984 0.3127092 0.1985469 0.7818619 -0.5909916 0 0.7848507 -0.6196849 0.6093609 -0.3874205 -0.6917982 0.4991089 0.2728957 -0.8224465 -0.2628448 -0.9168615 -0.3004626 -0.3710178 0.7366442 -0.5654214 -0.6580976 0.2694926 -0.7030515 0.4736251 0.8598465 0.1906398 0.4879317 0.8603674 0.1472778 -0.04696875 -0.8574659 0.5123926 -0.5043032 0.8502618 0.1507752 0.8417451 -0.5049222 -0.1910991 -0.2056255 -0.9058573 -0.3703252 0.6893982 0.6762723 0.2595881 0.2056258 -0.9058572 -0.3703253 0.524135 0.8325984 0.1790599 0.4498844 0.8636075 0.2275658 -0.1898101 -0.9451792 -0.2657227 -0.6469494 0.7615406 0.0388903 -0.4753392 -0.8718428 -0.1180799 -0.1977902 -0.9245879 0.3256018 -0.4562358 -0.8608106 -0.2255086 -0.2183577 -0.9704204 -0.1029765 -0.2242798 0.9745168 -0.003945529 -0.2858629 0.9542964 0.08718353 -0.3389984 -0.921062 -0.1916373 -0.6261233 -0.7719587 -0.109771 0.2879013 0.9489264 0.1290413 0.6261004 0.7774984 0.05911475 0.5849257 0.8103339 0.03494262 0.2851898 0.9546217 0.08581477 0.4372234 0.8800154 0.1854956 0.727222 0.6837567 0.06020706 0.6883005 0.7128354 0.1345664 0.3759542 0.9103546 0.1729543 0.6255984 0.7767362 0.07285237 0.9265116 0.3521856 0.1324453 0.4321633 0.8790151 0.201414 0.8271607 0.5617141 0.01681172 0.4856211 0.8566043 0.1743593 0.9973971 0.07196295 -0.004532873 0.8231889 0.3045043 -0.4792048 0.6226973 0.7684175 -0.1475899 0.7553367 0.289187 -0.5880794 0.5695726 -0.3885126 -0.7243239 0.6282502 0.710604 -0.3167709 -0.6712635 0.5104503 0.5374438 -0.9650841 0.001713037 0.2619346 0.8607063 -0.5091017 -3.83869e-4 0.817407 -0.5686645 -0.09201329 0.69694 -0.7160902 -0.03859454 0.3562437 -0.9333358 -0.04443901 -0.6520335 -0.5591318 -0.5120782 -0.3877267 0.1009681 -0.9162278 0.3880422 0.1010947 -0.9160804 0.4360309 0.8417705 0.3182761 0.4213368 0.9010785 0.1026298 0.2154316 -0.9710487 -0.1032173 0.2487811 0.9684584 0.01401954 0.6956812 0.7132512 -0.08544337 -0.9217769 0.1972103 -0.3338195 -0.5589033 -0.8273316 -0.05612283 -0.2170122 -0.9699792 -0.1097546 0.7770091 0.6252688 0.07277184 0.8550539 -0.5164865 0.04609322 0.6261233 -0.7719585 -0.1097711 0.2169659 -0.9699856 -0.1097898 0.001764357 -0.9562746 -0.2924652 -0.5849257 0.8103339 0.03494268 -0.7770091 0.6252689 0.0727719 -0.6883 0.7128359 0.1345664 -0.7628399 0.6419091 0.07764101 0.7707849 0.6267659 0.1142595 0.8245775 -0.5654731 -0.01767057 -0.7142534 0.6994625 -0.02438151 -0.1383304 0.7878403 0.6001437 0.8194335 0.5659383 0.0907883 0.1383302 0.7878404 0.6001436 0.5589036 -0.8273313 -0.05612289 -0.3781986 0.9088506 0.1759445 -0.3009691 -0.891925 -0.3374722 -0.1814293 -0.9754481 -0.1248383 -0.1652732 -0.9669892 -0.1939507 -0.7576286 0.6462459 0.0914613 -0.8205919 0.5703276 0.03681701 0.3072447 0.9421496 0.1339958 -0.2730013 0.955375 0.1128223 -0.4013867 0.9045864 0.1435699 -0.4321633 0.879015 0.2014139 2.01855e-6 0.8742684 0.4854431 -0.356276 -0.9333538 -0.04379606 -0.6969955 0.1255749 -0.7059945 0.3462004 0.9325311 -0.102622 0.3840112 -0.5145066 -0.7666932 -0.5112589 -0.7157982 -0.4756547 0.4719544 0.881339 0.02237403 0.5426831 0.8398876 0.009177923 0.641131 0.7674087 0.005924701 0.1857786 0.7250255 -0.6631925 0.3589649 0.9315935 0.05725336 -0.6260979 0.7775006 0.0591126 -0.7272184 0.6837603 0.06021142 -0.9265114 0.3521854 0.1324465 -0.4737371 0.8595515 0.1916885 -0.4895285 0.8601332 0.1432925 -0.8271492 0.561731 0.01681005 -0.5244558 0.8318351 0.1816499 -0.4506941 0.8640298 0.2243378 -0.9973974 0.07195717 -0.004532873 -0.615286 0.3302629 -0.715786 -0.6425085 0.548294 -0.5353098 0.04103749 -0.9986681 -0.03127276 -0.6251401 0.7793224 0.04308843 -0.6039191 -0.7811486 -0.1583939 -0.709091 -0.7050706 -0.00808531 0.598298 -0.5756615 0.557363</float_array>
          <technique_common>
            <accessor source="#Cube_023-mesh-normals-array" count="536" stride="3">
              <param name="X" type="float"/>
              <param name="Y" type="float"/>
              <param name="Z" type="float"/>
            </accessor>
          </technique_common>
        </source>
        <source id="Cube_023-mesh-map-0">
          <float_array id="Cube_023-mesh-map-0-array" count="6480">0.2381215 0.2417386 0.1475009 0.1970244 0.2381213 0.1933529 0.4943632 0.2587367 0.3707504 0.1940479 0.4943632 0.2026757 0.3660072 0.2548557 0.2573045 0.1923822 0.3707504 0.1940479 0.1333443 0.464092 0.2381215 0.390984 0.2381213 0.4740439 0.2381215 0.390984 0.151419 0.295233 0.2381215 0.2902615 0.4943632 0.3132516 0.3660072 0.2548557 0.4943632 0.2587367 0.3770557 0.3189869 0.2573045 0.2568171 0.3660072 0.2548557 0.2381213 0.5395933 0.1891345 0.5518766 0.1585614 0.5379772 0.1108925 0.590221 0.06070476 0.5269331 0.1585614 0.5379772 0.2573045 0.5152529 0.3011094 0.5661428 0.2573045 0.5539744 0.142163 0.2453485 0.06535625 0.2017569 0.1475009 0.1970244 0.151419 0.295233 0.06535625 0.2584617 0.1421629 0.2453485 0.06535625 0.3961262 0.151419 0.295233 0.1098614 0.4053329 0.4943632 0.3948383 0.4943632 0.4104556 0.4151918 0.4328092 0.8546285 0.2144997 0.9155381 0.2759807 0.8486236 0.2715502 0.6809966 0.3185916 0.6305743 0.2972851 0.6762281 0.2964736 0.6654317 0.1426137 0.7198225 0.0864318 0.7197836 0.1426137 0.6654317 0.1426137 0.6294156 0.1145227 0.6621357 0.1145227 0.7358223 0.6008706 0.6912518 0.5656247 0.7338684 0.563543 0.6864961 0.6008706 0.6600306 0.5788131 0.6888738 0.5832476 0.7153381 0.5583288 0.7131984 0.523435 0.7142684 0.5408818 0.6912518 0.5656247 0.7328827 0.5244845 0.7338684 0.563543 0.6912518 0.5656247 0.6624085 0.5435369 0.6927423 0.5465532 0.7110621 0.4546129 0.7404466 0.3845192 0.7404454 0.4574624 0.7110621 0.4546129 0.7131984 0.523435 0.6465027 0.5174471 0.694233 0.5274817 0.7290158 0.4610363 0.7328827 0.5244845 0.7290158 0.4610363 0.6872919 0.3144263 0.7263259 0.3144316 0.151419 0.295233 0.2381215 0.2417386 0.2381215 0.2902615 0.363341 0.3887785 0.2573045 0.3474032 0.3770557 0.3189869 0.4288522 0.3918083 0.3770557 0.3189869 0.4943632 0.3132516 0.3502349 0.4559512 0.2573045 0.3999384 0.363341 0.3887785 0.2381213 0.5518766 0.2223948 0.5773641 0.1891345 0.5518766 0.1585614 0.5379772 0.1613715 0.590221 0.1108925 0.590221 0.3461065 0.5367093 0.3420122 0.5897623 0.3011094 0.5661428 0.9577806 0.1817181 0.9577806 0.2168098 0.9266048 0.1813987 0.1098614 0.4053329 0.06535625 0.4119229 0.06535625 0.3961262 0.363341 0.3887785 0.4151918 0.4328092 0.4142409 0.4700475 0.1333443 0.464092 0.06070476 0.5269331 0.08246386 0.4678233 0.3778842 0.588124 0.4394506 0.5327109 0.4515952 0.588124 0.1585614 0.5379772 0.2381213 0.4740439 0.2381213 0.5395933 0.2573045 0.5152529 0.3502349 0.4559512 0.3461065 0.5367093 0.3502349 0.4559512 0.4142409 0.4700475 0.4394506 0.5327109 0.1333443 0.464092 0.07408475 0.4424699 0.1098614 0.4053329 0.9577806 0.1817181 0.9266048 0.1813987 0.9266048 0.1463071 0.622425 0.2443023 0.6641026 0.2439504 0.6194111 0.2138972 0.3011094 0.5661428 0.2573045 0.5693415 0.2573045 0.5539744 0.1891345 0.5518766 0.2100018 0.588552 0.1613715 0.590221 0.3420122 0.5897623 0.2821676 0.5791148 0.3011094 0.5661428 0.2821676 0.5791148 0.2573045 0.5795902 0.2573045 0.5693415 0.2223948 0.5773641 0.2214574 0.5909894 0.2100018 0.588552 0.2821676 0.5791148 0.2810032 0.5894457 0.2774167 0.5838626 0.2381213 0.576455 0.2304554 0.5841029 0.2223948 0.5773641 0.2774167 0.5838626 0.2573045 0.5897814 0.2573045 0.5795902 0.2214574 0.5909894 0.2384713 0.5899912 0.2384713 0.5899912 0.2774167 0.5838626 0.2573045 0.5897814 0.2573045 0.5897814 0.2381213 0.5840859 0.2384713 0.5899912 0.2304554 0.5841029 0.6714596 0.2743557 0.7330283 0.2118124 0.7522514 0.2701769 0.6714596 0.2743557 0.626768 0.2443023 0.6684455 0.2439504 0.6716006 0.3187886 0.7317975 0.2715502 0.7902105 0.3154169 0.2335389 0.2216062 0.1429183 0.1970244 0.1375805 0.2453485 0.0202459 0.2587367 0.1438588 0.1940479 0.1486018 0.2548557 0.1486018 0.2548557 0.2573045 0.1923822 0.2573045 0.2568171 0.1287617 0.464092 0.2335389 0.390984 0.105279 0.4053329 0.2335389 0.390984 0.1468365 0.295233 0.105279 0.4053329 0.0202459 0.3132516 0.1486018 0.2548557 0.1375533 0.3189869 0.1375533 0.3189869 0.2573045 0.2568171 0.2573045 0.3474032 0.184552 0.5518766 0.2335388 0.5395933 0.153979 0.5379772 0.0561223 0.5269331 0.1063099 0.590221 0.153979 0.5379772 0.2573045 0.5152529 0.2134996 0.5661428 0.1685025 0.5367093 0.2573045 0.1923822 0.2573045 0.1594325 0.3824561 0.1621574 0.1375814 0.2453485 0.06077373 0.2017569 0.06077373 0.2584615 0.1468365 0.295233 0.06077373 0.2584615 0.06077373 0.3136026 0.1468365 0.295233 0.06077373 0.3961262 0.105279 0.4053329 0.09941732 0.4328092 0.0202459 0.4104556 0.0202459 0.3948383 0.1438588 0.1940479 0.2573045 0.1594325 0.2573045 0.1923822 0.664883 0.2759807 0.7257925 0.2144997 0.7317975 0.2715502 0.6766536 0.3185916 0.6262313 0.2972851 0.6298449 0.3206032 0.6610888 0.1426136 0.6250727 0.1145227 0.6194111 0.1426136 0.6864961 0.6008706 0.6600305 0.5788131 0.6600305 0.6008705 0.7153379 0.5583291 0.6465027 0.5174479 0.6541956 0.5541456 0.7328824 0.5244842 0.6912516 0.5656246 0.7338683 0.5635426 0.6912516 0.5656246 0.6624082 0.5435369 0.6624082 0.5611901 0.7110612 0.4546136 0.7131981 0.5234355 0.7121295 0.4890246 0.7290145 0.4610357 0.6942325 0.5274815 0.7328824 0.5244842 0.6887147 0.4694275 0.6611399 0.4954383 0.6914735 0.4984543 0.6872887 0.3144264 0.6604272 0.3873693 0.6880018 0.391927 0.2335389 0.2216062 0.1468365 0.295233 0.2335389 0.2770902 0.151268 0.3887785 0.2573045 0.3474032 0.2573045 0.3999384 0.1375533 0.3189869 0.08575701 0.3918083 0.0202459 0.3132516 0.1643742 0.4559512 0.2573045 0.3999384 0.2573045 0.4504916 0.2178122 0.5773641 0.2335388 0.5518766 0.184552 0.5518766 0.1567891 0.590221 0.153979 0.5379772 0.1063099 0.590221 0.1685025 0.5367093 0.1725968 0.5897623 0.136725 0.588124 0.6888738 0.5832476 0.6624084 0.5611901 0.6912518 0.5656247 0.06077373 0.4119229 0.105279 0.4053329 0.06077373 0.3961262 0.1003683 0.4700475 0.09941732 0.4328092 0.151268 0.3887785 0.1287617 0.464092 0.0561223 0.5269331 0.153979 0.5379772 0.136725 0.588124 0.07515841 0.5327109 0.1685025 0.5367093 0.153979 0.5379772 0.2335388 0.4740439 0.1287617 0.464092 0.1643742 0.4559512 0.2573045 0.5152529 0.1685025 0.5367093 0.7425824 0.5795997 0.7425824 0.5575423 0.7153379 0.5583291 0.07515841 0.5327109 0.1003683 0.4700475 0.1643742 0.4559512 0.06950205 0.4424699 0.1287617 0.464092 0.105279 0.4053329 0.740445 0.4880309 0.7110621 0.4546129 0.7404454 0.4574624 0.6577928 0.1145227 0.6544968 0.0864318 0.6217768 0.0864318 0.6250727 0.1145227 0.6577928 0.1145227 0.6217768 0.0864318 0.6927423 0.5465532 0.6624085 0.5435369 0.6638988 0.5244655 0.6927423 0.5465532 0.6638988 0.5244655 0.694233 0.5274817 0.6927418 0.5465531 0.6942325 0.5274815 0.6638987 0.5244655 0.7415125 0.5400955 0.7415125 0.5224422 0.7131981 0.5234355 0.6624082 0.5435369 0.6927418 0.5465531 0.6638987 0.5244655 0.6611407 0.4954384 0.6887156 0.4694277 0.6914743 0.4984546 0.6638988 0.5244655 0.6611407 0.4954384 0.6914743 0.4984546 0.6638988 0.5244655 0.6914743 0.4984546 0.694233 0.5274817 0.6604292 0.3873692 0.6872919 0.3144263 0.688004 0.391927 0.661141 0.4648699 0.6604292 0.3873692 0.688004 0.391927 0.661141 0.4648699 0.688004 0.391927 0.6887156 0.4694277 0.9548686 0.3001226 0.9155381 0.2759807 0.9512961 0.2770692 0.6684455 0.2439504 0.626768 0.2443023 0.623754 0.2138971 0.6684455 0.2439504 0.623754 0.2138971 0.6654317 0.2135452 0.6235917 0.2473241 0.6538164 0.2164904 0.6593497 0.2462356 0.629125 0.2770692 0.6235917 0.2473241 0.6593497 0.2462356 0.629125 0.2770692 0.6593497 0.2462356 0.664883 0.2759807 0.6163269 0.118535 0.6411892 0.09076303 0.6475028 0.118535 0.6226404 0.1463069 0.6163269 0.118535 0.6475028 0.118535 0.6226404 0.1463069 0.6475028 0.118535 0.6538164 0.1463069 0.7425824 0.5795997 0.7153379 0.5583291 0.717662 0.5795997 0.7449065 0.6008705 0.7425824 0.5795997 0.717662 0.5795997 0.7449065 0.6008705 0.717662 0.5795997 0.7199857 0.6008705 0.7415125 0.5400955 0.7131981 0.5234355 0.7142681 0.5408823 0.7425824 0.5575423 0.7415125 0.5400955 0.7142681 0.5408823 0.7425824 0.5575423 0.7142681 0.5408823 0.7153379 0.5583291 0.7404443 0.4880313 0.7110612 0.4546136 0.7121295 0.4890246 0.7415125 0.5224422 0.7404443 0.4880313 0.7121295 0.4890246 0.7415125 0.5224422 0.7121295 0.4890246 0.7131981 0.5234355 0.2573045 0.5693415 0.2134996 0.5661428 0.2573045 0.5539744 0.2054192 0.588552 0.184552 0.5518766 0.1567891 0.590221 0.2324416 0.5791148 0.1725968 0.5897623 0.2134996 0.5661428 0.2573045 0.5795902 0.2324416 0.5791148 0.2573045 0.5693415 0.2168749 0.5909894 0.2178122 0.5773641 0.2054192 0.588552 0.2324416 0.5791148 0.2336058 0.5894457 0.2280281 0.5889765 0.2258729 0.5841029 0.2335388 0.576455 0.2178122 0.5773641 0.2573045 0.5897814 0.2371924 0.5838626 0.2573045 0.5795902 0.2168749 0.5909894 0.2338888 0.5899912 0.2258729 0.5841029 0.2371924 0.5838626 0.2573045 0.5897814 0.2336058 0.5894457 0.2338888 0.5899912 0.2335388 0.5840859 0.2258729 0.5841029 0.7286853 0.2118124 0.6671167 0.2743557 0.7479083 0.2538788 0.6671167 0.2743557 0.622425 0.2443023 0.6214627 0.275167 0.9088204 0.3187886 0.9155381 0.2759807 0.9121793 0.2973846 0.1475009 0.1970244 0.09267669 0.1636238 0.1420671 0.1619982 0.3707504 0.1940479 0.4725438 0.1665828 0.4943632 0.2026757 0.1429183 0.1970244 0.03870379 0.1652495 0.06077373 0.2017569 0.04206526 0.1665828 0.1438588 0.1940479 0.0202459 0.2026757 0.7404451 0.3845201 0.7110612 0.4546136 0.7404444 0.4574629 0.6914735 0.4984543 0.6611399 0.4954383 0.6638987 0.5244655 0.6914735 0.4984543 0.6638987 0.5244655 0.6942325 0.5274815 0.6880018 0.391927 0.6604272 0.3873693 0.6611401 0.4648699 0.6880018 0.391927 0.6611401 0.4648699 0.6887147 0.4694275 0.6255525 0.3001226 0.664883 0.2759807 0.6682417 0.2973846 0.6289113 0.3215266 0.6255525 0.3001226 0.6682417 0.2973846 0.6289113 0.3215266 0.6682417 0.2973846 0.6716006 0.3187886 0.6654317 0.2135452 0.7197836 0.1426137 0.7330283 0.2118124 0.6654317 0.2135452 0.623754 0.1780794 0.6654317 0.1780794 0.6538164 0.2164904 0.7137055 0.1463069 0.7257925 0.2144997 0.7154406 0.1426136 0.6610888 0.2135452 0.7286853 0.2118124 0.6610888 0.2135452 0.6194111 0.1780794 0.6194111 0.2138972 0.6809966 0.3185916 0.7522514 0.2701769 0.7720301 0.3192846 0.7479083 0.2538788 0.6766536 0.3185916 0.7676871 0.3029866 0.1420671 0.1619982 0.2381213 0.1933529 0.1475009 0.1970244 0.2335388 0.1801816 0.1374845 0.1619982 0.1429183 0.1970244 0.9266048 0.2164903 0.9266048 0.1463071 0.9266048 0.1813987 0.7153381 0.5583288 0.7199857 0.6008705 0.6720286 0.6008705 0.6538164 0.1463069 0.6998059 0.09076303 0.7137055 0.1463069 0.7154793 0.0864318 0.6610888 0.1426136 0.7154406 0.1426136 0.7153379 0.5583291 0.7199857 0.6008705 0.717662 0.5795997 0.6912516 0.5656246 0.6864961 0.6008706 0.7358223 0.6008706 0.9266048 0.1463071 0.9392317 0.09076303 0.9329183 0.118535 0.641109 0.3144279 0.7109563 0.3845196 0.7110621 0.4546129 0.7110612 0.4546136 0.6411068 0.3144303 0.6432337 0.4509047 0.7290145 0.4610357 0.6880018 0.391927 0.6887147 0.4694275 0.151268 0.3887785 0.09941732 0.4328092 0.08575701 0.3918083 0.0202459 0.3948383 0.0202459 0.3132516 0.08575701 0.3918083 0.363341 0.3887785 0.4288522 0.3918083 0.4151918 0.4328092 0.4943632 0.3948383 0.4288522 0.3918083 0.4943632 0.3132516 0.6194111 0.1780794 0.6610888 0.1780794 0.6194111 0.1426136 0.9577806 0.1817181 0.9266048 0.1463071 0.9577806 0.1463071 0.6888737 0.5832476 0.6912516 0.5656246 0.6624082 0.5611901 0.6600305 0.5788131 0.6888737 0.5832476 0.6624082 0.5611901 0.4288522 0.3918083 0.4943632 0.3948383 0.4151918 0.4328092 0.08575701 0.3918083 0.09941732 0.4328092 0.0202459 0.3948383 0.3707504 0.1940479 0.2573045 0.1923822 0.3824561 0.1621574 0.1685025 0.5367093 0.07515841 0.5327109 0.1643742 0.4559512 0.3461065 0.5367093 0.3502349 0.4559512 0.4394506 0.5327109 0.1643742 0.4559512 0.1003683 0.4700475 0.151268 0.3887785 0.3502349 0.4559512 0.363341 0.3887785 0.4142409 0.4700475 0.2381215 0.2417386 0.142163 0.2453485 0.1475009 0.1970244 0.4943632 0.2587367 0.3660072 0.2548557 0.3707504 0.1940479 0.3660072 0.2548557 0.2573045 0.2568171 0.2573045 0.1923822 0.1333443 0.464092 0.1098614 0.4053329 0.2381215 0.390984 0.2381215 0.390984 0.1098614 0.4053329 0.151419 0.295233 0.4943632 0.3132516 0.3770557 0.3189869 0.3660072 0.2548557 0.3770557 0.3189869 0.2573045 0.3474032 0.2573045 0.2568171 0.2381213 0.5395933 0.2381213 0.5518766 0.1891345 0.5518766 0.1108925 0.590221 0.04314744 0.590221 0.06070476 0.5269331 0.2573045 0.5152529 0.3461065 0.5367093 0.3011094 0.5661428 0.142163 0.2453485 0.06535625 0.2584617 0.06535625 0.2017569 0.151419 0.295233 0.06535625 0.3136026 0.06535625 0.2584617 0.06535625 0.3961262 0.06535625 0.3136026 0.151419 0.295233 0.9266048 0.2164903 0.9155381 0.2759807 0.8546285 0.2144997 0.6809966 0.3185916 0.6341878 0.3206032 0.6305743 0.2972851 0.6654317 0.1426137 0.6588398 0.0864318 0.7198225 0.0864318 0.6654317 0.1426137 0.623754 0.1426137 0.6294156 0.1145227 0.6864961 0.6008706 0.6912518 0.5656247 0.7358223 0.6008706 0.6864961 0.6008706 0.6600305 0.6008705 0.6600306 0.5788131 0.7153381 0.5583288 0.6541956 0.5541452 0.6465027 0.5174471 0.6912518 0.5656247 0.694233 0.5274817 0.7328827 0.5244845 0.6912518 0.5656247 0.6624084 0.5611901 0.6624085 0.5435369 0.7110621 0.4546129 0.7109563 0.3845196 0.7404466 0.3845192 0.6465027 0.5174471 0.6432343 0.4509032 0.7110621 0.4546129 0.694233 0.5274817 0.6887156 0.4694277 0.7290158 0.4610363 0.7290158 0.4610363 0.688004 0.391927 0.6872919 0.3144263 0.151419 0.295233 0.1421629 0.2453485 0.2381215 0.2417386 0.363341 0.3887785 0.2573045 0.3999384 0.2573045 0.3474032 0.4288522 0.3918083 0.363341 0.3887785 0.3770557 0.3189869 0.3502349 0.4559512 0.2573045 0.4504916 0.2573045 0.3999384 0.2381213 0.5518766 0.2381213 0.576455 0.2223948 0.5773641 0.1585614 0.5379772 0.1891345 0.5518766 0.1613715 0.590221 0.3461065 0.5367093 0.3778842 0.588124 0.3420122 0.5897623 0.1098614 0.4053329 0.07408475 0.4424699 0.06535625 0.4119229 0.1333443 0.464092 0.1585614 0.5379772 0.06070476 0.5269331 0.3778842 0.588124 0.3461065 0.5367093 0.4394506 0.5327109 0.1585614 0.5379772 0.1333443 0.464092 0.2381213 0.4740439 0.2573045 0.5152529 0.2573045 0.4504916 0.3502349 0.4559512 0.1333443 0.464092 0.08246386 0.4678233 0.07408475 0.4424699 0.6255525 0.3001226 0.629125 0.2770692 0.664883 0.2759807 0.9577806 0.2168098 0.9266048 0.2164903 0.9266048 0.1813987 0.6641026 0.2439504 0.6610888 0.2135452 0.6194111 0.2138972 0.6226404 0.181718 0.6226404 0.1463069 0.6538164 0.1463069 0.6610888 0.1780794 0.6610888 0.1426136 0.6194111 0.1426136 0.9568294 0.247324 0.9266048 0.2164903 0.9577806 0.2168098 0.9640941 0.118535 0.9392317 0.09076303 0.9696916 0.09076303 0.3011094 0.5661428 0.2821676 0.5791148 0.2573045 0.5693415 0.1891345 0.5518766 0.2223948 0.5773641 0.2100018 0.588552 0.3420122 0.5897623 0.286581 0.5889765 0.2821676 0.5791148 0.2821676 0.5791148 0.2774167 0.5838626 0.2573045 0.5795902 0.2223948 0.5773641 0.2304554 0.5841029 0.2214574 0.5909894 0.2821676 0.5791148 0.286581 0.5889765 0.2810032 0.5894457 0.2381213 0.576455 0.2381213 0.5840859 0.2304554 0.5841029 0.2774167 0.5838626 0.2573045 0.5897814 0.2573045 0.5897814 0.2214574 0.5909894 0.2304554 0.5841029 0.2384713 0.5899912 0.2774167 0.5838626 0.2810032 0.5894457 0.2573045 0.5897814 0.2381213 0.5840859 0.2384713 0.5899912 0.2384713 0.5899912 0.6714596 0.2743557 0.6654317 0.2135452 0.7330283 0.2118124 0.6714596 0.2743557 0.6258057 0.275167 0.626768 0.2443023 0.6716006 0.3187886 0.664883 0.2759807 0.7317975 0.2715502 0.2335389 0.2216062 0.2335388 0.1801816 0.1429183 0.1970244 0.0202459 0.2587367 0.0202459 0.2026757 0.1438588 0.1940479 0.1486018 0.2548557 0.1438588 0.1940479 0.2573045 0.1923822 0.1287617 0.464092 0.2335388 0.4740439 0.2335389 0.390984 0.2335389 0.390984 0.2335389 0.2770902 0.1468365 0.295233 0.0202459 0.3132516 0.0202459 0.2587367 0.1486018 0.2548557 0.1375533 0.3189869 0.1486018 0.2548557 0.2573045 0.2568171 0.184552 0.5518766 0.2335388 0.5518766 0.2335388 0.5395933 0.0561223 0.5269331 0.03856509 0.590221 0.1063099 0.590221 0.2573045 0.5152529 0.2573045 0.5539744 0.2134996 0.5661428 0.1375814 0.2453485 0.1429183 0.1970244 0.06077373 0.2017569 0.1468365 0.295233 0.1375812 0.2453485 0.06077373 0.2584615 0.1468365 0.295233 0.06077373 0.3136026 0.06077373 0.3961262 0.1438588 0.1940479 0.1321529 0.1621574 0.2573045 0.1594325 0.664883 0.2759807 0.6538164 0.2164904 0.7257925 0.2144997 0.6766536 0.3185916 0.6718851 0.2964736 0.6262313 0.2972851 0.6610888 0.1426136 0.6577928 0.1145227 0.6250727 0.1145227 0.6864961 0.6008706 0.6888737 0.5832476 0.6600305 0.5788131 0.7153379 0.5583291 0.7131981 0.5234355 0.6465027 0.5174479 0.6942325 0.5274815 0.6912516 0.5656246 0.7328824 0.5244842 0.6912516 0.5656246 0.6927418 0.5465531 0.6624082 0.5435369 0.7110612 0.4546136 0.6432337 0.4509047 0.6465027 0.5174479 0.6887147 0.4694275 0.6942325 0.5274815 0.7290145 0.4610357 0.6887147 0.4694275 0.6611401 0.4648699 0.6611399 0.4954383 0.6872887 0.3144264 0.6604275 0.3144264 0.6604272 0.3873693 0.2335389 0.2216062 0.1375803 0.2453485 0.1468365 0.295233 0.151268 0.3887785 0.1375533 0.3189869 0.2573045 0.3474032 0.1375533 0.3189869 0.151268 0.3887785 0.08575701 0.3918083 0.1643742 0.4559512 0.151268 0.3887785 0.2573045 0.3999384 0.2178122 0.5773641 0.2335388 0.576455 0.2335388 0.5518766 0.1567891 0.590221 0.184552 0.5518766 0.153979 0.5379772 0.1685025 0.5367093 0.2134996 0.5661428 0.1725968 0.5897623 0.06077373 0.4119229 0.06950205 0.4424699 0.105279 0.4053329 0.1287617 0.464092 0.07788121 0.4678233 0.0561223 0.5269331 0.136725 0.588124 0.06301391 0.588124 0.07515841 0.5327109 0.153979 0.5379772 0.2335388 0.5395933 0.2335388 0.4740439 0.1643742 0.4559512 0.2573045 0.4504916 0.2573045 0.5152529 0.7404451 0.3845201 0.7109549 0.3845206 0.7110612 0.4546136 0.06950205 0.4424699 0.07788121 0.4678233 0.1287617 0.464092 0.6654317 0.1780794 0.623754 0.1780794 0.623754 0.1426137 0.7404443 0.4880313 0.7404444 0.4574629 0.7110612 0.4546136 0.6654317 0.1780794 0.623754 0.1426137 0.6654317 0.1426137 0.6226404 0.181718 0.6538164 0.1463069 0.6538164 0.1813987 0.7403386 0.3144271 0.7108485 0.3144279 0.7109549 0.3845206 0.7404451 0.3845201 0.7403386 0.3144271 0.7109549 0.3845206 0.6226404 0.2168098 0.6226404 0.181718 0.6538164 0.1813987 0.6226404 0.2168098 0.6538164 0.1813987 0.6538164 0.2164904 0.9512961 0.2770692 0.9155381 0.2759807 0.9210714 0.2462355 0.9568294 0.247324 0.9512961 0.2770692 0.9210714 0.2462355 0.9568294 0.247324 0.9210714 0.2462355 0.9266048 0.2164903 0.9577806 0.1463071 0.9266048 0.1463071 0.9329183 0.118535 0.9640941 0.118535 0.9577806 0.1463071 0.9329183 0.118535 0.9640941 0.118535 0.9329183 0.118535 0.9392317 0.09076303 0.7449064 0.6008705 0.7199857 0.6008705 0.717662 0.5795996 0.7425827 0.5795996 0.7449064 0.6008705 0.717662 0.5795996 0.7425827 0.5795996 0.717662 0.5795996 0.7153381 0.5583288 0.7425827 0.5575422 0.7153381 0.5583288 0.7142684 0.5408818 0.741513 0.5400953 0.7425827 0.5575422 0.7142684 0.5408818 0.741513 0.5400953 0.7142684 0.5408818 0.7131984 0.523435 0.7415131 0.5224421 0.7131984 0.523435 0.7121302 0.4890239 0.740445 0.4880309 0.7415131 0.5224421 0.7121302 0.4890239 0.740445 0.4880309 0.7121302 0.4890239 0.7110621 0.4546129 0.7109563 0.3845196 0.7108513 0.3144264 0.7403414 0.314426 0.7404466 0.3845192 0.7109563 0.3845196 0.7403414 0.314426 0.6762281 0.2964736 0.6305743 0.2972851 0.6258057 0.275167 0.6611407 0.4954384 0.661141 0.4648699 0.6887156 0.4694277 0.6604292 0.3873692 0.6604307 0.314426 0.6872919 0.3144263 0.9515099 0.3215266 0.9088204 0.3187886 0.9121793 0.2973846 0.9548686 0.3001226 0.9515099 0.3215266 0.9121793 0.2973846 0.2573045 0.5693415 0.2324416 0.5791148 0.2134996 0.5661428 0.2054192 0.588552 0.2178122 0.5773641 0.184552 0.5518766 0.2324416 0.5791148 0.2280281 0.5889765 0.1725968 0.5897623 0.2573045 0.5795902 0.2371924 0.5838626 0.2324416 0.5791148 0.2168749 0.5909894 0.2258729 0.5841029 0.2178122 0.5773641 0.2324416 0.5791148 0.2371924 0.5838626 0.2336058 0.5894457 0.2258729 0.5841029 0.2335388 0.5840859 0.2335388 0.576455 0.2573045 0.5897814 0.2573045 0.5897814 0.2371924 0.5838626 0.2168749 0.5909894 0.2338888 0.5899912 0.2338888 0.5899912 0.2371924 0.5838626 0.2573045 0.5897814 0.2573045 0.5897814 0.2338888 0.5899912 0.2338888 0.5899912 0.2335388 0.5840859 0.6610888 0.2135452 0.6671167 0.2743557 0.7286853 0.2118124 0.6671167 0.2743557 0.6641026 0.2439504 0.622425 0.2443023 0.9088204 0.3187886 0.7902105 0.3154169 0.8486236 0.2715502 0.1475009 0.1970244 0.06535625 0.2017569 0.04328626 0.1652495 0.3707504 0.1940479 0.4275001 0.1643701 0.4725438 0.1665828 0.1429183 0.1970244 0.08809417 0.1636238 0.03870379 0.1652495 0.08710908 0.1643701 0.1438588 0.1940479 0.04206526 0.1665828 0.6762281 0.2964736 0.6258057 0.275167 0.6714596 0.2743557 0.7425827 0.5795996 0.7153381 0.5583288 0.7425827 0.5575422 0.6621357 0.1145227 0.6294156 0.1145227 0.6261197 0.0864318 0.6621357 0.1145227 0.6261197 0.0864318 0.6588398 0.0864318 0.9548686 0.3001226 0.9121793 0.2973846 0.9155381 0.2759807 0.6235917 0.2473241 0.6226404 0.2168098 0.6538164 0.2164904 0.741513 0.5400953 0.7131984 0.523435 0.7415131 0.5224421 0.6888738 0.5832476 0.6600306 0.5788131 0.6624084 0.5611901 0.6163269 0.118535 0.6107295 0.09076303 0.6411892 0.09076303 0.6718851 0.2964736 0.6671167 0.2743557 0.6214627 0.275167 0.6262313 0.2972851 0.6718851 0.2964736 0.6214627 0.275167 0.6654317 0.2135452 0.6654317 0.1426137 0.7197836 0.1426137 0.6654317 0.2135452 0.623754 0.2138971 0.623754 0.1780794 0.6538164 0.2164904 0.6538164 0.1463069 0.7137055 0.1463069 0.6610888 0.1426136 0.6610888 0.2135452 0.7154406 0.1426136 0.6610888 0.2135452 0.6610888 0.1780794 0.6194111 0.1780794 0.6809966 0.3185916 0.6714596 0.2743557 0.7522514 0.2701769 0.6671167 0.2743557 0.6766536 0.3185916 0.7479083 0.2538788 0.1420671 0.1619982 0.2381213 0.1625582 0.2381213 0.1933529 0.2335388 0.1801816 0.2335388 0.1493869 0.1374845 0.1619982 0.9266048 0.2164903 0.8546285 0.2144997 0.8667156 0.1463071 0.6720286 0.6008705 0.6541956 0.5541452 0.7153381 0.5583288 0.6538164 0.1463069 0.6411892 0.09076303 0.6998059 0.09076303 0.6544968 0.0864318 0.6610888 0.1426136 0.7154793 0.0864318 0.7153379 0.5583291 0.6541956 0.5541456 0.6720288 0.6008705 0.7358223 0.6008706 0.7338683 0.5635426 0.6912516 0.5656246 0.9266048 0.1463071 0.8667156 0.1463071 0.8806151 0.09076303 0.7110621 0.4546129 0.6432343 0.4509032 0.641109 0.3144279 0.7109549 0.3845206 0.6411068 0.3144303 0.7110612 0.4546136 0.7290145 0.4610357 0.726323 0.3144312 0.6872887 0.3144264 0.2381215 0.2417386 0.2381213 0.1933529 0.1475009 0.1970244 0.4943632 0.2587367 0.4943632 0.2026757 0.3707504 0.1940479 0.3660072 0.2548557 0.3707504 0.1940479 0.2573045 0.1923822 0.1333443 0.464092 0.2381213 0.4740439 0.2381215 0.390984 0.2381215 0.390984 0.2381215 0.2902615 0.151419 0.295233 0.4943632 0.3132516 0.4943632 0.2587367 0.3660072 0.2548557 0.3770557 0.3189869 0.3660072 0.2548557 0.2573045 0.2568171 0.2381213 0.5395933 0.1585614 0.5379772 0.1891345 0.5518766 0.1108925 0.590221 0.1585614 0.5379772 0.06070476 0.5269331 0.2573045 0.5152529 0.2573045 0.5539744 0.3011094 0.5661428 0.142163 0.2453485 0.1475009 0.1970244 0.06535625 0.2017569 0.151419 0.295233 0.1421629 0.2453485 0.06535625 0.2584617 0.06535625 0.3961262 0.1098614 0.4053329 0.151419 0.295233 0.4943632 0.3948383 0.4151918 0.4328092 0.4943632 0.4104556 0.8546285 0.2144997 0.8486236 0.2715502 0.9155381 0.2759807 0.6809966 0.3185916 0.6762281 0.2964736 0.6305743 0.2972851 0.6654317 0.1426137 0.7197836 0.1426137 0.7198225 0.0864318 0.6654317 0.1426137 0.6621357 0.1145227 0.6294156 0.1145227 0.7358223 0.6008706 0.7338684 0.563543 0.6912518 0.5656247 0.6864961 0.6008706 0.6888738 0.5832476 0.6600306 0.5788131 0.7153381 0.5583288 0.7131984 0.523435 0.6465027 0.5174471 0.6912518 0.5656247 0.7338684 0.563543 0.7328827 0.5244845 0.6912518 0.5656247 0.6927423 0.5465532 0.6624085 0.5435369 0.7110621 0.4546129 0.7404454 0.4574624 0.7404466 0.3845192 0.7131984 0.523435 0.7110621 0.4546129 0.6465027 0.5174471 0.694233 0.5274817 0.7328827 0.5244845 0.7290158 0.4610363 0.7290158 0.4610363 0.7263259 0.3144316 0.6872919 0.3144263 0.151419 0.295233 0.2381215 0.2902615 0.2381215 0.2417386 0.363341 0.3887785 0.3770557 0.3189869 0.2573045 0.3474032 0.4288522 0.3918083 0.4943632 0.3132516 0.3770557 0.3189869 0.3502349 0.4559512 0.363341 0.3887785 0.2573045 0.3999384 0.2381213 0.5518766 0.1891345 0.5518766 0.2223948 0.5773641 0.1585614 0.5379772 0.1108925 0.590221 0.1613715 0.590221 0.3461065 0.5367093 0.3011094 0.5661428 0.3420122 0.5897623 0.9577806 0.1817181 0.9266048 0.1813987 0.9577806 0.2168098 0.1098614 0.4053329 0.06535625 0.3961262 0.06535625 0.4119229 0.363341 0.3887785 0.4142409 0.4700475 0.4151918 0.4328092 0.1333443 0.464092 0.08246386 0.4678233 0.06070476 0.5269331 0.3778842 0.588124 0.4515952 0.588124 0.4394506 0.5327109 0.1585614 0.5379772 0.2381213 0.5395933 0.2381213 0.4740439 0.2573045 0.5152529 0.3461065 0.5367093 0.3502349 0.4559512 0.3502349 0.4559512 0.4394506 0.5327109 0.4142409 0.4700475 0.1333443 0.464092 0.1098614 0.4053329 0.07408475 0.4424699 0.9577806 0.1817181 0.9266048 0.1463071 0.9266048 0.1813987 0.622425 0.2443023 0.6194111 0.2138972 0.6641026 0.2439504 0.3011094 0.5661428 0.2573045 0.5539744 0.2573045 0.5693415 0.1891345 0.5518766 0.1613715 0.590221 0.2100018 0.588552 0.3420122 0.5897623 0.3011094 0.5661428 0.2821676 0.5791148 0.2821676 0.5791148 0.2573045 0.5693415 0.2573045 0.5795902 0.2223948 0.5773641 0.2100018 0.588552 0.2214574 0.5909894 0.2821676 0.5791148 0.2774167 0.5838626 0.2810032 0.5894457 0.2381213 0.576455 0.2223948 0.5773641 0.2304554 0.5841029 0.2774167 0.5838626 0.2573045 0.5795902 0.2573045 0.5897814 0.2214574 0.5909894 0.2384713 0.5899912 0.2384713 0.5899912 0.2774167 0.5838626 0.2573045 0.5897814 0.2573045 0.5897814 0.2381213 0.5840859 0.2304554 0.5841029 0.2384713 0.5899912 0.6714596 0.2743557 0.7522514 0.2701769 0.7330283 0.2118124 0.6714596 0.2743557 0.6684455 0.2439504 0.626768 0.2443023 0.6716006 0.3187886 0.7902105 0.3154169 0.7317975 0.2715502 0.2335389 0.2216062 0.1375805 0.2453485 0.1429183 0.1970244 0.0202459 0.2587367 0.1486018 0.2548557 0.1438588 0.1940479 0.1486018 0.2548557 0.2573045 0.2568171 0.2573045 0.1923822 0.1287617 0.464092 0.105279 0.4053329 0.2335389 0.390984 0.2335389 0.390984 0.105279 0.4053329 0.1468365 0.295233 0.0202459 0.3132516 0.1375533 0.3189869 0.1486018 0.2548557 0.1375533 0.3189869 0.2573045 0.3474032 0.2573045 0.2568171 0.184552 0.5518766 0.153979 0.5379772 0.2335388 0.5395933 0.0561223 0.5269331 0.153979 0.5379772 0.1063099 0.590221 0.2573045 0.5152529 0.1685025 0.5367093 0.2134996 0.5661428 0.2573045 0.1923822 0.3824561 0.1621574 0.2573045 0.1594325 0.1375814 0.2453485 0.06077373 0.2584615 0.06077373 0.2017569 0.1468365 0.295233 0.06077373 0.3136026 0.06077373 0.2584615 0.1468365 0.295233 0.105279 0.4053329 0.06077373 0.3961262 0.09941732 0.4328092 0.0202459 0.3948383 0.0202459 0.4104556 0.1438588 0.1940479 0.2573045 0.1923822 0.2573045 0.1594325 0.664883 0.2759807 0.7317975 0.2715502 0.7257925 0.2144997 0.6766536 0.3185916 0.6298449 0.3206032 0.6262313 0.2972851 0.6610888 0.1426136 0.6194111 0.1426136 0.6250727 0.1145227 0.6864961 0.6008706 0.6600305 0.6008705 0.6600305 0.5788131 0.7153379 0.5583291 0.6541956 0.5541456 0.6465027 0.5174479 0.7328824 0.5244842 0.7338683 0.5635426 0.6912516 0.5656246 0.6912516 0.5656246 0.6624082 0.5611901 0.6624082 0.5435369 0.7110612 0.4546136 0.7131981 0.5234355 0.6465027 0.5174479 0.7290145 0.4610357 0.7328824 0.5244842 0.6942325 0.5274815 0.6887147 0.4694275 0.6914735 0.4984543 0.6611399 0.4954383 0.6872887 0.3144264 0.6880018 0.391927 0.6604272 0.3873693 0.2335389 0.2216062 0.2335389 0.2770902 0.1468365 0.295233 0.151268 0.3887785 0.2573045 0.3999384 0.2573045 0.3474032 0.1375533 0.3189869 0.0202459 0.3132516 0.08575701 0.3918083 0.1643742 0.4559512 0.2573045 0.4504916 0.2573045 0.3999384 0.2178122 0.5773641 0.184552 0.5518766 0.2335388 0.5518766 0.1567891 0.590221 0.1063099 0.590221 0.153979 0.5379772 0.1685025 0.5367093 0.136725 0.588124 0.1725968 0.5897623 0.6888738 0.5832476 0.6912518 0.5656247 0.6624084 0.5611901 0.06077373 0.4119229 0.06077373 0.3961262 0.105279 0.4053329 0.1003683 0.4700475 0.151268 0.3887785 0.09941732 0.4328092 0.1287617 0.464092 0.153979 0.5379772 0.0561223 0.5269331 0.136725 0.588124 0.1685025 0.5367093 0.07515841 0.5327109 0.153979 0.5379772 0.1287617 0.464092 0.2335388 0.4740439 0.1643742 0.4559512 0.1685025 0.5367093 0.2573045 0.5152529 0.7425824 0.5795997 0.7153379 0.5583291 0.7425824 0.5575423 0.07515841 0.5327109 0.1643742 0.4559512 0.1003683 0.4700475 0.06950205 0.4424699 0.105279 0.4053329 0.1287617 0.464092 0.740445 0.4880309 0.7404454 0.4574624 0.7110621 0.4546129 0.6577928 0.1145227 0.6217768 0.0864318 0.6544968 0.0864318 0.6250727 0.1145227 0.6217768 0.0864318 0.6577928 0.1145227 0.6927423 0.5465532 0.6638988 0.5244655 0.6624085 0.5435369 0.6927423 0.5465532 0.694233 0.5274817 0.6638988 0.5244655 0.6927418 0.5465531 0.6638987 0.5244655 0.6942325 0.5274815 0.7415125 0.5400955 0.7131981 0.5234355 0.7415125 0.5224422 0.6624082 0.5435369 0.6638987 0.5244655 0.6927418 0.5465531 0.6611407 0.4954384 0.6914743 0.4984546 0.6887156 0.4694277 0.6638988 0.5244655 0.6914743 0.4984546 0.6611407 0.4954384 0.6638988 0.5244655 0.694233 0.5274817 0.6914743 0.4984546 0.6604292 0.3873692 0.688004 0.391927 0.6872919 0.3144263 0.661141 0.4648699 0.688004 0.391927 0.6604292 0.3873692 0.661141 0.4648699 0.6887156 0.4694277 0.688004 0.391927 0.9548686 0.3001226 0.9512961 0.2770692 0.9155381 0.2759807 0.6684455 0.2439504 0.623754 0.2138971 0.626768 0.2443023 0.6684455 0.2439504 0.6654317 0.2135452 0.623754 0.2138971 0.6235917 0.2473241 0.6593497 0.2462356 0.6538164 0.2164904 0.629125 0.2770692 0.6593497 0.2462356 0.6235917 0.2473241 0.629125 0.2770692 0.664883 0.2759807 0.6593497 0.2462356 0.6163269 0.118535 0.6475028 0.118535 0.6411892 0.09076303 0.6226404 0.1463069 0.6475028 0.118535 0.6163269 0.118535 0.6226404 0.1463069 0.6538164 0.1463069 0.6475028 0.118535 0.7425824 0.5795997 0.717662 0.5795997 0.7153379 0.5583291 0.7449065 0.6008705 0.717662 0.5795997 0.7425824 0.5795997 0.7449065 0.6008705 0.7199857 0.6008705 0.717662 0.5795997 0.7415125 0.5400955 0.7142681 0.5408823 0.7131981 0.5234355 0.7425824 0.5575423 0.7142681 0.5408823 0.7415125 0.5400955 0.7425824 0.5575423 0.7153379 0.5583291 0.7142681 0.5408823 0.7404443 0.4880313 0.7121295 0.4890246 0.7110612 0.4546136 0.7415125 0.5224422 0.7121295 0.4890246 0.7404443 0.4880313 0.7415125 0.5224422 0.7131981 0.5234355 0.7121295 0.4890246 0.2573045 0.5693415 0.2573045 0.5539744 0.2134996 0.5661428 0.2054192 0.588552 0.1567891 0.590221 0.184552 0.5518766 0.2324416 0.5791148 0.2134996 0.5661428 0.1725968 0.5897623 0.2573045 0.5795902 0.2573045 0.5693415 0.2324416 0.5791148 0.2168749 0.5909894 0.2054192 0.588552 0.2178122 0.5773641 0.2324416 0.5791148 0.2280281 0.5889765 0.2336058 0.5894457 0.2258729 0.5841029 0.2178122 0.5773641 0.2335388 0.576455 0.2573045 0.5897814 0.2573045 0.5795902 0.2371924 0.5838626 0.2168749 0.5909894 0.2258729 0.5841029 0.2338888 0.5899912 0.2371924 0.5838626 0.2336058 0.5894457 0.2573045 0.5897814 0.2338888 0.5899912 0.2258729 0.5841029 0.2335388 0.5840859 0.7286853 0.2118124 0.7479083 0.2538788 0.6671167 0.2743557 0.6671167 0.2743557 0.6214627 0.275167 0.622425 0.2443023 0.9088204 0.3187886 0.9155381 0.2759807 0.8486236 0.2715502 0.1475009 0.1970244 0.09267669 0.1636238 0.04328626 0.1652495 0.3707504 0.1940479 0.4943632 0.2026757 0.4725438 0.1665828 0.1429183 0.1970244 0.06077373 0.2017569 0.03870379 0.1652495 0.04206526 0.1665828 0.0202459 0.2026757 0.1438588 0.1940479 0.7404451 0.3845201 0.7404444 0.4574629 0.7110612 0.4546136 0.6914735 0.4984543 0.6638987 0.5244655 0.6611399 0.4954383 0.6914735 0.4984543 0.6942325 0.5274815 0.6638987 0.5244655 0.6880018 0.391927 0.6611401 0.4648699 0.6604272 0.3873693 0.6880018 0.391927 0.6887147 0.4694275 0.6611401 0.4648699 0.6255525 0.3001226 0.6682417 0.2973846 0.664883 0.2759807 0.6289113 0.3215266 0.6682417 0.2973846 0.6255525 0.3001226 0.6289113 0.3215266 0.6716006 0.3187886 0.6682417 0.2973846 0.6654317 0.2135452 0.7330283 0.2118124 0.7197836 0.1426137 0.6654317 0.2135452 0.6654317 0.1780794 0.623754 0.1780794 0.6538164 0.2164904 0.7257925 0.2144997 0.7137055 0.1463069 0.7154406 0.1426136 0.7286853 0.2118124 0.6610888 0.2135452 0.6610888 0.2135452 0.6194111 0.2138972 0.6194111 0.1780794 0.6809966 0.3185916 0.7720301 0.3192846 0.7522514 0.2701769 0.7479083 0.2538788 0.7676871 0.3029866 0.6766536 0.3185916 0.1420671 0.1619982 0.1475009 0.1970244 0.2381213 0.1933529 0.2335388 0.1801816 0.1429183 0.1970244 0.1374845 0.1619982 0.9266048 0.2164903 0.9266048 0.1463071 0.8667156 0.1463071 0.7199857 0.6008705 0.7153381 0.5583288 0.6720286 0.6008705 0.6538164 0.1463069 0.7137055 0.1463069 0.6998059 0.09076303 0.7154793 0.0864318 0.7154406 0.1426136 0.6610888 0.1426136 0.7153379 0.5583291 0.7199857 0.6008705 0.6720288 0.6008705 0.6864961 0.6008706 0.6912516 0.5656246 0.7358223 0.6008706 0.9266048 0.1463071 0.9392317 0.09076303 0.8806151 0.09076303 0.7109563 0.3845196 0.641109 0.3144279 0.7110621 0.4546129 0.7110612 0.4546136 0.6432337 0.4509047 0.6411068 0.3144303 0.7290145 0.4610357 0.6880018 0.391927 0.6872887 0.3144264 0.151268 0.3887785 0.08575701 0.3918083 0.09941732 0.4328092 0.0202459 0.3948383 0.08575701 0.3918083 0.0202459 0.3132516 0.363341 0.3887785 0.4151918 0.4328092 0.4288522 0.3918083 0.4943632 0.3948383 0.4943632 0.3132516 0.4288522 0.3918083 0.6194111 0.1780794 0.6194111 0.1426136 0.6610888 0.1780794 0.9577806 0.1817181 0.9577806 0.1463071 0.9266048 0.1463071 0.6888737 0.5832476 0.6624082 0.5611901 0.6912516 0.5656246 0.6600305 0.5788131 0.6624082 0.5611901 0.6888737 0.5832476 0.4288522 0.3918083 0.4151918 0.4328092 0.4943632 0.3948383 0.08575701 0.3918083 0.0202459 0.3948383 0.09941732 0.4328092 0.3707504 0.1940479 0.3824561 0.1621574 0.2573045 0.1923822 0.1685025 0.5367093 0.1643742 0.4559512 0.07515841 0.5327109 0.3461065 0.5367093 0.4394506 0.5327109 0.3502349 0.4559512 0.1643742 0.4559512 0.151268 0.3887785 0.1003683 0.4700475 0.3502349 0.4559512 0.4142409 0.4700475 0.363341 0.3887785 0.2381215 0.2417386 0.1475009 0.1970244 0.142163 0.2453485 0.4943632 0.2587367 0.3707504 0.1940479 0.3660072 0.2548557 0.3660072 0.2548557 0.2573045 0.1923822 0.2573045 0.2568171 0.1333443 0.464092 0.2381215 0.390984 0.1098614 0.4053329 0.2381215 0.390984 0.151419 0.295233 0.1098614 0.4053329 0.4943632 0.3132516 0.3660072 0.2548557 0.3770557 0.3189869 0.3770557 0.3189869 0.2573045 0.2568171 0.2573045 0.3474032 0.2381213 0.5395933 0.1891345 0.5518766 0.2381213 0.5518766 0.1108925 0.590221 0.06070476 0.5269331 0.04314744 0.590221 0.2573045 0.5152529 0.3011094 0.5661428 0.3461065 0.5367093 0.142163 0.2453485 0.06535625 0.2017569 0.06535625 0.2584617 0.151419 0.295233 0.06535625 0.2584617 0.06535625 0.3136026 0.06535625 0.3961262 0.151419 0.295233 0.06535625 0.3136026 0.9155381 0.2759807 0.9266048 0.2164903 0.8546285 0.2144997 0.6809966 0.3185916 0.6305743 0.2972851 0.6341878 0.3206032 0.6654317 0.1426137 0.6588398 0.0864318 0.6621357 0.1145227 0.6654317 0.1426137 0.6294156 0.1145227 0.623754 0.1426137 0.6912518 0.5656247 0.6864961 0.6008706 0.7358223 0.6008706 0.6864961 0.6008706 0.6600306 0.5788131 0.6600305 0.6008705 0.7153381 0.5583288 0.6465027 0.5174471 0.6541956 0.5541452 0.6912518 0.5656247 0.694233 0.5274817 0.6927423 0.5465532 0.6912518 0.5656247 0.6624085 0.5435369 0.6624084 0.5611901 0.7110621 0.4546129 0.7404466 0.3845192 0.7109563 0.3845196 0.6465027 0.5174471 0.7110621 0.4546129 0.6432343 0.4509032 0.694233 0.5274817 0.6887156 0.4694277 0.6914743 0.4984546 0.7290158 0.4610363 0.688004 0.391927 0.6887156 0.4694277 0.151419 0.295233 0.2381215 0.2417386 0.1421629 0.2453485 0.363341 0.3887785 0.2573045 0.3474032 0.2573045 0.3999384 0.4288522 0.3918083 0.3770557 0.3189869 0.363341 0.3887785 0.3502349 0.4559512 0.2573045 0.3999384 0.2573045 0.4504916 0.2381213 0.5518766 0.2223948 0.5773641 0.2381213 0.576455 0.1585614 0.5379772 0.1613715 0.590221 0.1891345 0.5518766 0.3461065 0.5367093 0.3420122 0.5897623 0.3778842 0.588124 0.1098614 0.4053329 0.06535625 0.4119229 0.07408475 0.4424699 0.1333443 0.464092 0.06070476 0.5269331 0.1585614 0.5379772 0.3778842 0.588124 0.4394506 0.5327109 0.3461065 0.5367093 0.1585614 0.5379772 0.2381213 0.4740439 0.1333443 0.464092 0.2573045 0.5152529 0.3502349 0.4559512 0.2573045 0.4504916 0.1333443 0.464092 0.07408475 0.4424699 0.08246386 0.4678233 0.6255525 0.3001226 0.664883 0.2759807 0.629125 0.2770692 0.9577806 0.2168098 0.9266048 0.1813987 0.9266048 0.2164903 0.6641026 0.2439504 0.6194111 0.2138972 0.6610888 0.2135452 0.6226404 0.181718 0.6538164 0.1463069 0.6226404 0.1463069 0.6610888 0.1780794 0.6194111 0.1426136 0.6610888 0.1426136 0.9568294 0.247324 0.9577806 0.2168098 0.9266048 0.2164903 0.9640941 0.118535 0.9696916 0.09076303 0.9392317 0.09076303 0.3011094 0.5661428 0.2573045 0.5693415 0.2821676 0.5791148 0.1891345 0.5518766 0.2100018 0.588552 0.2223948 0.5773641 0.3420122 0.5897623 0.2821676 0.5791148 0.286581 0.5889765 0.2821676 0.5791148 0.2573045 0.5795902 0.2774167 0.5838626 0.2223948 0.5773641 0.2214574 0.5909894 0.2304554 0.5841029 0.2821676 0.5791148 0.2810032 0.5894457 0.286581 0.5889765 0.2381213 0.576455 0.2304554 0.5841029 0.2381213 0.5840859 0.2774167 0.5838626 0.2573045 0.5897814 0.2573045 0.5897814 0.2214574 0.5909894 0.2384713 0.5899912 0.2304554 0.5841029 0.2774167 0.5838626 0.2573045 0.5897814 0.2810032 0.5894457 0.2381213 0.5840859 0.2384713 0.5899912 0.2384713 0.5899912 0.6714596 0.2743557 0.6654317 0.2135452 0.6684455 0.2439504 0.6714596 0.2743557 0.626768 0.2443023 0.6258057 0.275167 0.6716006 0.3187886 0.664883 0.2759807 0.6682417 0.2973846 0.2335389 0.2216062 0.1429183 0.1970244 0.2335388 0.1801816 0.0202459 0.2587367 0.1438588 0.1940479 0.0202459 0.2026757 0.1486018 0.2548557 0.2573045 0.1923822 0.1438588 0.1940479 0.1287617 0.464092 0.2335389 0.390984 0.2335388 0.4740439 0.2335389 0.390984 0.1468365 0.295233 0.2335389 0.2770902 0.0202459 0.3132516 0.1486018 0.2548557 0.0202459 0.2587367 0.1375533 0.3189869 0.2573045 0.2568171 0.1486018 0.2548557 0.184552 0.5518766 0.2335388 0.5395933 0.2335388 0.5518766 0.0561223 0.5269331 0.1063099 0.590221 0.03856509 0.590221 0.2573045 0.5152529 0.2134996 0.5661428 0.2573045 0.5539744 0.1375814 0.2453485 0.06077373 0.2017569 0.1429183 0.1970244 0.1468365 0.295233 0.06077373 0.2584615 0.1375812 0.2453485 0.1468365 0.295233 0.06077373 0.3961262 0.06077373 0.3136026 0.1438588 0.1940479 0.2573045 0.1594325 0.1321529 0.1621574 0.664883 0.2759807 0.6538164 0.2164904 0.6593497 0.2462356 0.6766536 0.3185916 0.6262313 0.2972851 0.6718851 0.2964736 0.6610888 0.1426136 0.6250727 0.1145227 0.6577928 0.1145227 0.6864961 0.6008706 0.6600305 0.5788131 0.6888737 0.5832476 0.7153379 0.5583291 0.7131981 0.5234355 0.7142681 0.5408823 0.6912516 0.5656246 0.6942325 0.5274815 0.7328824 0.5244842 0.6912516 0.5656246 0.6624082 0.5435369 0.6927418 0.5465531 0.7110612 0.4546136 0.6465027 0.5174479 0.6432337 0.4509047 0.6942325 0.5274815 0.6887147 0.4694275 0.7290145 0.4610357 0.6887147 0.4694275 0.6611399 0.4954383 0.6611401 0.4648699 0.6872887 0.3144264 0.6604272 0.3873693 0.6604275 0.3144264 0.2335389 0.2216062 0.1468365 0.295233 0.1375803 0.2453485 0.151268 0.3887785 0.2573045 0.3474032 0.1375533 0.3189869 0.1375533 0.3189869 0.08575701 0.3918083 0.151268 0.3887785 0.1643742 0.4559512 0.2573045 0.3999384 0.151268 0.3887785 0.2178122 0.5773641 0.2335388 0.5518766 0.2335388 0.576455 0.1567891 0.590221 0.153979 0.5379772 0.184552 0.5518766 0.1685025 0.5367093 0.1725968 0.5897623 0.2134996 0.5661428 0.06077373 0.4119229 0.105279 0.4053329 0.06950205 0.4424699 0.1287617 0.464092 0.0561223 0.5269331 0.07788121 0.4678233 0.136725 0.588124 0.07515841 0.5327109 0.06301391 0.588124 0.153979 0.5379772 0.2335388 0.4740439 0.2335388 0.5395933 0.1643742 0.4559512 0.2573045 0.5152529 0.2573045 0.4504916 0.7404451 0.3845201 0.7110612 0.4546136 0.7109549 0.3845206 0.06950205 0.4424699 0.1287617 0.464092 0.07788121 0.4678233 0.6654317 0.1780794 0.623754 0.1426137 0.623754 0.1780794 0.7404443 0.4880313 0.7110612 0.4546136 0.7404444 0.4574629 0.6654317 0.1780794 0.6654317 0.1426137 0.623754 0.1426137 0.6226404 0.181718 0.6538164 0.1813987 0.6538164 0.1463069 0.7403386 0.3144271 0.7109549 0.3845206 0.7108485 0.3144279 0.7404451 0.3845201 0.7109549 0.3845206 0.7403386 0.3144271 0.6226404 0.2168098 0.6538164 0.1813987 0.6226404 0.181718 0.6226404 0.2168098 0.6538164 0.2164904 0.6538164 0.1813987 0.9512961 0.2770692 0.9210714 0.2462355 0.9155381 0.2759807 0.9568294 0.247324 0.9210714 0.2462355 0.9512961 0.2770692 0.9568294 0.247324 0.9266048 0.2164903 0.9210714 0.2462355 0.9577806 0.1463071 0.9329183 0.118535 0.9266048 0.1463071 0.9640941 0.118535 0.9329183 0.118535 0.9577806 0.1463071 0.9640941 0.118535 0.9392317 0.09076303 0.9329183 0.118535 0.7449064 0.6008705 0.717662 0.5795996 0.7199857 0.6008705 0.7425827 0.5795996 0.717662 0.5795996 0.7449064 0.6008705 0.7425827 0.5795996 0.7153381 0.5583288 0.717662 0.5795996 0.7425827 0.5575422 0.7142684 0.5408818 0.7153381 0.5583288 0.741513 0.5400953 0.7142684 0.5408818 0.7425827 0.5575422 0.741513 0.5400953 0.7131984 0.523435 0.7142684 0.5408818 0.7415131 0.5224421 0.7121302 0.4890239 0.7131984 0.523435 0.740445 0.4880309 0.7121302 0.4890239 0.7415131 0.5224421 0.740445 0.4880309 0.7110621 0.4546129 0.7121302 0.4890239 0.7109563 0.3845196 0.7403414 0.314426 0.7108513 0.3144264 0.7404466 0.3845192 0.7403414 0.314426 0.7109563 0.3845196 0.6762281 0.2964736 0.6258057 0.275167 0.6305743 0.2972851 0.6611407 0.4954384 0.6887156 0.4694277 0.661141 0.4648699 0.6604292 0.3873692 0.6872919 0.3144263 0.6604307 0.314426 0.9515099 0.3215266 0.9121793 0.2973846 0.9088204 0.3187886 0.9548686 0.3001226 0.9121793 0.2973846 0.9515099 0.3215266 0.2573045 0.5693415 0.2134996 0.5661428 0.2324416 0.5791148 0.2054192 0.588552 0.184552 0.5518766 0.2178122 0.5773641 0.2324416 0.5791148 0.1725968 0.5897623 0.2280281 0.5889765 0.2573045 0.5795902 0.2324416 0.5791148 0.2371924 0.5838626 0.2168749 0.5909894 0.2178122 0.5773641 0.2258729 0.5841029 0.2324416 0.5791148 0.2336058 0.5894457 0.2371924 0.5838626 0.2258729 0.5841029 0.2335388 0.576455 0.2335388 0.5840859 0.2573045 0.5897814 0.2371924 0.5838626 0.2573045 0.5897814 0.2168749 0.5909894 0.2338888 0.5899912 0.2338888 0.5899912 0.2371924 0.5838626 0.2573045 0.5897814 0.2573045 0.5897814 0.2338888 0.5899912 0.2335388 0.5840859 0.2338888 0.5899912 0.6671167 0.2743557 0.6610888 0.2135452 0.7286853 0.2118124 0.6671167 0.2743557 0.622425 0.2443023 0.6641026 0.2439504 0.9088204 0.3187886 0.8486236 0.2715502 0.7902105 0.3154169 0.1475009 0.1970244 0.04328626 0.1652495 0.06535625 0.2017569 0.4725438 0.1665828 0.3824561 0.1621574 0.3707504 0.1940479 0.1429183 0.1970244 0.08809417 0.1636238 0.1374845 0.1619982 0.04206526 0.1665828 0.1321529 0.1621574 0.08710908 0.1643701 0.6762281 0.2964736 0.6714596 0.2743557 0.6258057 0.275167 0.7425827 0.5795996 0.7425827 0.5575422 0.7153381 0.5583288 0.6621357 0.1145227 0.6261197 0.0864318 0.6294156 0.1145227 0.6621357 0.1145227 0.6588398 0.0864318 0.6261197 0.0864318 0.9548686 0.3001226 0.9155381 0.2759807 0.9121793 0.2973846 0.6235917 0.2473241 0.6538164 0.2164904 0.6226404 0.2168098 0.741513 0.5400953 0.7415131 0.5224421 0.7131984 0.523435 0.6888738 0.5832476 0.6624084 0.5611901 0.6600306 0.5788131 0.6163269 0.118535 0.6411892 0.09076303 0.6107295 0.09076303 0.6718851 0.2964736 0.6214627 0.275167 0.6671167 0.2743557 0.6262313 0.2972851 0.6214627 0.275167 0.6718851 0.2964736 0.6654317 0.2135452 0.6654317 0.1426137 0.6654317 0.1780794 0.6654317 0.2135452 0.623754 0.1780794 0.623754 0.2138971 0.6538164 0.2164904 0.6538164 0.1463069 0.6538164 0.1813987 0.6610888 0.2135452 0.6610888 0.1426136 0.7154406 0.1426136 0.6610888 0.2135452 0.6194111 0.1780794 0.6610888 0.1780794 0.6809966 0.3185916 0.6714596 0.2743557 0.6762281 0.2964736 0.6766536 0.3185916 0.6671167 0.2743557 0.7479083 0.2538788 0.1420671 0.1619982 0.2381213 0.1933529 0.2381213 0.1625582 0.2335388 0.1801816 0.1374845 0.1619982 0.2335388 0.1493869 0.9266048 0.2164903 0.8667156 0.1463071 0.8546285 0.2144997 0.6720286 0.6008705 0.7153381 0.5583288 0.6541956 0.5541452 0.6538164 0.1463069 0.6411892 0.09076303 0.6475028 0.118535 0.6610888 0.1426136 0.6544968 0.0864318 0.7154793 0.0864318 0.7153379 0.5583291 0.6720288 0.6008705 0.6541956 0.5541456 0.7358223 0.6008706 0.6912516 0.5656246 0.7338683 0.5635426 0.9266048 0.1463071 0.8806151 0.09076303 0.8667156 0.1463071 0.7110621 0.4546129 0.641109 0.3144279 0.6432343 0.4509032 0.6411068 0.3144303 0.7109549 0.3845206 0.7110612 0.4546136 0.7290145 0.4610357 0.6872887 0.3144264 0.726323 0.3144312 0.7137055 0.1463069 0.7257925 0.2144997 0.7257925 0.2144997 0.2384713 0.5899912 0.2384713 0.5899912 0.2384713 0.5899912 0.9577806 0.2168098 0.9568294 0.247324 0.9568294 0.247324 0.6624082 0.5611901 0.6600305 0.5788131 0.6600305 0.5788131 0.7286853 0.2118124 0.7154406 0.1426136 0.7154406 0.1426136 0.6255525 0.3001226 0.6289113 0.3215266 0.6255525 0.3001226 0.9696916 0.09076303 0.9640941 0.118535 0.9640941 0.118535 0.7404444 0.4574629 0.7404443 0.4880313 0.7404444 0.4574629 0.6465027 0.5174479 0.6541956 0.5541456 0.6541956 0.5541456 0.03856509 0.590221 0.0561223 0.5269331 0.03856509 0.590221 0.6258057 0.275167 0.6305743 0.2972851 0.6258057 0.275167 0.7338683 0.5635426 0.7328824 0.5244842 0.7328824 0.5244842 0.6214627 0.275167 0.622425 0.2443023 0.6214627 0.275167 0.07515841 0.5327109 0.1003683 0.4700475 0.1003683 0.4700475 0.9577806 0.1463071 0.9577806 0.1817181 0.9577806 0.1817181 0.623754 0.1426137 0.623754 0.1780794 0.623754 0.1426137 0.7425827 0.5575422 0.7425827 0.5795996 0.7425827 0.5795996 0.7522514 0.2701769 0.7720301 0.3192846 0.7720301 0.3192846 0.6624082 0.5435369 0.6638987 0.5244655 0.6624082 0.5435369 0.7479083 0.2538788 0.7676871 0.3029866 0.7479083 0.2538788 0.7290145 0.4610357 0.7328824 0.5244842 0.7290145 0.4610357 0.7403386 0.3144271 0.7404451 0.3845201 0.7403386 0.3144271 0.7403414 0.314426 0.7108513 0.3144264 0.7403414 0.314426 0.6226404 0.2168098 0.6226404 0.181718 0.6226404 0.181718 0.6226404 0.1463069 0.6163269 0.118535 0.6163269 0.118535 0.6611399 0.4954383 0.6611401 0.4648699 0.6611399 0.4954383 0.6194111 0.2138972 0.6194111 0.1780794 0.6194111 0.2138972 0.6604272 0.3873693 0.6604275 0.3144264 0.6604272 0.3873693 0.629125 0.2770692 0.6255525 0.3001226 0.629125 0.2770692 0.4943632 0.4104556 0.4151918 0.4328092 0.4151918 0.4328092 0.07788121 0.4678233 0.0561223 0.5269331 0.0561223 0.5269331 0.9568294 0.247324 0.9512961 0.2770692 0.9512961 0.2770692 0.8546285 0.2144997 0.8486236 0.2715502 0.8546285 0.2144997 0.06301391 0.588124 0.07515841 0.5327109 0.07515841 0.5327109 0.6298449 0.3206032 0.6262313 0.2972851 0.6298449 0.3206032 0.07788121 0.4678233 0.06950205 0.4424699 0.07788121 0.4678233 0.6194111 0.2138972 0.622425 0.2443023 0.622425 0.2443023 0.9577806 0.1463071 0.9640941 0.118535 0.9577806 0.1463071 0.8667156 0.1463071 0.8806151 0.09076303 0.8806151 0.09076303 0.9577806 0.2168098 0.9577806 0.1817181 0.9577806 0.2168098 0.04314744 0.590221 0.06070476 0.5269331 0.06070476 0.5269331 0.6341878 0.3206032 0.6305743 0.2972851 0.6305743 0.2972851 0.623754 0.2138971 0.623754 0.1780794 0.623754 0.1780794 0.7425827 0.5795996 0.7449064 0.6008705 0.7449064 0.6008705 0.6294156 0.1145227 0.6261197 0.0864318 0.6261197 0.0864318 0.7425824 0.5795997 0.7449065 0.6008705 0.7425824 0.5795997 0.7154793 0.0864318 0.7154406 0.1426136 0.7154793 0.0864318 0.4151918 0.4328092 0.4142409 0.4700475 0.4142409 0.4700475 0.7198225 0.0864318 0.7197836 0.1426137 0.7197836 0.1426137 0.623754 0.1426137 0.6294156 0.1145227 0.6294156 0.1145227 0.6194111 0.1426136 0.6250727 0.1145227 0.6194111 0.1426136 0.7415131 0.5224421 0.741513 0.5400953 0.741513 0.5400953 0.6465027 0.5174471 0.6541956 0.5541452 0.6465027 0.5174471 0.7137055 0.1463069 0.6998059 0.09076303 0.7137055 0.1463069 0.08246386 0.4678233 0.06070476 0.5269331 0.08246386 0.4678233 0.7425827 0.5575422 0.741513 0.5400953 0.7425827 0.5575422 0.6624084 0.5611901 0.6600306 0.5788131 0.6624084 0.5611901 0.6432343 0.4509032 0.6465027 0.5174471 0.6432343 0.4509032 0.7358223 0.6008706 0.7338684 0.563543 0.7358223 0.6008706 0.6600305 0.6008705 0.6600306 0.5788131 0.6600306 0.5788131 0.2384713 0.5899912 0.2384713 0.5899912 0.2384713 0.5899912 0.4515952 0.588124 0.4394506 0.5327109 0.4515952 0.588124 0.09267669 0.1636238 0.04328626 0.1652495 0.09267669 0.1636238 0.7404454 0.4574624 0.740445 0.4880309 0.740445 0.4880309 0.740445 0.4880309 0.7415131 0.5224421 0.7415131 0.5224421 0.6226404 0.1463069 0.6226404 0.181718 0.6226404 0.1463069 0.06077373 0.4119229 0.06950205 0.4424699 0.06950205 0.4424699 0.2573045 0.5897814 0.2573045 0.5897814 0.2573045 0.5897814 0.2573045 0.5897814 0.2573045 0.5897814 0.2573045 0.5897814 0.6624084 0.5611901 0.6624085 0.5435369 0.6624085 0.5435369 0.06535625 0.4119229 0.07408475 0.4424699 0.06535625 0.4119229 0.6194111 0.1426136 0.6194111 0.1780794 0.6194111 0.1780794 0.2338888 0.5899912 0.2338888 0.5899912 0.2338888 0.5899912 0.0202459 0.4104556 0.09941732 0.4328092 0.0202459 0.4104556 0.7425824 0.5575423 0.7415125 0.5400955 0.7415125 0.5400955 0.7286853 0.2118124 0.7479083 0.2538788 0.7286853 0.2118124 0.08710908 0.1643701 0.04206526 0.1665828 0.08710908 0.1643701 0.2573045 0.5897814 0.2573045 0.5897814 0.2573045 0.5897814 0.7403414 0.314426 0.7404466 0.3845192 0.7404466 0.3845192 0.7403386 0.3144271 0.7108485 0.3144279 0.7108485 0.3144279 0.6432337 0.4509047 0.6465027 0.5174479 0.6465027 0.5174479 0.2338888 0.5899912 0.2338888 0.5899912 0.2338888 0.5899912 0.6611407 0.4954384 0.661141 0.4648699 0.661141 0.4648699 0.6600305 0.6008705 0.6600305 0.5788131 0.6600305 0.6008705 0.08246386 0.4678233 0.07408475 0.4424699 0.07408475 0.4424699 0.7338684 0.563543 0.7328827 0.5244845 0.7338684 0.563543 0.6604292 0.3873692 0.6604307 0.314426 0.6604307 0.314426 0.6624085 0.5435369 0.6638988 0.5244655 0.6638988 0.5244655 0.7330283 0.2118124 0.7522514 0.2701769 0.7522514 0.2701769 0.6235917 0.2473241 0.629125 0.2770692 0.6235917 0.2473241 0.623754 0.2138971 0.626768 0.2443023 0.623754 0.2138971 0.7404443 0.4880313 0.7415125 0.5224422 0.7404443 0.4880313 0.641109 0.3144279 0.7108513 0.3144264 0.7108513 0.3144264 0.9548686 0.3001226 0.9515099 0.3215266 0.9515099 0.3215266 0.4394506 0.5327109 0.4142409 0.4700475 0.4394506 0.5327109 0.4275001 0.1643701 0.4725438 0.1665828 0.4725438 0.1665828 0.7404454 0.4574624 0.7404466 0.3845192 0.7404454 0.4574624 0.09941732 0.4328092 0.1003683 0.4700475 0.09941732 0.4328092 0.6258057 0.275167 0.626768 0.2443023 0.626768 0.2443023 0.6604307 0.314426 0.6872919 0.3144263 0.6872919 0.3144263 0.6411068 0.3144303 0.6432337 0.4509047 0.6432337 0.4509047 0.6226404 0.2168098 0.6235917 0.2473241 0.6226404 0.2168098 0.7257925 0.2144997 0.7317975 0.2715502 0.7317975 0.2715502 0.08809417 0.1636238 0.03870379 0.1652495 0.03870379 0.1652495 0.6638988 0.5244655 0.6611407 0.4954384 0.6611407 0.4954384 0.7290158 0.4610363 0.7328827 0.5244845 0.7328827 0.5244845 0.7317975 0.2715502 0.7902105 0.3154169 0.7902105 0.3154169 0.6107295 0.09076303 0.6163269 0.118535 0.6107295 0.09076303 0.6624082 0.5611901 0.6624082 0.5435369 0.6624082 0.5611901 0.6411068 0.3144303 0.7108485 0.3144279 0.6411068 0.3144303 0.8667156 0.1463071 0.8546285 0.2144997 0.8667156 0.1463071 0.7263259 0.3144316 0.7290158 0.4610363 0.7290158 0.4610363 0.7404444 0.4574629 0.7404451 0.3845201 0.7404451 0.3845201 0.6604292 0.3873692 0.661141 0.4648699 0.6604292 0.3873692 0.726323 0.3144312 0.6872887 0.3144264 0.6872887 0.3144264 0.6541956 0.5541452 0.6720286 0.6008705 0.6541956 0.5541452 0.6214627 0.275167 0.6262313 0.2972851 0.6262313 0.2972851 0.7330283 0.2118124 0.7197836 0.1426137 0.7330283 0.2118124 0.6638987 0.5244655 0.6611399 0.4954383 0.6638987 0.5244655 0.726323 0.3144312 0.7290145 0.4610357 0.726323 0.3144312 0.6541956 0.5541456 0.6720288 0.6008705 0.6720288 0.6008705 0.7425824 0.5575423 0.7425824 0.5795997 0.7425824 0.5575423 0.7263259 0.3144316 0.6872919 0.3144263 0.7263259 0.3144316 0.9512961 0.2770692 0.9548686 0.3001226 0.9548686 0.3001226 0.7358223 0.6008706 0.7338683 0.5635426 0.7338683 0.5635426 0.641109 0.3144279 0.6432343 0.4509032 0.641109 0.3144279 0.6604272 0.3873693 0.6611401 0.4648699 0.6611401 0.4648699 0.6250727 0.1145227 0.6217768 0.0864318 0.6250727 0.1145227 0.6604275 0.3144264 0.6872887 0.3144264 0.6604275 0.3144264 0.7415125 0.5224422 0.7415125 0.5400955 0.7415125 0.5224422 0.2573045 0.5897814 0.2573045 0.5897814 0.2573045 0.5897814 0.8486236 0.2715502 0.7902105 0.3154169 0.8486236 0.2715502 0.7153381 0.5583288 0.6465027 0.5174471 0.7131984 0.523435 0.7110621 0.4546129 0.7121302 0.4890239 0.7131984 0.523435 0.7110612 0.4546136 0.6465027 0.5174479 0.7131981 0.5234355 0.9088204 0.3187886 0.8486236 0.2715502 0.9155381 0.2759807 0.1475009 0.1970244 0.04328626 0.1652495 0.09267669 0.1636238 0.9266048 0.2164903 0.8667156 0.1463071 0.9266048 0.1463071 0.7153381 0.5583288 0.717662 0.5795996 0.7199857 0.6008705 0.7153379 0.5583291 0.6720288 0.6008705 0.7199857 0.6008705 0.6912516 0.5656246 0.6888737 0.5832476 0.6864961 0.6008706 0.9266048 0.1463071 0.8806151 0.09076303 0.9392317 0.09076303 0.641109 0.3144279 0.7108513 0.3144264 0.7109563 0.3845196 0.7290145 0.4610357 0.6872887 0.3144264 0.6880018 0.391927 0.9266048 0.2164903 0.9210714 0.2462355 0.9155381 0.2759807 0.6654317 0.1426137 0.6621357 0.1145227 0.6588398 0.0864318 0.6864961 0.6008706 0.6888738 0.5832476 0.6912518 0.5656247 0.6912518 0.5656247 0.6927423 0.5465532 0.694233 0.5274817 0.694233 0.5274817 0.6914743 0.4984546 0.6887156 0.4694277 0.7290158 0.4610363 0.6887156 0.4694277 0.688004 0.391927 0.6714596 0.2743557 0.6684455 0.2439504 0.6654317 0.2135452 0.6716006 0.3187886 0.6682417 0.2973846 0.664883 0.2759807 0.664883 0.2759807 0.6593497 0.2462356 0.6538164 0.2164904 0.7153379 0.5583291 0.7142681 0.5408823 0.7131981 0.5234355 0.6942325 0.5274815 0.6927418 0.5465531 0.6912516 0.5656246 0.6887147 0.4694275 0.6914735 0.4984543 0.6942325 0.5274815 0.6610888 0.2135452 0.6641026 0.2439504 0.6671167 0.2743557 0.3707504 0.1940479 0.3824561 0.1621574 0.4275001 0.1643701 0.1429183 0.1970244 0.1374845 0.1619982 0.08809417 0.1636238 0.08710908 0.1643701 0.1321529 0.1621574 0.1438588 0.1940479 0.6654317 0.2135452 0.6654317 0.1780794 0.6654317 0.1426137 0.6538164 0.2164904 0.6538164 0.1813987 0.6538164 0.1463069 0.6610888 0.1426136 0.6610888 0.1780794 0.6610888 0.2135452 0.6809966 0.3185916 0.6762281 0.2964736 0.6714596 0.2743557 0.6671167 0.2743557 0.6718851 0.2964736 0.6766536 0.3185916 0.6538164 0.1463069 0.6475028 0.118535 0.6411892 0.09076303 0.6544968 0.0864318 0.6577928 0.1145227 0.6610888 0.1426136 0.7109549 0.3845206 0.7108485 0.3144279 0.6411068 0.3144303 0.7153381 0.5583288 0.7142684 0.5408818 0.7131984 0.523435 0.7131984 0.523435 0.7121302 0.4890239 0.7110621 0.4546129 0.7110612 0.4546136 0.7121295 0.4890246 0.7131981 0.5234355 0.9088204 0.3187886 0.9121793 0.2973846 0.9155381 0.2759807 0.1475009 0.1970244 0.1420671 0.1619982 0.09267669 0.1636238 0.9266048 0.2164903 0.9266048 0.1813987 0.9266048 0.1463071 0.7199857 0.6008705 0.717662 0.5795996 0.7153381 0.5583288 0.7153379 0.5583291 0.717662 0.5795997 0.7199857 0.6008705 0.6864961 0.6008706 0.6888737 0.5832476 0.6912516 0.5656246 0.9266048 0.1463071 0.9329183 0.118535 0.9392317 0.09076303 0.7109563 0.3845196 0.7108513 0.3144264 0.641109 0.3144279 0.7290145 0.4610357 0.6887147 0.4694275 0.6880018 0.391927 0.9155381 0.2759807 0.9210714 0.2462355 0.9266048 0.2164903 0.6654317 0.1426137 0.7198225 0.0864318 0.6588398 0.0864318 0.6912518 0.5656247 0.6888738 0.5832476 0.6864961 0.6008706 0.6912518 0.5656247 0.7328827 0.5244845 0.694233 0.5274817 0.694233 0.5274817 0.7290158 0.4610363 0.6887156 0.4694277 0.7290158 0.4610363 0.6872919 0.3144263 0.688004 0.391927 0.6714596 0.2743557 0.7330283 0.2118124 0.6654317 0.2135452 0.6716006 0.3187886 0.7317975 0.2715502 0.664883 0.2759807 0.664883 0.2759807 0.7257925 0.2144997 0.6538164 0.2164904 0.7153379 0.5583291 0.6465027 0.5174479 0.7131981 0.5234355 0.6912516 0.5656246 0.6927418 0.5465531 0.6942325 0.5274815 0.6942325 0.5274815 0.6914735 0.4984543 0.6887147 0.4694275 0.6671167 0.2743557 0.6641026 0.2439504 0.6610888 0.2135452 0.4725438 0.1665828 0.4275001 0.1643701 0.3824561 0.1621574 0.1429183 0.1970244 0.03870379 0.1652495 0.08809417 0.1636238 0.04206526 0.1665828 0.1438588 0.1940479 0.1321529 0.1621574 0.6654317 0.2135452 0.7197836 0.1426137 0.6654317 0.1426137 0.6538164 0.2164904 0.7137055 0.1463069 0.6538164 0.1463069 0.6610888 0.2135452 0.6610888 0.1780794 0.6610888 0.1426136 0.6809966 0.3185916 0.7522514 0.2701769 0.6714596 0.2743557 0.6766536 0.3185916 0.6718851 0.2964736 0.6671167 0.2743557 0.6538164 0.1463069 0.6998059 0.09076303 0.6411892 0.09076303 0.6610888 0.1426136 0.6577928 0.1145227 0.6544968 0.0864318 0.6411068 0.3144303 0.7108485 0.3144279 0.7109549 0.3845206 0.7137055 0.1463069 0.7137055 0.1463069 0.7257925 0.2144997 0.2384713 0.5899912 0.2384713 0.5899912 0.2384713 0.5899912 0.9577806 0.2168098 0.9577806 0.2168098 0.9568294 0.247324 0.6624082 0.5611901 0.6624082 0.5611901 0.6600305 0.5788131 0.7286853 0.2118124 0.7286853 0.2118124 0.7154406 0.1426136 0.6255525 0.3001226 0.6289113 0.3215266 0.6289113 0.3215266 0.9696916 0.09076303 0.9696916 0.09076303 0.9640941 0.118535 0.7404444 0.4574629 0.7404443 0.4880313 0.7404443 0.4880313 0.6465027 0.5174479 0.6465027 0.5174479 0.6541956 0.5541456 0.03856509 0.590221 0.0561223 0.5269331 0.0561223 0.5269331 0.6258057 0.275167 0.6305743 0.2972851 0.6305743 0.2972851 0.7338683 0.5635426 0.7338683 0.5635426 0.7328824 0.5244842 0.6214627 0.275167 0.622425 0.2443023 0.622425 0.2443023 0.07515841 0.5327109 0.07515841 0.5327109 0.1003683 0.4700475 0.9577806 0.1463071 0.9577806 0.1463071 0.9577806 0.1817181 0.623754 0.1426137 0.623754 0.1780794 0.623754 0.1780794 0.7425827 0.5575422 0.7425827 0.5575422 0.7425827 0.5795996 0.7522514 0.2701769 0.7522514 0.2701769 0.7720301 0.3192846 0.6624082 0.5435369 0.6638987 0.5244655 0.6638987 0.5244655 0.7479083 0.2538788 0.7676871 0.3029866 0.7676871 0.3029866 0.7290145 0.4610357 0.7328824 0.5244842 0.7328824 0.5244842 0.7403386 0.3144271 0.7404451 0.3845201 0.7404451 0.3845201 0.7403414 0.314426 0.7108513 0.3144264 0.7108513 0.3144264 0.6226404 0.2168098 0.6226404 0.2168098 0.6226404 0.181718 0.6226404 0.1463069 0.6226404 0.1463069 0.6163269 0.118535 0.6611399 0.4954383 0.6611401 0.4648699 0.6611401 0.4648699 0.6194111 0.2138972 0.6194111 0.1780794 0.6194111 0.1780794 0.6604272 0.3873693 0.6604275 0.3144264 0.6604275 0.3144264 0.629125 0.2770692 0.6255525 0.3001226 0.6255525 0.3001226 0.4943632 0.4104556 0.4943632 0.4104556 0.4151918 0.4328092 0.07788121 0.4678233 0.07788121 0.4678233 0.0561223 0.5269331 0.9568294 0.247324 0.9568294 0.247324 0.9512961 0.2770692 0.8546285 0.2144997 0.8486236 0.2715502 0.8486236 0.2715502 0.06301391 0.588124 0.06301391 0.588124 0.07515841 0.5327109 0.6298449 0.3206032 0.6262313 0.2972851 0.6262313 0.2972851 0.07788121 0.4678233 0.06950205 0.4424699 0.06950205 0.4424699 0.6194111 0.2138972 0.6194111 0.2138972 0.622425 0.2443023 0.9577806 0.1463071 0.9640941 0.118535 0.9640941 0.118535 0.8667156 0.1463071 0.8667156 0.1463071 0.8806151 0.09076303 0.9577806 0.2168098 0.9577806 0.1817181 0.9577806 0.1817181 0.04314744 0.590221 0.04314744 0.590221 0.06070476 0.5269331 0.6341878 0.3206032 0.6341878 0.3206032 0.6305743 0.2972851 0.623754 0.2138971 0.623754 0.2138971 0.623754 0.1780794 0.7425827 0.5795996 0.7425827 0.5795996 0.7449064 0.6008705 0.6294156 0.1145227 0.6294156 0.1145227 0.6261197 0.0864318 0.7425824 0.5795997 0.7449065 0.6008705 0.7449065 0.6008705 0.7154793 0.0864318 0.7154406 0.1426136 0.7154406 0.1426136 0.4151918 0.4328092 0.4151918 0.4328092 0.4142409 0.4700475 0.7198225 0.0864318 0.7198225 0.0864318 0.7197836 0.1426137 0.623754 0.1426137 0.623754 0.1426137 0.6294156 0.1145227 0.6194111 0.1426136 0.6250727 0.1145227 0.6250727 0.1145227 0.7415131 0.5224421 0.7415131 0.5224421 0.741513 0.5400953 0.6465027 0.5174471 0.6541956 0.5541452 0.6541956 0.5541452 0.7137055 0.1463069 0.6998059 0.09076303 0.6998059 0.09076303 0.08246386 0.4678233 0.06070476 0.5269331 0.06070476 0.5269331 0.7425827 0.5575422 0.741513 0.5400953 0.741513 0.5400953 0.6624084 0.5611901 0.6600306 0.5788131 0.6600306 0.5788131 0.6432343 0.4509032 0.6465027 0.5174471 0.6465027 0.5174471 0.7358223 0.6008706 0.7338684 0.563543 0.7338684 0.563543 0.6600305 0.6008705 0.6600305 0.6008705 0.6600306 0.5788131 0.2384713 0.5899912 0.2384713 0.5899912 0.2384713 0.5899912 0.4515952 0.588124 0.4394506 0.5327109 0.4394506 0.5327109 0.09267669 0.1636238 0.04328626 0.1652495 0.04328626 0.1652495 0.7404454 0.4574624 0.7404454 0.4574624 0.740445 0.4880309 0.740445 0.4880309 0.740445 0.4880309 0.7415131 0.5224421 0.6226404 0.1463069 0.6226404 0.181718 0.6226404 0.181718 0.06077373 0.4119229 0.06077373 0.4119229 0.06950205 0.4424699 0.2573045 0.5897814 0.2573045 0.5897814 0.2573045 0.5897814 0.2573045 0.5897814 0.2573045 0.5897814 0.2573045 0.5897814 0.6624084 0.5611901 0.6624084 0.5611901 0.6624085 0.5435369 0.06535625 0.4119229 0.07408475 0.4424699 0.07408475 0.4424699 0.6194111 0.1426136 0.6194111 0.1426136 0.6194111 0.1780794 0.2338888 0.5899912 0.2338888 0.5899912 0.2338888 0.5899912 0.0202459 0.4104556 0.09941732 0.4328092 0.09941732 0.4328092 0.7425824 0.5575423 0.7425824 0.5575423 0.7415125 0.5400955 0.7286853 0.2118124 0.7479083 0.2538788 0.7479083 0.2538788 0.08710908 0.1643701 0.04206526 0.1665828 0.04206526 0.1665828 0.2573045 0.5897814 0.2573045 0.5897814 0.2573045 0.5897814 0.7403414 0.314426 0.7403414 0.314426 0.7404466 0.3845192 0.7403386 0.3144271 0.7403386 0.3144271 0.7108485 0.3144279 0.6432337 0.4509047 0.6432337 0.4509047 0.6465027 0.5174479 0.2338888 0.5899912 0.2338888 0.5899912 0.2338888 0.5899912 0.6611407 0.4954384 0.6611407 0.4954384 0.661141 0.4648699 0.6600305 0.6008705 0.6600305 0.5788131 0.6600305 0.5788131 0.08246386 0.4678233 0.08246386 0.4678233 0.07408475 0.4424699 0.7338684 0.563543 0.7328827 0.5244845 0.7328827 0.5244845 0.6604292 0.3873692 0.6604292 0.3873692 0.6604307 0.314426 0.6624085 0.5435369 0.6624085 0.5435369 0.6638988 0.5244655 0.7330283 0.2118124 0.7330283 0.2118124 0.7522514 0.2701769 0.6235917 0.2473241 0.629125 0.2770692 0.629125 0.2770692 0.623754 0.2138971 0.626768 0.2443023 0.626768 0.2443023 0.7404443 0.4880313 0.7415125 0.5224422 0.7415125 0.5224422 0.641109 0.3144279 0.641109 0.3144279 0.7108513 0.3144264 0.9548686 0.3001226 0.9548686 0.3001226 0.9515099 0.3215266 0.4394506 0.5327109 0.4142409 0.4700475 0.4142409 0.4700475 0.4275001 0.1643701 0.4275001 0.1643701 0.4725438 0.1665828 0.7404454 0.4574624 0.7404466 0.3845192 0.7404466 0.3845192 0.09941732 0.4328092 0.1003683 0.4700475 0.1003683 0.4700475 0.6258057 0.275167 0.6258057 0.275167 0.626768 0.2443023 0.6604307 0.314426 0.6604307 0.314426 0.6872919 0.3144263 0.6411068 0.3144303 0.6411068 0.3144303 0.6432337 0.4509047 0.6226404 0.2168098 0.6235917 0.2473241 0.6235917 0.2473241 0.7257925 0.2144997 0.7257925 0.2144997 0.7317975 0.2715502 0.08809417 0.1636238 0.08809417 0.1636238 0.03870379 0.1652495 0.6638988 0.5244655 0.6638988 0.5244655 0.6611407 0.4954384 0.7290158 0.4610363 0.7290158 0.4610363 0.7328827 0.5244845 0.7317975 0.2715502 0.7317975 0.2715502 0.7902105 0.3154169 0.6107295 0.09076303 0.6163269 0.118535 0.6163269 0.118535 0.6624082 0.5611901 0.6624082 0.5435369 0.6624082 0.5435369 0.6411068 0.3144303 0.7108485 0.3144279 0.7108485 0.3144279 0.8667156 0.1463071 0.8546285 0.2144997 0.8546285 0.2144997 0.7263259 0.3144316 0.7263259 0.3144316 0.7290158 0.4610363 0.7404444 0.4574629 0.7404444 0.4574629 0.7404451 0.3845201 0.6604292 0.3873692 0.661141 0.4648699 0.661141 0.4648699 0.726323 0.3144312 0.726323 0.3144312 0.6872887 0.3144264 0.6541956 0.5541452 0.6720286 0.6008705 0.6720286 0.6008705 0.6214627 0.275167 0.6214627 0.275167 0.6262313 0.2972851 0.7330283 0.2118124 0.7197836 0.1426137 0.7197836 0.1426137 0.6638987 0.5244655 0.6611399 0.4954383 0.6611399 0.4954383 0.726323 0.3144312 0.7290145 0.4610357 0.7290145 0.4610357 0.6541956 0.5541456 0.6541956 0.5541456 0.6720288 0.6008705 0.7425824 0.5575423 0.7425824 0.5795997 0.7425824 0.5795997 0.7263259 0.3144316 0.6872919 0.3144263 0.6872919 0.3144263 0.9512961 0.2770692 0.9512961 0.2770692 0.9548686 0.3001226 0.7358223 0.6008706 0.7358223 0.6008706 0.7338683 0.5635426 0.641109 0.3144279 0.6432343 0.4509032 0.6432343 0.4509032 0.6604272 0.3873693 0.6604272 0.3873693 0.6611401 0.4648699 0.6250727 0.1145227 0.6217768 0.0864318 0.6217768 0.0864318 0.6604275 0.3144264 0.6872887 0.3144264 0.6872887 0.3144264 0.7415125 0.5224422 0.7415125 0.5400955 0.7415125 0.5400955 0.2573045 0.5897814 0.2573045 0.5897814 0.2573045 0.5897814 0.8486236 0.2715502 0.7902105 0.3154169 0.7902105 0.3154169</float_array>
          <technique_common>
            <accessor source="#Cube_023-mesh-map-0-array" count="3240" stride="2">
              <param name="S" type="float"/>
              <param name="T" type="float"/>
            </accessor>
          </technique_common>
        </source>
        <vertices id="Cube_023-mesh-vertices">
          <input semantic="POSITION" source="#Cube_023-mesh-positions"/>
        </vertices>
        <triangles material="Skin-material" count="1080">
          <input semantic="VERTEX" source="#Cube_023-mesh-vertices" offset="0"/>
          <input semantic="NORMAL" source="#Cube_023-mesh-normals" offset="1"/>
          <input semantic="TEXCOORD" source="#Cube_023-mesh-map-0" offset="2" set="0"/>
          <p>185 0 0 0 1 1 182 2 2 11 3 3 1 4 4 10 5 5 5 6 6 184 7 7 1 4 8 47 8 9 187 9 10 196 10 11 187 9 12 36 11 13 191 12 14 35 13 15 5 6 16 11 3 17 37 14 18 186 15 19 5 6 20 181 16 21 38 17 22 2 18 23 9 19 24 41 20 25 2 18 26 183 21 27 39 22 28 194 23 29 4 24 30 10 5 31 0 1 32 36 11 33 11 3 34 4 24 35 12 25 36 36 11 37 6 26 38 12 25 39 46 27 40 44 28 41 16 29 42 73 30 43 8 31 44 207 32 45 55 33 46 56 34 47 245 35 48 19 36 49 244 37 50 245 35 51 54 38 52 259 39 53 19 36 54 20 40 55 22 41 56 17 42 57 131 43 58 132 44 59 21 45 60 25 46 61 265 47 62 20 40 63 26 48 64 22 41 65 20 40 66 263 49 67 264 50 68 29 51 69 261 52 70 134 53 71 29 51 72 25 46 73 27 54 74 24 55 75 30 56 76 26 48 77 30 56 78 32 57 79 34 58 80 36 11 81 185 0 82 191 12 83 7 59 84 192 60 85 37 14 86 266 61 87 37 14 88 35 13 89 48 62 90 188 63 91 7 59 92 193 64 93 62 65 94 38 17 95 2 18 96 40 66 97 9 19 98 3 67 99 40 66 100 39 22 101 138 68 102 57 69 103 218 70 104 6 26 105 46 27 106 12 25 107 7 59 108 44 28 109 50 71 110 47 8 111 41 20 112 49 72 113 9 19 114 42 73 115 45 74 116 2 18 117 196 10 118 181 16 119 183 21 120 48 62 121 3 67 122 48 62 123 50 71 124 42 73 125 47 8 126 43 75 127 6 26 128 138 68 129 218 70 130 243 76 131 141 77 132 60 78 133 220 79 134 39 22 135 198 80 136 194 23 137 38 17 138 64 81 139 40 66 140 40 66 141 63 82 142 39 22 143 63 82 144 200 83 145 198 80 146 62 65 147 67 84 148 64 81 149 63 82 150 67 84 151 66 85 152 197 86 153 65 87 154 62 65 155 66 85 156 202 88 157 200 83 158 67 84 159 68 89 160 70 90 161 66 85 162 70 90 163 69 91 164 199 92 165 68 89 166 65 87 167 71 93 168 15 94 169 72 95 170 71 93 171 238 96 172 239 97 173 211 98 174 82 99 175 190 100 176 185 0 177 74 101 178 78 102 179 85 103 180 75 104 181 79 105 182 79 105 183 184 7 184 186 15 185 119 106 186 187 9 187 80 107 188 187 9 189 108 108 190 80 107 191 107 109 192 79 105 193 109 110 194 109 110 195 186 15 196 192 60 197 110 111 198 181 16 199 76 112 200 113 113 201 83 114 202 76 112 203 183 21 204 111 115 205 77 116 206 184 7 207 190 100 208 208 117 209 78 102 210 84 118 211 85 103 212 108 108 213 85 103 214 107 109 215 108 108 216 86 119 217 80 107 218 116 120 219 118 121 220 86 119 221 75 104 222 190 100 223 184 7 224 205 122 225 90 123 226 82 99 227 210 124 228 229 125 229 230 126 230 249 127 231 171 128 232 225 129 233 91 130 234 166 131 235 167 132 236 94 133 237 100 134 238 96 135 239 99 136 240 93 137 241 95 138 242 93 137 243 161 139 244 162 140 245 102 141 246 98 142 247 163 143 248 103 144 249 97 145 250 99 136 251 101 146 252 152 147 253 153 148 254 105 149 255 149 150 256 150 151 257 185 0 258 108 108 259 191 12 260 81 152 261 192 60 262 188 63 263 109 110 264 267 153 265 107 109 266 120 154 267 188 63 268 195 155 269 172 156 270 193 64 271 110 111 272 112 157 273 76 112 274 83 114 275 77 116 276 112 157 277 83 114 278 132 44 279 128 158 280 20 40 281 118 121 282 80 107 283 86 119 284 122 159 285 116 120 286 81 152 287 119 106 288 113 113 289 76 112 290 83 114 291 114 160 292 77 116 293 76 112 294 196 10 295 119 106 296 120 154 297 183 21 298 77 116 299 227 161 300 170 162 301 94 133 302 114 160 303 122 159 304 120 154 305 115 163 306 119 106 307 80 107 308 136 164 309 29 51 310 134 53 311 157 165 312 91 130 313 167 132 314 171 128 315 157 165 316 167 132 317 264 50 318 263 49 319 262 166 320 264 50 321 262 166 322 24 55 323 156 167 324 97 145 325 151 168 326 169 169 327 165 170 328 98 142 329 161 139 330 156 167 331 151 168 332 126 171 333 28 172 334 125 173 335 262 166 336 126 171 337 125 173 338 262 166 339 125 173 340 24 55 341 123 174 342 32 57 343 242 175 344 124 176 345 123 174 346 242 175 347 124 176 348 242 175 349 28 172 350 241 177 351 73 30 352 240 178 353 239 97 354 238 96 355 237 179 356 239 97 357 237 179 358 13 180 359 235 181 360 88 182 361 234 183 362 236 184 363 235 181 364 234 183 365 236 184 366 234 183 367 205 122 368 232 185 369 92 186 370 231 187 371 233 188 372 232 185 373 231 187 374 233 188 375 231 187 376 247 189 377 227 161 378 94 133 379 226 190 380 228 191 381 227 161 382 226 190 383 228 191 384 226 190 385 92 186 386 169 169 387 98 142 388 168 192 389 170 162 390 169 169 391 168 192 392 170 162 393 168 192 394 94 133 395 164 193 396 102 141 397 163 143 398 165 170 399 164 193 400 163 143 401 165 170 402 163 143 403 98 142 404 198 80 405 111 115 406 194 23 407 174 194 408 110 111 409 112 157 410 173 195 411 112 157 412 111 115 413 200 83 414 173 195 415 198 80 416 177 196 417 172 156 418 174 194 419 173 195 420 177 196 421 174 194 422 175 197 423 197 86 424 172 156 425 202 88 426 176 198 427 200 83 428 177 196 429 178 199 430 175 197 431 176 198 432 180 200 433 177 196 434 178 199 435 199 92 436 175 197 437 89 201 438 203 202 439 204 203 440 203 202 441 141 77 442 142 204 443 208 117 444 73 30 445 140 205 446 0 1 447 139 206 448 207 32 449 1 4 450 206 207 451 10 5 452 74 101 453 209 208 454 84 118 455 209 208 456 75 104 457 84 118 458 155 209 459 102 141 460 154 210 461 153 148 462 152 147 463 151 168 464 153 148 465 151 168 466 97 145 467 150 151 468 149 150 469 148 211 470 150 151 471 148 211 472 101 146 473 144 212 474 205 122 475 143 213 476 145 214 477 144 212 478 143 213 479 145 214 480 143 213 481 211 98 482 13 180 483 244 37 484 15 94 485 13 180 486 127 215 487 130 216 488 88 182 489 246 217 490 90 123 491 248 218 492 87 219 493 89 201 494 87 219 495 219 220 496 220 79 497 207 32 498 72 95 499 189 221 500 204 203 501 210 124 502 189 221 503 207 32 504 182 2 505 0 1 506 182 2 507 210 124 508 74 101 509 14 222 510 243 76 511 218 70 512 21 45 513 18 223 514 253 224 515 247 189 516 251 225 517 246 217 518 252 226 519 249 127 520 248 218 521 94 133 522 92 186 523 226 190 524 93 137 525 91 130 526 252 226 527 243 76 528 18 223 529 215 227 530 256 228 531 214 229 532 29 51 533 102 141 534 254 230 535 104 231 536 103 144 537 150 151 538 101 146 539 81 152 540 116 120 541 267 153 542 86 119 543 107 109 544 267 153 545 7 59 546 266 61 547 44 28 548 12 25 549 266 61 550 35 13 551 219 220 552 59 232 553 225 129 554 138 68 555 243 76 556 135 233 557 216 234 558 93 137 559 162 140 560 166 131 561 216 234 562 162 140 563 266 61 564 12 25 565 44 28 566 267 153 567 116 120 568 86 119 569 1 4 570 184 7 571 208 117 572 77 116 573 114 160 574 120 154 575 3 67 576 48 62 577 42 73 578 120 154 579 122 159 580 81 152 581 48 62 582 7 59 583 50 71 584 185 0 585 4 24 586 0 1 587 11 3 588 5 6 589 1 4 590 5 6 591 186 15 592 184 7 593 47 8 594 6 26 595 187 9 596 187 9 597 6 26 598 36 11 599 35 13 600 37 14 601 5 6 602 37 14 603 192 60 604 186 15 605 181 16 606 193 64 607 38 17 608 9 19 609 45 74 610 41 20 611 183 21 612 3 67 613 39 22 614 4 24 615 11 3 616 10 5 617 36 11 618 35 13 619 11 3 620 12 25 621 35 13 622 36 11 623 14 222 624 73 30 625 16 29 626 207 32 627 139 206 628 55 33 629 245 35 630 17 42 631 19 36 632 245 35 633 224 235 634 54 38 635 17 42 636 20 40 637 19 36 638 17 42 639 53 236 640 131 43 641 21 45 642 23 237 643 27 54 644 20 40 645 24 55 646 26 48 647 20 40 648 128 158 649 263 49 650 29 51 651 214 229 652 261 52 653 27 54 654 31 238 655 29 51 656 24 55 657 28 172 658 30 56 659 30 56 660 242 175 661 32 57 662 36 11 663 4 24 664 185 0 665 7 59 666 188 63 667 192 60 668 266 61 669 7 59 670 37 14 671 48 62 672 195 155 673 188 63 674 193 64 675 197 86 676 62 65 677 2 18 678 38 17 679 40 66 680 3 67 681 9 19 682 40 66 683 6 26 684 43 75 685 46 27 686 47 8 687 2 18 688 41 20 689 9 19 690 3 67 691 42 73 692 2 18 693 47 8 694 196 10 695 183 21 696 195 155 697 48 62 698 47 8 699 49 72 700 43 75 701 144 212 702 236 184 703 205 122 704 57 69 705 14 222 706 218 70 707 60 78 708 87 219 709 220 79 710 222 239 711 233 188 712 247 189 713 59 232 714 249 127 715 225 129 716 58 240 717 14 222 718 57 69 719 260 241 720 18 223 721 258 242 722 39 22 723 63 82 724 198 80 725 38 17 726 62 65 727 64 81 728 40 66 729 64 81 730 63 82 731 63 82 732 66 85 733 200 83 734 62 65 735 65 87 736 67 84 737 63 82 738 64 81 739 67 84 740 197 86 741 199 92 742 65 87 743 66 85 744 69 91 745 202 88 746 67 84 747 65 87 748 68 89 749 66 85 750 67 84 751 70 90 752 199 92 753 201 243 754 68 89 755 71 93 756 13 180 757 15 94 758 71 93 759 52 244 760 238 96 761 211 98 762 205 122 763 82 99 764 185 0 765 182 2 766 74 101 767 85 103 768 84 118 769 75 104 770 79 105 771 75 104 772 184 7 773 119 106 774 196 10 775 187 9 776 187 9 777 191 12 778 108 108 779 107 109 780 85 103 781 79 105 782 109 110 783 79 105 784 186 15 785 110 111 786 193 64 787 181 16 788 113 113 789 117 245 790 83 114 791 183 21 792 194 23 793 111 115 794 78 102 795 74 101 796 84 118 797 108 108 798 78 102 799 85 103 800 108 108 801 107 109 802 86 119 803 75 104 804 211 98 805 190 100 806 205 122 807 88 182 808 90 123 809 210 124 810 158 246 811 229 125 812 249 127 813 157 165 814 171 128 815 91 130 816 216 234 817 166 131 818 94 133 819 98 142 820 100 134 821 97 145 822 93 137 823 99 136 824 93 137 825 156 167 826 161 139 827 102 141 828 104 231 829 100 134 830 101 146 831 97 145 832 103 144 833 101 146 834 148 211 835 152 147 836 105 149 837 147 247 838 149 150 839 185 0 840 78 102 841 108 108 842 81 152 843 109 110 844 192 60 845 109 110 846 81 152 847 267 153 848 120 154 849 81 152 850 188 63 851 172 156 852 197 86 853 193 64 854 112 157 855 110 111 856 76 112 857 77 116 858 111 115 859 112 157 860 118 121 861 115 163 862 80 107 863 119 106 864 121 248 865 113 113 866 83 114 867 117 245 868 114 160 869 76 112 870 181 16 871 196 10 872 120 154 873 195 155 874 183 21 875 155 209 876 61 249 877 102 141 878 115 163 879 121 248 880 119 106 881 130 216 882 127 215 883 224 235 884 164 193 885 154 210 886 102 141 887 130 216 888 224 235 889 245 35 890 222 239 891 247 189 892 221 250 893 146 251 894 106 252 895 61 249 896 155 209 897 146 251 898 61 249 899 223 253 900 222 239 901 221 250 902 223 253 903 221 250 904 88 182 905 240 178 906 73 30 907 213 254 908 58 240 909 240 178 910 213 254 911 58 240 912 213 254 913 14 222 914 135 233 915 243 76 916 215 227 917 260 241 918 135 233 919 215 227 920 260 241 921 215 227 922 18 223 923 258 242 924 18 223 925 217 255 926 257 256 927 258 242 928 217 255 929 257 256 930 217 255 931 21 45 932 51 257 933 21 45 934 265 47 935 137 258 936 51 257 937 265 47 938 137 258 939 265 47 940 25 46 941 133 259 942 25 46 943 129 260 944 136 164 945 133 259 946 129 260 947 136 164 948 129 260 949 29 51 950 214 229 951 33 261 952 212 262 953 261 52 954 214 229 955 212 262 956 56 34 957 55 33 958 52 244 959 126 171 960 124 176 961 28 172 962 123 174 963 160 263 964 32 57 965 159 264 966 208 117 967 140 205 968 241 177 969 159 264 970 140 205 971 198 80 972 173 195 973 111 115 974 174 194 975 172 156 976 110 111 977 173 195 978 174 194 979 112 157 980 200 83 981 176 198 982 173 195 983 177 196 984 175 197 985 172 156 986 173 195 987 176 198 988 177 196 989 175 197 990 199 92 991 197 86 992 202 88 993 179 265 994 176 198 995 177 196 996 180 200 997 178 199 998 176 198 999 179 265 1000 180 200 1001 178 199 1002 201 243 1003 199 92 1004 87 219 1005 203 202 1006 89 201 1007 203 202 1008 60 78 1009 141 77 1010 208 117 1011 190 100 1012 8 31 1013 0 1 1014 10 5 1015 206 207 1016 1 4 1017 159 264 1018 206 207 1019 74 101 1020 230 126 1021 209 208 1022 145 214 1023 75 104 1024 209 208 1025 56 34 1026 52 244 1027 71 93 1028 257 256 1029 21 45 1030 51 257 1031 259 39 1032 54 38 1033 53 236 1034 259 39 1035 53 236 1036 17 42 1037 241 177 1038 140 205 1039 73 30 1040 235 181 1041 223 253 1042 88 182 1043 137 258 1044 25 46 1045 133 259 1046 132 44 1047 131 43 1048 128 158 1049 232 185 1050 228 191 1051 92 186 1052 158 246 1053 203 202 1054 142 204 1055 229 125 1056 158 246 1057 142 204 1058 13 180 1059 245 35 1060 244 37 1061 13 180 1062 237 179 1063 127 215 1064 88 182 1065 247 189 1066 246 217 1067 249 127 1068 87 219 1069 248 218 1070 87 219 1071 59 232 1072 219 220 1073 207 32 1074 71 93 1075 72 95 1076 203 202 1077 210 124 1078 204 203 1079 207 32 1080 189 221 1081 182 2 1082 182 2 1083 189 221 1084 210 124 1085 14 222 1086 16 29 1087 250 266 1088 253 224 1089 23 237 1090 21 45 1091 247 189 1092 92 186 1093 251 225 1094 91 130 1095 249 127 1096 252 226 1097 94 133 1098 96 135 1099 251 225 1100 252 226 1101 95 138 1102 93 137 1103 243 76 1104 250 266 1105 253 224 1106 29 51 1107 31 238 1108 256 228 1109 61 249 1110 254 230 1111 102 141 1112 103 144 1113 255 267 1114 105 149 1115 268 268 1116 269 269 1117 270 270 1118 271 271 1119 272 272 1120 273 273 1121 274 274 1122 273 273 1123 275 275 1124 276 276 1125 277 277 1126 278 278 1127 278 278 1128 279 279 1129 280 280 1130 281 281 1131 271 271 1132 274 274 1133 282 282 1134 274 274 1135 283 283 1136 284 284 1137 285 285 1138 286 286 1139 287 287 1140 285 285 1141 288 288 1142 289 289 1143 290 290 1144 291 291 1145 292 292 1146 270 270 1147 272 272 1148 280 280 1149 292 292 1150 271 271 1151 293 293 1152 294 294 1153 280 280 1154 293 293 1155 295 295 1156 296 296 1157 297 297 1158 298 298 1159 299 299 1160 300 300 1161 301 301 1162 302 302 1163 303 303 1164 304 304 1165 305 305 1166 303 303 1167 306 306 1168 307 307 1169 305 305 1170 308 308 1171 309 309 1172 310 310 1173 311 311 1174 312 312 1175 313 313 1176 315 314 1177 316 315 1178 309 309 1179 308 308 1180 317 316 1181 309 309 1182 318 317 1183 319 318 1184 320 319 1185 321 320 1186 322 321 1187 315 314 1188 320 319 1189 316 315 1190 324 322 1191 317 316 1192 325 323 1193 325 323 1194 326 324 1195 327 325 1196 280 280 1197 279 279 1198 268 268 1199 328 326 1200 282 282 1201 329 327 1202 330 328 1203 281 281 1204 282 282 1205 331 329 1206 328 326 1207 332 330 1208 333 331 1209 286 286 1210 334 332 1211 285 285 1212 287 287 1213 335 333 1214 336 334 1215 291 291 1216 335 333 1217 337 335 1218 338 336 1219 339 337 1220 294 294 1221 293 293 1222 296 296 1223 328 326 1224 340 338 1225 295 295 1226 276 276 1227 341 339 1228 288 288 1229 287 287 1230 342 340 1231 343 341 1232 285 285 1233 284 284 1234 277 277 1235 289 289 1236 336 334 1237 331 329 1238 331 329 1239 343 341 1240 340 338 1241 276 276 1242 294 294 1243 344 342 1244 337 335 1245 345 343 1246 338 336 1247 346 344 1248 347 345 1249 348 346 1250 291 291 1251 290 290 1252 349 347 1253 286 286 1254 335 333 1255 350 348 1256 335 333 1257 291 291 1258 351 349 1259 351 349 1260 349 347 1261 352 350 1262 334 332 1263 350 348 1264 353 351 1265 351 349 1266 354 352 1267 353 351 1268 355 353 1269 334 332 1270 356 354 1271 354 352 1272 352 350 1273 357 355 1274 353 351 1275 358 356 1276 359 357 1277 354 352 1278 360 358 1279 358 356 1280 361 359 1281 356 354 1282 359 357 1283 362 360 1284 363 361 1285 364 362 1286 362 360 1287 365 363 1288 366 364 1289 367 365 1290 368 366 1291 369 367 1292 268 268 1293 370 368 1294 371 369 1295 372 370 1296 373 371 1297 374 372 1298 373 371 1299 283 283 1300 275 275 1301 375 373 1302 376 374 1303 278 278 1304 278 278 1305 376 374 1306 377 375 1307 378 376 1308 379 377 1309 373 371 1310 379 377 1311 329 327 1312 283 283 1313 380 378 1314 381 379 1315 284 284 1316 382 380 1317 381 379 1318 383 381 1319 289 289 1320 384 382 1321 385 383 1322 275 275 1323 386 384 1324 368 366 1325 370 368 1326 372 370 1327 387 385 1328 377 375 1329 378 376 1330 372 370 1331 377 375 1332 376 374 1333 388 386 1334 389 387 1335 388 386 1336 390 388 1337 374 372 1338 275 275 1339 368 366 1340 391 389 1341 369 367 1342 392 390 1343 393 391 1344 394 392 1345 395 393 1346 396 394 1347 397 395 1348 398 396 1349 399 397 1350 400 398 1351 401 399 1352 402 400 1353 403 401 1354 404 402 1355 405 403 1356 406 404 1357 407 405 1358 407 405 1359 408 406 1360 409 407 1361 410 408 1362 412 409 1363 404 402 1364 413 410 1365 405 403 1366 414 411 1367 415 412 1368 416 413 1369 417 414 1370 418 415 1371 419 416 1372 420 417 1373 268 268 1374 279 279 1375 377 375 1376 421 418 1377 332 330 1378 329 327 1379 379 377 1380 378 376 1381 422 419 1382 423 420 1383 424 421 1384 332 330 1385 425 422 1386 380 378 1387 333 331 1388 426 423 1389 383 381 1390 381 379 1391 384 382 1392 383 381 1393 426 423 1394 311 311 1395 309 309 1396 427 424 1397 390 388 1398 388 386 1399 376 374 1400 428 425 1401 421 418 1402 389 387 1403 375 373 1404 381 379 1405 382 380 1406 383 381 1407 384 382 1408 429 426 1409 381 379 1410 375 373 1411 277 277 1412 423 420 1413 384 382 1414 289 289 1415 430 427 1416 402 400 1417 431 428 1418 429 426 1419 423 420 1420 428 425 1421 432 429 1422 376 374 1423 375 373 1424 433 430 1425 321 320 1426 320 319 1427 434 431 1428 400 398 1429 399 397 1430 398 396 1431 400 398 1432 434 431 1433 318 317 1434 435 432 1435 319 318 1436 318 317 1437 324 322 1438 435 432 1439 436 433 1440 437 434 1441 414 411 1442 438 435 1443 412 409 1444 439 436 1445 409 407 1446 437 434 1447 436 433 1448 440 437 1449 441 438 1450 442 439 1451 435 432 1452 441 438 1453 440 437 1454 435 432 1455 324 322 1456 441 438 1457 443 440 1458 444 441 1459 327 325 1460 445 442 1461 444 441 1462 443 440 1463 445 442 1464 442 439 1465 444 441 1466 446 443 1467 447 444 1468 299 299 1469 365 363 1470 448 445 1471 366 364 1472 365 363 1473 449 446 1474 448 445 1475 450 447 1476 451 448 1477 452 449 1478 453 450 1479 451 448 1480 450 447 1481 453 450 1482 391 389 1483 451 448 1484 454 451 1485 455 452 1486 456 453 1487 457 454 1488 455 452 1489 454 451 1490 457 454 1491 458 455 1492 455 452 1493 430 427 1494 459 456 1495 402 400 1496 460 457 1497 459 456 1498 430 427 1499 460 457 1500 456 453 1501 459 456 1502 438 435 1503 461 458 1504 412 409 1505 431 428 1506 461 458 1507 438 435 1508 431 428 1509 402 400 1510 461 458 1511 462 459 1512 411 460 1513 410 408 1514 439 436 1515 411 460 1516 462 459 1517 439 436 1518 412 409 1519 411 460 1520 349 347 1521 290 290 1522 385 383 1523 463 461 1524 426 423 1525 380 378 1526 464 462 1527 385 383 1528 426 423 1529 352 350 1530 349 347 1531 464 462 1532 465 463 1533 463 461 1534 425 422 1535 464 462 1536 463 461 1537 465 463 1538 466 464 1539 425 422 1540 355 353 1541 357 355 1542 352 350 1543 467 465 1544 465 463 1545 466 464 1546 468 466 1547 467 465 1548 465 463 1549 469 467 1550 468 466 1551 466 464 1552 361 359 1553 470 468 1554 471 469 1555 472 470 1556 472 470 1557 473 471 1558 346 344 1559 386 384 1560 299 299 1561 298 298 1562 270 270 1563 475 472 1564 476 473 1565 273 273 1566 272 272 1567 476 473 1568 371 369 1569 387 385 1570 477 474 1571 477 474 1572 387 385 1573 374 372 1574 478 475 1575 479 476 1576 410 408 1577 416 413 1578 437 434 1579 417 414 1580 416 413 1581 414 411 1582 437 434 1583 419 416 1584 480 477 1585 420 417 1586 419 416 1587 415 412 1588 480 477 1589 481 478 1590 482 479 1591 391 389 1592 483 480 1593 482 479 1594 481 478 1595 483 480 1596 367 365 1597 482 479 1598 449 446 1599 364 362 1600 304 304 1601 449 446 1602 484 481 1603 485 482 1604 452 449 1605 392 390 1606 486 483 1607 487 484 1608 470 468 1609 488 485 1610 488 485 1611 347 345 1612 489 486 1613 300 300 1614 490 487 1615 363 361 1616 471 469 1617 490 487 1618 393 391 1619 300 300 1620 270 270 1621 269 269 1622 269 269 1623 371 369 1624 393 391 1625 491 488 1626 345 343 1627 492 489 1628 494 490 1629 313 313 1630 493 491 1631 458 455 1632 486 483 1633 496 492 1634 497 493 1635 487 484 1636 396 394 1637 402 400 1638 456 453 1639 496 492 1640 399 397 1641 407 405 1642 497 493 1643 345 343 1644 494 490 1645 493 491 1646 500 494 1647 502 495 1648 320 319 1649 410 408 1650 503 496 1651 504 497 1652 413 410 1653 419 416 1654 418 415 1655 421 418 1656 422 419 1657 389 387 1658 388 386 1659 422 419 1660 378 376 1661 328 326 1662 295 295 1663 330 328 1664 293 293 1665 281 281 1666 330 328 1667 489 486 1668 397 395 1669 505 498 1670 337 335 1671 506 499 1672 345 343 1673 498 500 1674 408 406 1675 407 405 1676 401 399 1677 408 406 1678 498 500 1679 330 328 1680 295 295 1681 293 293 1682 422 419 1683 388 386 1684 389 387 1685 273 273 1686 386 384 1687 275 275 1688 384 382 1689 423 420 1690 429 426 1691 336 334 1692 343 341 1693 331 329 1694 423 420 1695 421 418 1696 428 425 1697 331 329 1698 340 338 1699 328 326 1700 268 268 1701 270 270 1702 292 292 1703 271 271 1704 273 273 1705 274 274 1706 274 274 1707 275 275 1708 283 283 1709 276 276 1710 278 278 1711 294 294 1712 278 278 1713 280 280 1714 294 294 1715 281 281 1716 274 274 1717 282 282 1718 282 282 1719 283 283 1720 329 327 1721 284 284 1722 286 286 1723 333 331 1724 287 287 1725 288 288 1726 342 340 1727 289 289 1728 291 291 1729 336 334 1730 292 292 1731 272 272 1732 271 271 1733 280 280 1734 271 271 1735 281 281 1736 293 293 1737 280 280 1738 281 281 1739 299 299 1740 491 488 1741 297 297 1742 300 300 1743 302 302 1744 475 472 1745 303 303 1746 310 310 1747 306 306 1748 303 303 1749 307 307 1750 508 501 1751 309 309 1752 310 310 1753 305 305 1754 310 310 1755 312 312 1756 509 502 1757 313 313 1758 316 315 1759 510 503 1760 309 309 1761 324 322 1762 318 317 1763 309 309 1764 319 318 1765 427 424 1766 320 319 1767 322 321 1768 500 494 1769 316 315 1770 320 319 1771 511 504 1772 324 322 1773 442 439 1774 441 438 1775 325 323 1776 444 441 1777 442 439 1778 280 280 1779 268 268 1780 292 292 1781 328 326 1782 329 327 1783 332 330 1784 330 328 1785 282 282 1786 328 326 1787 331 329 1788 332 330 1789 424 421 1790 333 331 1791 334 332 1792 355 353 1793 285 285 1794 335 333 1795 286 286 1796 336 334 1797 335 333 1798 287 287 1799 294 294 1800 296 296 1801 344 342 1802 276 276 1803 288 288 1804 285 285 1805 287 287 1806 343 341 1807 336 334 1808 285 285 1809 277 277 1810 276 276 1811 289 289 1812 331 329 1813 424 421 1814 276 276 1815 344 342 1816 341 339 1817 481 478 1818 391 389 1819 453 450 1820 339 337 1821 338 336 1822 491 488 1823 348 346 1824 347 345 1825 488 485 1826 512 505 1827 458 455 1828 457 454 1829 505 498 1830 397 395 1831 396 394 1832 513 506 1833 339 337 1834 491 488 1835 514 507 1836 515 508 1837 494 490 1838 291 291 1839 349 347 1840 351 349 1841 286 286 1842 350 348 1843 334 332 1844 335 333 1845 351 349 1846 350 348 1847 351 349 1848 352 350 1849 354 352 1850 334 332 1851 353 351 1852 356 354 1853 351 349 1854 353 351 1855 350 348 1856 355 353 1857 356 354 1858 361 359 1859 354 352 1860 357 355 1861 360 358 1862 353 351 1863 359 357 1864 356 354 1865 354 352 1866 358 356 1867 353 351 1868 361 359 1869 359 357 1870 516 509 1871 362 360 1872 449 446 1873 365 363 1874 362 360 1875 366 364 1876 517 510 1877 367 365 1878 391 389 1879 482 479 1880 268 268 1881 371 369 1882 269 269 1883 372 370 1884 374 372 1885 387 385 1886 373 371 1887 275 275 1888 374 372 1889 375 373 1890 278 278 1891 277 277 1892 278 278 1893 377 375 1894 279 279 1895 378 376 1896 373 371 1897 372 370 1898 379 377 1899 283 283 1900 373 371 1901 380 378 1902 284 284 1903 333 331 1904 382 380 1905 383 381 1906 518 511 1907 289 289 1908 385 383 1909 290 290 1910 370 368 1911 387 385 1912 371 369 1913 377 375 1914 372 370 1915 370 368 1916 377 375 1917 388 386 1918 378 376 1919 374 372 1920 368 366 1921 367 365 1922 391 389 1923 452 449 1924 451 448 1925 393 391 1926 395 393 1927 519 512 1928 396 394 1929 398 396 1930 434 431 1931 399 397 1932 401 399 1933 498 500 1934 402 400 1935 412 409 1936 461 458 1937 407 405 1938 414 411 1939 405 403 1940 407 405 1941 409 407 1942 436 433 1943 410 408 1944 404 402 1945 503 496 1946 414 411 1947 415 412 1948 413 410 1949 415 412 1950 417 414 1951 480 477 1952 418 415 1953 420 417 1954 520 513 1955 268 268 1956 377 375 1957 370 368 1958 421 418 1959 329 327 1960 379 377 1961 379 377 1962 422 419 1963 421 418 1964 423 420 1965 332 330 1966 421 418 1967 425 422 1968 333 331 1969 355 353 1970 426 423 1971 381 379 1972 380 378 1973 384 382 1974 426 423 1975 385 383 1976 390 388 1977 376 374 1978 432 429 1979 375 373 1980 382 380 1981 521 514 1982 383 381 1983 429 426 1984 518 511 1985 381 379 1986 277 277 1987 284 284 1988 423 420 1989 289 289 1990 424 421 1991 478 475 1992 410 408 1993 522 515 1994 432 429 1995 375 373 1996 521 514 1997 484 481 1998 508 501 1999 485 482 2000 462 459 2001 410 408 2002 479 476 2003 484 481 2004 303 303 2005 508 501 2006 512 505 2007 523 516 2008 458 455 2009 524 517 2010 522 515 2011 525 518 2012 478 475 2013 522 515 2014 524 517 2015 526 519 2016 523 516 2017 512 505 2018 526 519 2019 452 449 2020 523 516 2021 447 444 2022 507 520 2023 299 299 2024 513 506 2025 507 520 2026 447 444 2027 513 506 2028 491 488 2029 507 520 2030 506 499 2031 499 521 2032 345 343 2033 514 507 2034 499 521 2035 506 499 2036 514 507 2037 494 490 2038 499 521 2039 515 508 2040 495 522 2041 494 490 2042 527 523 2043 495 522 2044 515 508 2045 527 523 2046 313 313 2047 495 522 2048 528 524 2049 314 525 2050 313 313 2051 529 526 2052 314 525 2053 528 524 2054 529 526 2055 315 314 2056 314 525 2057 530 527 2058 323 528 2059 315 314 2060 433 430 2061 323 528 2062 530 527 2063 433 430 2064 320 319 2065 323 528 2066 500 494 2067 531 529 2068 501 530 2069 322 321 2070 531 529 2071 500 494 2072 301 301 2073 517 510 2074 302 302 2075 440 437 2076 442 439 2077 445 442 2078 443 440 2079 327 325 2080 532 531 2081 533 532 2082 474 533 2083 386 384 2084 446 443 2085 474 533 2086 533 532 2087 349 347 2088 385 383 2089 464 462 2090 463 461 2091 380 378 2092 425 422 2093 464 462 2094 426 423 2095 463 461 2096 352 350 2097 464 462 2098 467 465 2099 465 463 2100 425 422 2101 466 464 2102 464 462 2103 465 463 2104 467 465 2105 466 464 2106 355 353 2107 361 359 2108 357 355 2109 467 465 2110 534 534 2111 465 463 2112 468 466 2113 469 467 2114 467 465 2115 469 467 2116 534 534 2117 468 466 2118 361 359 2119 516 509 2120 472 470 2121 488 485 2122 470 468 2123 472 470 2124 346 344 2125 348 346 2126 386 384 2127 298 298 2128 368 366 2129 270 270 2130 476 473 2131 272 272 2132 476 473 2133 386 384 2134 273 273 2135 371 369 2136 394 392 2137 393 391 2138 477 474 2139 367 365 2140 483 480 2141 301 301 2142 362 360 2143 517 510 2144 527 523 2145 528 524 2146 313 313 2147 306 306 2148 509 502 2149 307 307 2150 306 306 2151 310 310 2152 509 502 2153 446 443 2154 299 299 2155 474 533 2156 450 447 2157 452 449 2158 526 519 2159 529 526 2160 530 527 2161 315 314 2162 311 311 2163 427 424 2164 312 312 2165 454 451 2166 456 453 2167 460 457 2168 519 512 2169 473 471 2170 472 470 2171 395 393 2172 473 471 2173 519 512 2174 449 446 2175 303 303 2176 484 481 2177 449 446 2178 485 482 2179 448 445 2180 452 449 2181 458 455 2182 523 516 2183 488 485 2184 396 394 2185 487 484 2186 488 485 2187 489 486 2188 505 498 2189 300 300 2190 362 360 2191 301 301 2192 393 391 2193 472 470 2194 471 469 2195 300 300 2196 269 269 2197 490 487 2198 269 269 2199 393 391 2200 490 487 2201 491 488 2202 492 489 2203 297 297 2204 493 491 2205 313 313 2206 510 503 2207 458 455 2208 456 453 2209 455 452 2210 396 394 2211 399 397 2212 497 493 2213 402 400 2214 496 492 2215 403 401 2216 497 493 2217 407 405 2218 406 404 2219 345 343 2220 493 491 2221 492 489 2222 320 319 2223 502 495 2224 511 504 2225 504 497 2226 522 515 2227 410 408 2228 413 410 2229 418 415 2230 535 535 2231 246 217 2232 392 390 2233 90 123 2234 68 89 2235 516 509 2236 359 357 2237 57 69 2238 513 506 2239 58 240 2240 162 140 2241 401 399 2242 166 131 2243 89 201 2244 487 484 2245 248 218 2246 144 212 2247 483 480 2248 481 478 2249 258 242 2250 514 507 2251 260 241 2252 154 210 2253 462 459 2254 479 476 2255 100 134 2256 403 401 2257 96 135 2258 117 245 2259 382 380 2260 518 511 2261 52 244 2262 302 302 2263 517 510 2264 95 138 2265 405 403 2266 99 136 2267 142 204 2268 346 344 2269 473 471 2270 114 160 2271 428 425 2272 122 159 2273 135 233 2274 337 335 2275 138 68 2276 224 235 2277 485 482 2278 508 501 2279 51 257 2280 527 523 2281 257 256 2282 72 95 2283 490 487 2284 189 221 2285 161 139 2286 437 434 2287 409 407 2288 204 203 2289 490 487 2290 471 469 2291 103 144 2292 405 403 2293 413 410 2294 146 251 2295 478 475 2296 524 517 2297 212 262 2298 501 530 2299 531 529 2300 223 253 2301 512 505 2302 222 239 2303 233 188 2304 454 451 2305 232 185 2306 152 147 2307 480 477 2308 417 414 2309 220 79 2310 489 486 2311 347 345 2312 149 150 2313 520 513 2314 420 417 2315 236 184 2316 481 478 2317 453 450 2318 46 27 2319 295 295 2320 44 28 2321 121 248 2322 382 380 2323 113 113 2324 58 240 2325 447 444 2326 240 178 2327 16 29 2328 298 298 2329 297 297 2330 117 245 2331 429 426 2332 114 160 2333 230 126 2334 395 393 2335 394 392 2336 121 248 2337 432 429 2338 521 514 2339 220 79 2340 346 344 2341 141 77 2342 135 233 2343 514 507 2344 506 499 2345 250 266 2346 493 491 2347 253 224 2348 57 69 2349 337 335 2350 339 337 2351 45 74 2352 288 288 2353 41 20 2354 139 206 2355 302 302 2356 55 33 2357 237 179 2358 485 482 2359 127 215 2360 257 256 2361 515 508 2362 258 242 2363 54 38 2364 509 502 2365 53 236 2366 227 161 2367 460 457 2368 430 427 2369 252 226 2370 487 484 2371 497 493 2372 44 28 2373 340 338 2374 50 71 2375 19 36 2376 304 304 2377 244 37 2378 224 235 2379 307 307 2380 54 38 2381 225 129 2382 398 396 2383 397 395 2384 133 259 2385 529 526 2386 137 258 2387 27 54 2388 510 503 2389 316 315 2390 246 217 2391 496 492 2392 486 483 2393 49 72 2394 288 288 2395 341 339 2396 51 257 2397 529 526 2398 528 524 2399 128 158 2400 312 312 2401 427 424 2402 31 238 2403 316 315 2404 511 504 2405 19 36 2406 308 308 2407 305 305 2408 53 236 2409 312 312 2410 131 43 2411 68 89 2412 358 356 2413 70 90 2414 45 74 2415 343 341 2416 342 340 2417 139 206 2418 476 473 2419 475 472 2420 134 53 2421 433 430 2422 136 164 2423 136 164 2424 530 527 2425 133 259 2426 233 188 2427 512 505 2428 457 454 2429 118 121 2430 432 429 2431 115 163 2432 69 91 2433 358 356 2434 360 358 2435 202 88 2436 534 534 2437 179 265 2438 128 158 2439 319 318 2440 263 49 2441 46 27 2442 344 342 2443 296 296 2444 225 129 2445 489 486 2446 219 220 2447 178 199 2448 469 467 2449 468 466 2450 118 121 2451 389 387 2452 390 388 2453 170 162 2454 438 435 2455 169 169 2456 89 201 2457 471 469 2458 470 468 2459 145 214 2460 477 474 2461 483 480 2462 179 265 2463 469 467 2464 180 200 2465 212 262 2466 322 321 2467 261 52 2468 146 251 2469 525 518 2470 106 252 2471 104 231 2472 404 402 2473 100 134 2474 178 199 2475 516 509 2476 201 243 2477 126 171 2478 445 442 2479 124 176 2480 167 132 2481 401 399 2482 400 398 2483 49 72 2484 344 342 2485 43 75 2486 22 41 2487 317 316 2488 308 308 2489 123 174 2490 532 531 2491 160 263 2492 263 49 2493 435 432 2494 262 166 2495 15 94 2496 363 361 2497 72 95 2498 235 181 2499 453 450 2500 450 447 2501 237 179 2502 366 364 2503 448 445 2504 164 193 2505 439 436 2506 462 459 2507 256 228 2508 501 530 2509 33 261 2510 241 177 2511 533 532 2512 159 264 2513 42 73 2514 340 338 2515 343 341 2516 159 264 2517 476 473 2518 206 207 2519 134 53 2520 322 321 2521 321 320 2522 116 120 2523 428 425 2524 389 387 2525 52 244 2526 366 364 2527 238 96 2528 160 263 2529 327 325 2530 32 57 2531 254 230 2532 503 496 2533 104 231 2534 223 253 2535 450 447 2536 526 519 2537 90 123 2538 369 367 2539 82 99 2540 230 126 2541 477 474 2542 209 208 2543 262 166 2544 440 437 2545 126 171 2546 30 56 2547 317 316 2548 26 48 2549 82 99 2550 368 366 2551 190 100 2552 228 191 2553 454 451 2554 460 457 2555 162 140 2556 409 407 2557 408 406 2558 254 230 2559 525 518 2560 504 497 2561 250 266 2562 297 297 2563 492 489 2564 34 58 2565 325 323 2566 30 56 2567 154 210 2568 478 475 2569 155 209 2570 123 174 2571 445 442 2572 443 440 2573 255 267 2574 418 415 2575 105 149 2576 23 237 2577 493 491 2578 510 503 2579 142 204 2580 395 393 2581 229 125 2582 15 94 2583 304 304 2584 364 362 2585 151 168 2586 417 414 2587 437 434 2588 255 267 2589 413 410 2590 535 535 2591 96 135 2592 496 492 2593 251 225 2594 170 162 2595 430 427 2596 431 428 2597 34 58 2598 327 325 2599 326 324 2600 240 178 2601 446 443 2602 241 177 2603 252 226 2604 406 404 2605 95 138 2606 256 228 2607 511 504 2608 502 495 2609 149 150 2610 480 477 2611 148 211 2612 171 128 2613 400 398 2614 398 396 2615 147 247 2616 418 415 2617 520 513 2618 165 170 2619 438 435 2620 439 436 2621 202 88 2622 360 358 2623 357 355 2624 8 31 2625 368 366 2626 298 298 2627 21 45 2628 27 54 2629 25 46 2630 29 51 2631 129 260 2632 25 46 2633 102 141 2634 100 134 2635 98 142 2636 208 117 2637 8 31 2638 73 30 2639 0 1 2640 206 207 2641 139 206 2642 14 222 2643 250 266 2644 243 76 2645 21 45 2646 217 255 2647 18 223 2648 94 133 2649 251 225 2650 92 186 2651 93 137 2652 216 234 2653 91 130 2654 243 76 2655 253 224 2656 18 223 2657 256 228 2658 33 261 2659 214 229 2660 103 144 2661 105 149 2662 150 151 2663 14 222 2664 213 254 2665 73 30 2666 245 35 2667 259 39 2668 17 42 2669 17 42 2670 132 44 2671 20 40 2672 20 40 2673 264 50 2674 24 55 2675 24 55 2676 125 173 2677 28 172 2678 30 56 2679 28 172 2680 242 175 2681 71 93 2682 239 97 2683 13 180 2684 211 98 2685 143 213 2686 205 122 2687 205 122 2688 234 183 2689 88 182 2690 94 133 2691 168 192 2692 98 142 2693 97 145 2694 156 167 2695 93 137 2696 101 146 2697 153 148 2698 97 145 2699 87 219 2700 60 78 2701 203 202 2702 1 4 2703 208 117 2704 159 264 2705 74 101 2706 210 124 2707 230 126 2708 145 214 2709 211 98 2710 75 104 2711 13 180 2712 130 216 2713 245 35 2714 88 182 2715 221 250 2716 247 189 2717 249 127 2718 59 232 2719 87 219 2720 207 32 2721 56 34 2722 71 93 2723 203 202 2724 158 246 2725 210 124 2726 247 189 2727 231 187 2728 92 186 2729 91 130 2730 157 165 2731 249 127 2732 61 249 2733 106 252 2734 254 230 2735 313 313 2736 314 525 2737 315 314 2738 315 314 2739 323 528 2740 320 319 2741 410 408 2742 411 460 2743 412 409 2744 386 384 2745 474 533 2746 299 299 2747 270 270 2748 300 300 2749 475 472 2750 491 488 2751 338 336 2752 345 343 2753 494 490 2754 495 522 2755 313 313 2756 402 400 2757 459 456 2758 456 453 2759 399 397 2760 498 500 2761 407 405 2762 345 343 2763 499 521 2764 494 490 2765 500 494 2766 501 530 2767 502 495 2768 413 410 2769 415 412 2770 419 416 2771 299 299 2772 507 520 2773 491 488 2774 303 303 2775 305 305 2776 310 310 2777 309 309 2778 311 311 2779 310 310 2780 309 309 2781 317 316 2782 324 322 2783 324 322 2784 325 323 2785 442 439 2786 325 323 2787 327 325 2788 444 441 2789 362 360 2790 364 362 2791 449 446 2792 367 365 2793 369 367 2794 391 389 2795 391 389 2796 392 390 2797 452 449 2798 402 400 2799 404 402 2800 412 409 2801 407 405 2802 436 433 2803 414 411 2804 414 411 2805 416 413 2806 415 412 2807 472 470 2808 348 346 2809 488 485 2810 476 473 2811 533 532 2812 386 384 2813 371 369 2814 477 474 2815 394 392 2816 477 474 2817 374 372 2818 367 365 2819 449 446 2820 304 304 2821 303 303 2822 452 449 2823 486 483 2824 458 455 2825 488 485 2826 505 498 2827 396 394 2828 300 300 2829 363 361 2830 362 360 2831 393 391 2832 519 512 2833 472 470 2834 458 455 2835 496 492 2836 456 453 2837 396 394 2838 434 431 2839 399 397 2840 504 497 2841 525 518 2842 522 515 2843 246 217 2844 486 483 2845 392 390 2846 68 89 2847 201 243 2848 516 509 2849 57 69 2850 339 337 2851 513 506 2852 162 140 2853 408 406 2854 401 399 2855 89 201 2856 470 468 2857 487 484 2858 144 212 2859 145 214 2860 483 480 2861 258 242 2862 515 508 2863 514 507 2864 154 210 2865 164 193 2866 462 459 2867 100 134 2868 404 402 2869 403 401 2870 117 245 2871 113 113 2872 382 380 2873 52 244 2874 55 33 2875 302 302 2876 95 138 2877 406 404 2878 405 403 2879 142 204 2880 141 77 2881 346 344 2882 114 160 2883 429 426 2884 428 425 2885 135 233 2886 506 499 2887 337 335 2888 224 235 2889 127 215 2890 485 482 2891 51 257 2892 528 524 2893 527 523 2894 72 95 2895 363 361 2896 490 487 2897 161 139 2898 151 168 2899 437 434 2900 204 203 2901 189 221 2902 490 487 2903 103 144 2904 99 136 2905 405 403 2906 146 251 2907 155 209 2908 478 475 2909 212 262 2910 33 261 2911 501 530 2912 223 253 2913 526 519 2914 512 505 2915 233 188 2916 457 454 2917 454 451 2918 152 147 2919 148 211 2920 480 477 2921 220 79 2922 219 220 2923 489 486 2924 149 150 2925 147 247 2926 520 513 2927 236 184 2928 144 212 2929 481 478 2930 46 27 2931 296 296 2932 295 295 2933 121 248 2934 521 514 2935 382 380 2936 58 240 2937 513 506 2938 447 444 2939 16 29 2940 8 31 2941 298 298 2942 117 245 2943 518 511 2944 429 426 2945 230 126 2946 229 125 2947 395 393 2948 121 248 2949 115 163 2950 432 429 2951 220 79 2952 347 345 2953 346 344 2954 135 233 2955 260 241 2956 514 507 2957 250 266 2958 492 489 2959 493 491 2960 57 69 2961 138 68 2962 337 335 2963 45 74 2964 342 340 2965 288 288 2966 139 206 2967 475 472 2968 302 302 2969 237 179 2970 448 445 2971 485 482 2972 257 256 2973 527 523 2974 515 508 2975 54 38 2976 307 307 2977 509 502 2978 227 161 2979 228 191 2980 460 457 2981 252 226 2982 248 218 2983 487 484 2984 44 28 2985 295 295 2986 340 338 2987 19 36 2988 305 305 2989 304 304 2990 224 235 2991 508 501 2992 307 307 2993 225 129 2994 171 128 2995 398 396 2996 133 259 2997 530 527 2998 529 526 2999 27 54 3000 23 237 3001 510 503 3002 246 217 3003 251 225 3004 496 492 3005 49 72 3006 41 20 3007 288 288 3008 51 257 3009 137 258 3010 529 526 3011 128 158 3012 131 43 3013 312 312 3014 31 238 3015 27 54 3016 316 315 3017 19 36 3018 22 41 3019 308 308 3020 53 236 3021 509 502 3022 312 312 3023 68 89 3024 359 357 3025 358 356 3026 45 74 3027 42 73 3028 343 341 3029 139 206 3030 206 207 3031 476 473 3032 134 53 3033 321 320 3034 433 430 3035 136 164 3036 433 430 3037 530 527 3038 233 188 3039 222 239 3040 512 505 3041 118 121 3042 390 388 3043 432 429 3044 69 91 3045 70 90 3046 358 356 3047 202 88 3048 357 355 3049 534 534 3050 128 158 3051 427 424 3052 319 318 3053 46 27 3054 43 75 3055 344 342 3056 225 129 3057 397 395 3058 489 486 3059 178 199 3060 180 200 3061 469 467 3062 118 121 3063 116 120 3064 389 387 3065 170 162 3066 431 428 3067 438 435 3068 89 201 3069 204 203 3070 471 469 3071 145 214 3072 209 208 3073 477 474 3074 179 265 3075 534 534 3076 469 467 3077 212 262 3078 531 529 3079 322 321 3080 146 251 3081 524 517 3082 525 518 3083 104 231 3084 503 496 3085 404 402 3086 178 199 3087 468 466 3088 516 509 3089 126 171 3090 440 437 3091 445 442 3092 167 132 3093 166 131 3094 401 399 3095 49 72 3096 341 339 3097 344 342 3098 22 41 3099 26 48 3100 317 316 3101 123 174 3102 443 440 3103 532 531 3104 263 49 3105 319 318 3106 435 432 3107 15 94 3108 364 362 3109 363 361 3110 235 181 3111 236 184 3112 453 450 3113 237 179 3114 238 96 3115 366 364 3116 164 193 3117 165 170 3118 439 436 3119 256 228 3120 502 495 3121 501 530 3122 241 177 3123 446 443 3124 533 532 3125 42 73 3126 50 71 3127 340 338 3128 159 264 3129 533 532 3130 476 473 3131 134 53 3132 261 52 3133 322 321 3134 116 120 3135 122 159 3136 428 425 3137 52 244 3138 517 510 3139 366 364 3140 160 263 3141 532 531 3142 327 325 3143 254 230 3144 504 497 3145 503 496 3146 223 253 3147 235 181 3148 450 447 3149 90 123 3150 392 390 3151 369 367 3152 230 126 3153 394 392 3154 477 474 3155 262 166 3156 435 432 3157 440 437 3158 30 56 3159 325 323 3160 317 316 3161 82 99 3162 369 367 3163 368 366 3164 228 191 3165 232 185 3166 454 451 3167 162 140 3168 161 139 3169 409 407 3170 254 230 3171 106 252 3172 525 518 3173 250 266 3174 16 29 3175 297 297 3176 34 58 3177 326 324 3178 325 323 3179 154 210 3180 479 476 3181 478 475 3182 123 174 3183 124 176 3184 445 442 3185 255 267 3186 535 535 3187 418 415 3188 23 237 3189 253 224 3190 493 491 3191 142 204 3192 473 471 3193 395 393 3194 15 94 3195 244 37 3196 304 304 3197 151 168 3198 152 147 3199 417 414 3200 255 267 3201 103 144 3202 413 410 3203 96 135 3204 403 401 3205 496 492 3206 170 162 3207 227 161 3208 430 427 3209 34 58 3210 32 57 3211 327 325 3212 240 178 3213 447 444 3214 446 443 3215 252 226 3216 497 493 3217 406 404 3218 256 228 3219 31 238 3220 511 504 3221 149 150 3222 420 417 3223 480 477 3224 171 128 3225 167 132 3226 400 398 3227 147 247 3228 105 149 3229 418 415 3230 165 170 3231 169 169 3232 438 435 3233 202 88 3234 69 91 3235 360 358 3236 8 31 3237 190 100 3238 368 366 3239</p>
        </triangles>
      </mesh>
    </geometry>
  </library_geometries>
  <library_controllers>
    <controller id="Biped_m_armor_dress-skin" name="Biped">
      <skin source="#Cube_023-mesh">
        <bind_shape_matrix>1 0 0 0 0 1 0 0 0 0 1 0 0 0 0 1</bind_shape_matrix>
        <source id="Biped_m_armor_dress-skin-joints">
          <Name_array id="Biped_m_armor_dress-skin-joints-array" count="48">spine chest neck knee_R hip spine1 shoulder_L arm_L forearm_L hand_L head shoulder_R arm_R forearm_R hand_R thigh_L leg_L foot_L thigh_R leg_R foot_R knee_L handIK_L handIK_R footIK_L footIK_R finger_L fingertip_L finger_R fingertip_R helmet neck_guard weapon_R projectile shield_arm shield weapon_L weapon_bow ammo cape1 cape2 cape3 sheath_01_L sheath_02_L sheath_01_R sheath_02_R quiver_L quiver_R</Name_array>
          <technique_common>
            <accessor source="#Biped_m_armor_dress-skin-joints-array" count="48" stride="1">
              <param name="JOINT" type="name"/>
            </accessor>
          </technique_common>
        </source>
        <source id="Biped_m_armor_dress-skin-bind_poses">
          <float_array id="Biped_m_armor_dress-skin-bind_poses-array" count="768">1 1.19954e-6 1.58777e-6 -3.95274e-6 -9.84602e-7 -0.3951249 0.9186275 -2.194502 1.7293e-6 -0.9186275 -0.395125 0.9092923 0 0 0 1 1 -3.92878e-7 -6.44655e-7 2.03612e-6 7.28237e-7 0.2769027 0.9608982 -2.667034 -1.99009e-7 -0.9608981 0.2769027 -0.892785 0 0 0 1 1 1.28799e-6 1.89247e-6 -7.30377e-6 -1.10575e-6 -0.4520871 0.8919739 -3.168247 2.00441e-6 -0.8919738 -0.4520873 1.729796 0 0 0 1 -1 0 0 -0.6688504 0 -1 0 -2.524968 0 0 1 -1.247289 0 0 0 1 1 4.42032e-7 0 -2.6309e-7 0 -0.1304007 0.9914615 -2.172789 4.45839e-7 -0.9914615 -0.1304007 0.3040181 0 0 0 1 1 1.4728e-6 1.2395e-6 -3.03559e-6 -1.16719e-6 -0.04812425 0.9988415 -2.55182 1.53075e-6 -0.9988414 -0.04812431 0.01599919 0 0 0 1 0.2876399 -4.7458e-6 0.9577386 -3.380862 0.9577384 0 -0.2876397 0.9444063 1.3131e-6 1 4.70889e-6 -0.06120216 0 0 0 1 0.9393754 0.00367558 0.3428702 -1.570533 0.3428727 -1.86538e-4 -0.9393817 3.047092 -0.003388822 0.9999932 -0.001435339 -0.05484539 0 0 0 1 0.878418 0.4009559 0.2600305 -1.320568 0.4107514 -0.3553435 -0.8396512 2.14959 -0.2442629 0.8443727 -0.4768334 1.459375 0 0 0 1 0.9909687 0.0285871 0.1310096 -1.178839 0.1340474 -0.1860008 -0.9733628 2.116942 -0.003457844 0.9821336 -0.1881527 0.5958486 0 0 0 1 1 2.35974e-7 0 -2.6336e-7 0 -0.1428489 0.9897446 -3.730645 2.38419e-7 -0.9897445 -0.142849 0.5656128 0 0 0 1 0.2876398 3.79316e-6 -0.9577391 3.380863 -0.9577389 0 -0.28764 0.9444074 -9.71689e-7 1 3.75343e-6 -0.06119883 0 0 0 1 0.9391125 -0.03855603 -0.3414403 1.567691 -0.3417136 -5.34387e-4 -0.9398043 3.04905 0.0360527 0.9992563 -0.01367688 8.88087e-4 0 0 0 1 0.8783334 -0.3999426 -0.2618715 1.324937 -0.4118686 -0.3550098 -0.8392454 2.147707 0.242683 0.8449935 -0.4765408 1.457392 0 0 0 1 0.9918304 -0.03364378 -0.1230486 1.160279 -0.1272019 -0.1880938 -0.9738795 2.123883 0.009620249 0.9815747 -0.1908365 0.6074687 0 0 0 1 0.9973414 0.03589755 0.0632739 -0.3706422 0.06125271 0.05490612 -0.9966109 2.291105 -0.03927159 0.997832 0.05255812 -0.09078532 0 0 0 1 0.9966382 0.0168398 0.08007162 -0.3906905 0.0766586 0.1499812 -0.9857122 1.201733 -0.02863007 0.9885311 0.1481849 -0.2128255 0 0 0 1 0.999992 -8.52536e-5 -1.19436e-5 -0.378131 -6.4574e-5 -0.9832137 -0.1823784 0.226985 3.3273e-6 0.1823803 -0.9832279 0.08903336 0 0 0 1 0.997888 -0.01850962 -0.06212407 0.3684882 -0.0610277 0.05493444 -0.9966232 2.29119 0.02188116 0.9983047 0.05368566 -0.09730756 0 0 0 1 0.9966258 -0.01666659 -0.08025914 0.3906744 -0.07687056 0.1499547 -0.9857 1.201658 0.02848488 0.9885385 0.1481665 -0.2128801 0 0 0 1 0.9999917 4.51604e-5 6.13573e-6 0.3781401 2.42538e-5 -0.9832136 -0.1823815 0.2269707 -1.77675e-6 0.1823834 -0.9832274 0.08903408 0 0 0 1 -1 0 0 0.6688504 0 -1 0 -2.524968 0 0 1 -1.247289 0 0 0 1 0.991427 0.02793836 0.1276388 -1.171504 0.1306154 -0.1861851 -0.9737939 2.120958 -0.003441751 0.9821172 -0.188238 0.5960302 0 0 0 1 0.9913951 -0.03428161 -0.1263344 1.167439 -0.130548 -0.1879006 -0.9734735 2.120001 0.009633958 0.9815897 -0.1907591 0.6073032 0 0 0 1 1 0 4.22042e-7 -0.3781533 0 -0.9832279 -0.1823813 0.2269643 4.29243e-7 0.1823813 -0.9832319 0.08903551 0 0 0 1 1 0 -4.22042e-7 0.3781533 0 -0.9832279 -0.1823813 0.2269643 -4.29243e-7 0.1823813 -0.9832319 0.08903551 0 0 0 1 0.4344652 -0.04533952 -0.8995466 1.503293 -0.900663 -0.01438403 -0.43428 1.74283 0.006750822 0.9988681 -0.04708468 0.2903414 0 0 0 1 -0.7041498 -0.06248402 -0.707297 2.034327 -0.7100499 0.06357938 0.7012746 -0.861805 0.001150965 0.9960187 -0.08913594 0.38172 0 0 0 1 0.4491273 0.04399305 0.8923845 -1.475468 0.8934656 -0.02450889 -0.4484632 1.763018 0.002142012 0.9987311 -0.05031365 0.3057335 0 0 0 1 -0.7021988 0.0705232 0.70848 -2.031075 0.7119475 0.05984836 0.6996783 -0.8572165 0.006942093 0.9957131 -0.09223401 0.3960567 0 0 0 1 1 0 -2.6412e-7 9.63864e-7 0 0.9897449 0.1428471 -0.588781 2.66857e-7 -0.1428469 0.989745 -3.626774 0 0 0 1 -1 -4.34261e-6 1.36766e-5 -4.6381e-5 1.32258e-6 -0.9769437 -0.2134972 0.7948859 1.42884e-5 -0.2134971 0.9769439 -3.319635 0 0 0 1 0.9983003 0.04592633 -0.03600734 0.922795 0.03248977 0.07518434 0.9966407 -2.113734 0.04849028 -0.9961175 0.07356524 -0.3040201 0 0 0 1 -0.9677583 -0.2135987 0.1334902 -1.12567 0.1191084 0.07889837 0.9897422 -2.016458 -0.2219462 0.9737498 -0.05091136 0.1428747 0 0 0 1 -0.06771051 0.4756762 0.8770105 -2.150466 -0.9192489 -0.3714233 0.130482 0.5644087 0.3878093 -0.7973561 0.4624142 -1.513896 0 0 0 1 0.001625061 0.9971757 -0.07508432 0.339294 -0.9960316 -0.005067169 -0.08885335 1.192893 -0.08898258 0.07493108 0.9932108 -2.079282 0 0 0 1 0.9976043 -0.05374425 0.04352819 -0.9408522 -0.03958922 0.07229077 0.9965975 -2.109638 -0.05670559 -0.9959331 0.06998938 -0.2883797 0 0 0 1 -0.9910588 0.03321492 -0.1292247 1.102803 -0.1263867 0.07670307 0.9890115 -2.008425 0.04276311 0.9965095 -0.07181853 0.4128798 0 0 0 1 -0.9924281 -0.01265847 -0.1221712 1.04787 0.1218021 0.0266726 -0.9921957 2.038832 0.01581835 -0.999564 -0.02492916 -0.3513702 0 0 0 1 1 5.83119e-7 -2.62493e-7 5.61694e-7 -3.47414e-7 0.1507793 -0.9885675 3.314852 -5.36874e-7 0.9885677 0.1507793 -0.8706198 0 0 0 1 1 0 2.16053e-7 -4.93322e-7 2.16743e-7 -0.04023563 -0.9991905 2.762927 0 0.9991905 -0.04023557 -0.3508891 0 0 0 1 1 2.37876e-7 0 -1.70545e-7 0 0.06743216 -0.997724 2.050828 -2.38419e-7 0.9977241 0.06743228 -0.5747294 0 0 0 1 0.8207212 -0.5652882 0.08286154 -0.6940043 0.4961016 0.7770559 0.3873857 -0.7892586 -0.2833725 -0.2768277 0.9181866 -2.099418 0 0 0 1 0.9288076 -0.3167572 0.1923052 -0.9264101 0.2294101 0.8990688 0.3728892 -0.8265513 -0.2910109 -0.3022255 0.9077293 -1.987977 0 0 0 1 0.8207214 0.5652879 -0.08286124 0.6940037 -0.4961014 0.7770558 0.3873855 -0.7892577 0.2833722 -0.2768279 0.9181866 -2.099418 0 0 0 1 0.9288078 0.316757 -0.1923047 0.9264094 -0.2294102 0.8990688 0.3728894 -0.8265513 0.2910105 -0.3022257 0.9077293 -1.987978 0 0 0 1 0.927992 -0.2254983 0.2966166 -1.152167 0.03269356 0.842281 0.5380465 -1.242819 -0.3711631 -0.4896053 0.7890023 -1.615907 0 0 0 1 0.9279918 0.2254983 -0.2966168 1.152167 -0.03269356 0.842281 0.5380465 -1.24282 0.3711632 -0.4896052 0.7890022 -1.615907 0 0 0 1</float_array>
          <technique_common>
            <accessor source="#Biped_m_armor_dress-skin-bind_poses-array" count="48" stride="16">
              <param name="TRANSFORM" type="float4x4"/>
            </accessor>
          </technique_common>
        </source>
        <source id="Biped_m_armor_dress-skin-weights">
          <float_array id="Biped_m_armor_dress-skin-weights-array" count="1412">0.4134129 0.001426517 0.5363923 0.04876816 0.4374583 0.01171314 0.4143562 0.05360114 0.08287119 0.1970391 0.1746947 0.6282662 0.1175476 0.8761618 0.006290733 0.7782706 0.04198038 0.03365463 0.1460943 0.4712145 0.1833887 0.3453968 0.09810823 0.3551576 0.07528626 0.1452803 0.3261675 0.060386 0.8572738 0.04128056 0.04105973 0.07760077 0.08385443 0.8385449 0.007006168 0.008582592 0.9460694 0.03834187 0.3665275 0.02703213 0.4388322 0.07984173 0.0877664 0.5572077 0.1442596 0.2956544 0.002878308 0.1546645 0.6557123 0.07046264 0.05897778 0.06018275 1 1 0.06046003 0.93954 0.008328855 0.9916712 0.9346998 0.06530016 1 0.935952 0.06404799 0.7332533 0.2667467 0.8457552 0.1542448 0.7518084 0.2481916 0.8985307 0.1014693 0.2757021 0.7242979 0.07520222 0.9247978 0.2641686 0.7358314 1 0.03326123 0.9667387 1 0.023961 0.9760389 1 1 0.9384436 0.06155645 1 0.4265913 0.3783591 0.145232 0.04981756 0.5138065 0.1260073 0.3320936 0.02809262 0.1732254 0.6971936 0.1044847 0.02509635 0.2776434 0.5418589 0.1804977 0.09013319 0.1831831 0.7095675 0.01711618 0.06969761 0.3103452 0.6199572 0.0195716 0.8719827 0.1084457 0.03392297 0.8514248 0.1146522 0.0968672 0.1746774 0.7284554 0.3330409 0.2194493 0.4475098 0.8777211 0.1222789 0.02025526 0.1396393 0.009993135 0.8301122 0.003049552 0.2457877 0.6193351 0.1318275 0.7303994 0.1714683 0.09813225 0.08532226 0.5844026 0.3302751 0.2113495 0.5057705 0.28288 0.8405931 0.1594069 0.004410922 0.2769393 0.7186499 0.96735 0.03265005 0.984227 0.01577311 0.06011772 0.2489436 2.84414e-4 0.6906542 0.05736023 0.4711776 2.84414e-4 0.4711776 1 0.003584206 0.02735257 0.9690633 0.984227 0.01577311 8.26746e-4 0.2495867 0.7495867 0.9692218 0.03077822 0.06141251 0.8714939 0.04962134 0.01747214 0.001677989 0.9130827 0.07854282 0.006696403 0.01864606 0.873196 0.09346574 0.0146923 0.01309365 0.604747 0.009389102 0.3727703 0.6174092 0.006769776 0.3758211 0.6062583 0.01559829 0.3781433 1 1 1 0.001653373 0.4991733 0.4991733 0.5 0.5 0.05679064 0.04491472 0.8982946 0.4134129 0.001426458 0.5363924 0.04876816 0.456368 0.01221936 0.4322677 0.05591815 0.04322671 0.1970396 0.1746932 0.6282672 0.1175477 0.8761616 0.006290674 0.7782706 0.04198038 0.03365463 0.1460943 0.4712145 0.1833887 0.3453968 0.09810745 0.355156 0.07528585 0.1452814 0.3261692 0.06038594 0.8572739 0.04128056 0.04105961 0.07760071 0.08385443 0.8385449 0.007006227 0.008581459 0.9460703 0.03834211 0.3665275 0.02703213 0.4388322 0.07984173 0.0877664 0.5572075 0.1442595 0.2956544 0.002878606 0.154664 0.6557113 0.07046252 0.05897957 0.06018263 1 1 0.06046146 0.9395385 1 0.9346998 0.06530016 1 0.7332533 0.2667468 0.8457552 0.1542448 0.7518084 0.2481916 0.8985308 0.1014692 0.2757019 0.7242981 0.07520222 0.9247978 0.2641683 0.7358317 1 0.03326094 0.9667391 1 0.02396064 0.9760393 1 1 0.9384436 0.06155651 0.426591 0.378359 0.1452322 0.0498178 0.5138059 0.1260072 0.3320935 0.02809339 0.1732253 0.6971935 0.1044847 0.02509653 0.2776438 0.5418581 0.180498 0.09013319 0.183183 0.01711642 0.7095674 0.06969773 0.3103445 0.6199578 0.01957178 0.8719822 0.108446 0.03392302 0.8514248 0.1146522 0.09686738 0.1746779 0.7284547 0.3330411 0.2194493 0.4475095 0.8777211 0.1222789 0.02025514 0.1396393 0.009993672 0.8301118 0.003049492 0.2457876 0.6193342 0.1318287 0.7303998 0.171468 0.09813219 0.08532249 0.584402 0.3302755 0.2113496 0.5057704 0.28288 1 0.01663064 0.9833694 0.1544817 0.8455184 0.1021636 0.8978363 1 0.7843422 0.2156578 0.03760111 0.9623989 0.984227 0.01577311 0.8850654 0.1149346 0.8339766 0.1660234 0.1231341 0.8768659 1 1 0.08553296 0.914467 0.4553166 0.5446835 1 0.1237472 0.4342256 0.007801532 0.4342256 0.1387146 0.1464448 0.01014161 0.6971224 0.007576525 8.26746e-4 0.2495867 0.7495867 0.004410862 0.2769392 0.7186499 0.1382489 0.1460765 0.01014161 0.01577615 0.6897569 0.09514331 0.2347236 0.007517099 0.008199453 0.6544164 0.1775329 0.336622 0.01765877 0.007576584 0.4606096 0.9661931 0.03380697 0.9969713 0.00302875 0.01663047 0.9833696 1 0.01663047 0.9833696 0.2233839 0.7766161 0.1021634 0.8978366 0.1544814 0.8455186 1 0.9969713 0.00302875 0.5044776 0.4955224 0.9515768 0.04842317 0.05736023 0.4711776 2.84407e-4 0.4711776 0.177533 0.336622 0.01765877 0.4606096 0.007576525 0.9969714 0.00302869 0.4521596 0.5478405 0.7843421 0.2156579 0.03760111 0.9623989 0.0855329 0.9144671 0.123134 0.876866 0.8850654 0.1149346 0.96735 0.03265005 0.4604787 0.5395213 0.4553166 0.5446835 0.8405931 0.1594069 0.984227 0.01577311 0.06141269 0.8714953 0.01747059 0.04962146 0.001678049 0.913082 0.006697356 0.0785427 0.01864612 0.8731979 0.0146901 0.09346598 0.01309365 0.6047464 0.3727708 0.009389042 0.6174091 0.3758211 0.006769776 0.606258 0.3781437 0.01559823 1 1 1 0.5808125 0.3901998 0.01449382 0.01449388 0.2488159 0.6488803 0.03527784 0.03351283 0.03351312 0.7781277 0.02069503 0.1005887 0.1005886 0.8446556 5.04847e-4 0.07091027 0.04196465 0.04196459 0.7644835 0.02064388 0.09278821 0.1220843 0.4617463 0.1536306 0.3846231 0.07719516 0.7702128 0.05798113 0.02212989 0.02517449 0.02213066 0.02517586 0.03868281 0.9304078 0.03090924 1 0.2233111 1.23164e-4 0.08436286 0.01729947 0.3374517 0.3374517 0.5301261 0.1097896 0.01519346 0.3448908 0.07411986 0.8647013 0.06117886 0.2625873 0.7374128 0.447421 0.2229575 0.1648108 0.1648107 1.37128e-4 0.9314404 0.02920025 0.005011141 0.02919995 0.005011022 0.8152421 0.06301128 0.06087321 0.06087344 0.0647841 0.9150901 0.02012586 0.04848265 0.8862667 0.0323438 5.6317e-4 0.0323438 0.005004167 0.6186943 0.3763015 0.6243019 0.3756982 1 0.003928542 0.9960715 0.001653432 0.4991732 0.4991732 0.5 0.5 0.0558592 0.04417812 0.01639902 0.8835636 0.1344275 0.4252691 0.01503425 0.4252691 0.113067 0.4431821 5.68828e-4 0.4431821 0.2206386 0.2479749 0.02028328 0.4959501 0.01515305 0.1344274 0.4252691 0.01503425 0.4252691 0.113067 0.4431821 5.68814e-4 0.4431821 0.2206385 0.2479749 0.02028328 0.01515322 0.4959499 0.9661931 0.03380692 0.02839535 0.02245736 0.9491474 0.9692218 0.03077822 1 0.8339766 0.1660234 0.9228776 0.07712239 1 1 1 1 1 1 0.984227 0.01577311 0.984227 0.01577311 0.9228776 0.07712239 0.9228776 0.07712239 1 0.06011766 0.2489436 2.84407e-4 0.6906542 0.1237472 0.4342256 0.007801532 0.4342256 1 1 1 0.0279296 0.02208906 0.008199453 0.9417819 0.003584146 0.02735257 0.9690633 0.03151375 0.04944163 0.008199512 0.9108452 1 8.26716e-4 0.2495867 0.7495867 8.26716e-4 0.2495867 0.7495867 0.03197956 0.04980993 0.9182105 0.09560906 0.2350919 0.007517099 0.6617819 0.01663064 0.9833694 1 0.0302388 0.9398136 0.02994763 0.9684538 0.03154623 1 1 0.03023952 0.939813 0.02994757 0.9684538 0.03154623 1 1 0.03023952 0.939813 0.02994757 1 1 0.03117311 0.9688269 1 0.9228776 0.07712239 1 0.9515768 0.04842317 1 0.9969714 0.00302869 0.223384 0.7766159 0.4521597 0.5478404 0.5044777 0.4955223 0.4604787 0.5395213 0.09277999 0.7880175 0.05130749 0.04721635 0.02067863 0.09277987 0.7880171 0.05130743 0.04721689 0.02067863 0.7644835 0.02064388 0.09278821 0.1220843 0.2488159 0.6488803 0.03527784 0.03351283 0.03351312 0.4134129 0.001426517 0.5363923 0.04876816 0.5572077 0.1442596 0.2956544 0.002878308 0.3665275 0.02703213 0.4388322 0.07984173 0.0877664 0.4374583 0.01171314 0.4143562 0.05360114 0.08287119 0.4712145 0.1833887 0.3453968 0.8446556 5.04847e-4 0.07091027 0.04196465 0.04196459 0.003049552 0.2457877 0.6193351 0.1318275 0.8152421 0.06301128 0.06087321 0.06087344 0.07719516 0.7702128 0.05798113 0.02212989 0.02517449 0.02213066 0.02517586 0.5301261 0.1097896 0.01519346 0.3448908 0.5138065 0.1260073 0.3320936 0.02809262 0.4265913 0.3783591 0.145232 0.04981756 0.1732254 0.6971936 0.1044847 0.02509635 0.4617463 0.1536306 0.3846231 0.5808125 0.3901998 0.01449382 0.01449388 0.1970391 0.1746947 0.6282662 0.2776434 0.5418589 0.1804977 0.007006168 0.008582592 0.9460694 0.03834187 0.0195716 0.8719827 0.1084457 0.7781277 0.02069503 0.1005887 0.1005886 0.447421 0.2229575 0.1648108 0.1648107 0.09013319 0.1831831 0.7095675 0.01711618 0.7782706 0.04198038 0.03365463 0.1460943 0.1546645 0.6557123 0.07046264 0.05897778 0.06018275 0.09810823 0.3551576 0.07528626 0.1452803 0.3261675 0.3330409 0.2194493 0.4475098 0.02025526 0.1396393 0.009993135 0.8301122 0.008328855 0.9916712 0.07760077 0.08385443 0.8385449 0.05679064 0.04491472 0.8982946 0.113067 0.4431821 5.68828e-4 0.4431821 0.05736023 0.4711776 2.84414e-4 0.4711776 0.06011772 0.2489436 2.84414e-4 0.6906542 0.9684538 0.03154623 0.0302388 0.9398136 0.02994763 0.935952 0.06404799 0.9515768 0.04842317 0.984227 0.01577311 0.7518084 0.2481916 0.7332533 0.2667467 0.9346998 0.06530016 0.8339766 0.1660234 0.8850654 0.1149346 0.8457552 0.1542448 0.4604787 0.5395213 0.07520222 0.9247978 1 0.2641686 0.7358314 0.5044777 0.4955223 0.4521597 0.5478404 1 1 0.9969714 0.00302869 0.03760111 0.9623989 0.2757021 0.7242979 0.023961 0.9760389 1 1 0.060386 0.8572738 0.04128056 0.04105973 0.07411986 0.8647013 0.06117886 0.09277999 0.7880175 0.05130749 0.04721635 0.02067863 0.7303994 0.1714683 0.09813225 0.03868281 0.9304078 0.03090924 0.2625873 0.7374128 0.06141251 0.8714939 0.04962134 0.01747214 0.06969761 0.3103452 0.6199572 0.1175476 0.8761618 0.006290733 1 1 1 0.2113495 0.5057705 0.28288 0.08532226 0.5844026 0.3302751 0.8777211 0.1222789 0.03392297 0.8514248 0.1146522 0.0968672 0.1746774 0.7284554 1 8.26746e-4 0.2495867 0.7495867 1 8.26746e-4 0.2495867 0.7495867 0.04848265 0.8862667 0.0323438 5.6317e-4 0.0323438 0.01864606 0.873196 0.09346574 0.0146923 0.001677989 0.9130827 0.07854282 0.006696403 0.6243019 0.3756982 0.6062583 0.01559829 0.3781433 0.6174092 0.006769776 0.3758211 0.0647841 0.9150901 0.02012586 0.01309365 0.604747 0.009389102 0.3727703 0.003928542 0.9960715 1 1 1 0.005004167 0.6186943 0.3763015 0.001653373 0.4991733 0.4991733 0.5 0.5 0.06046003 0.93954 8.26716e-4 0.2495867 0.7495867 8.26716e-4 0.2495867 0.7495867 0.2206385 0.2479749 0.02028328 0.01515322 0.4959499 0.2233111 1.23164e-4 0.08436286 0.01729947 0.3374517 0.3374517 0.07760071 0.08385443 0.8385449 0.7782706 0.04198038 0.03365463 0.1460943 0.4134129 0.001426458 0.5363924 0.04876816 0.5572075 0.1442595 0.2956544 0.002878606 0.4712145 0.1833887 0.3453968 0.456368 0.01221936 0.4322677 0.05591815 0.04322671 0.003049492 0.2457876 0.6193342 0.1318287 0.09810745 0.355156 0.07528585 0.1452814 0.3261692 0.5138059 0.1260072 0.3320935 0.02809339 0.426591 0.378359 0.1452322 0.0498178 0.1732253 0.6971935 0.1044847 0.02509653 0.2776438 0.5418581 0.180498 0.1970396 0.1746932 0.6282672 0.01957178 0.8719822 0.108446 0.007006227 0.008581459 0.9460703 0.03834211 0.1175477 0.8761616 0.006290674 0.09013319 0.183183 0.01711642 0.7095674 0.2206386 0.2479749 0.02028328 0.4959501 0.01515305 0.3665275 0.02703213 0.4388322 0.07984173 0.0877664 0.154664 0.6557113 0.07046252 0.05897957 0.06018263 0.3330411 0.2194493 0.4475095 0.02025514 0.1396393 0.009993672 0.8301118 0.0558592 0.04417812 0.01639902 0.8835636 1 0.113067 0.4431821 5.68814e-4 0.4431821 0.1237472 0.4342256 0.007801532 0.4342256 0.06011766 0.2489436 2.84407e-4 0.6906542 0.9684538 0.03154623 0.984227 0.01577311 0.984227 0.01577311 0.9346998 0.06530016 0.96735 0.03265005 0.8850654 0.1149346 0.8457552 0.1542448 0.8985308 0.1014692 1 0.2641683 0.7358317 0.7518084 0.2481916 0.7332533 0.2667468 0.7843421 0.2156579 0.4521596 0.5478405 1 0.03760111 0.9623989 0.07520222 0.9247978 0.02396064 0.9760393 0.2757019 0.7242981 0.03326094 0.9667391 0.1544814 0.8455186 0.1021634 0.8978366 1 0.01663047 0.9833696 1 0.06038594 0.8572739 0.04128056 0.04105961 0.09277987 0.7880171 0.05130743 0.04721689 0.02067863 0.7303998 0.171468 0.09813219 1.37128e-4 0.9314404 0.02920025 0.005011141 0.02919995 0.005011022 0.06141269 0.8714953 0.01747059 0.04962146 0.06969773 0.3103445 0.6199578 0.7843422 0.2156578 0.2113496 0.5057704 0.28288 0.03392302 0.8514248 0.1146522 0.9228776 0.07712239 0.8405931 0.1594069 0.09686738 0.1746779 0.7284547 0.08553296 0.914467 0.9515768 0.04842317 0.223384 0.7766159 0.5044776 0.4955224 0.2233839 0.7766161 0.4553166 0.5446835 0.123134 0.876866 0.1021636 0.8978363 0.1544817 0.8455184 0.03326123 0.9667387 1 0.01663064 0.9833694 0.01663064 0.9833694 0.09560906 0.2350919 0.007517099 0.6617819 0.03197956 0.04980993 0.9182105 1 1 0.003584146 0.02735257 0.9690633 0.0279296 0.02208906 0.008199453 0.9417819 1 0.03151375 0.04944163 0.008199512 0.9108452 1 1 1 1 1 0.9228776 0.07712239 1 0.4604787 0.5395213 0.0855329 0.9144671 0.01864612 0.8731979 0.0146901 0.09346598 0.001678049 0.913082 0.006697356 0.0785427 0.606258 0.3781437 0.01559823 0.01309365 0.6047464 0.3727708 0.009389042 0.6174091 0.3758211 0.006769776 1 1 0.06046146 0.9395385 0.5 0.5 0.001653432 0.4991732 0.4991732 0.004410862 0.2769392 0.7186499 0.1387146 0.1464448 0.01014161 0.6971224 0.007576525 0.1237472 0.4342256 0.007801532 0.4342256 0.1344275 0.4252691 0.01503425 0.4252691 0.1344274 0.4252691 0.01503425 0.4252691 0.9969713 0.00302875 1 0.01663047 0.9833696 0.09514331 0.2347236 0.007517099 0.008199453 0.6544164 0.1382489 0.1460765 0.01014161 0.01577615 0.6897569 0.1775329 0.336622 0.01765877 0.007576584 0.4606096 0.984227 0.01577311 1 1 0.03023952 0.939813 0.02994757 1 1 1 1 1 1 1 0.9228776 0.07712239 1 0.03023952 0.939813 0.02994757 0.8339766 0.1660234 1 0.9692218 0.03077822 0.9384436 0.06155645 1 1 1 0.984227 0.01577311 1 0.02839535 0.02245736 0.9491474 0.984227 0.01577311 0.96735 0.03265005 0.8985307 0.1014693 1 1 0.003584206 0.02735257 0.9690633 1 1 1 0.004410922 0.2769393 0.7186499 0.8777211 0.1222789 0.05736023 0.4711776 2.84407e-4 0.4711776 0.9969713 0.00302875 0.08532249 0.584402 0.3302755 0.9692218 0.03077822 1 0.9661931 0.03380697 0.9384436 0.06155651 1 0.9228776 0.07712239 0.8405931 0.1594069 0.4553166 0.5446835 0.1231341 0.8768659 0.9661931 0.03380692 0.9969714 0.00302869 0.177533 0.336622 0.01765877 0.4606096 0.007576525 1 0.03117311 0.9688269</float_array>
          <technique_common>
            <accessor source="#Biped_m_armor_dress-skin-weights-array" count="1412" stride="1">
              <param name="WEIGHT" type="float"/>
            </accessor>
          </technique_common>
        </source>
        <joints>
          <input semantic="JOINT" source="#Biped_m_armor_dress-skin-joints"/>
          <input semantic="INV_BIND_MATRIX" source="#Biped_m_armor_dress-skin-bind_poses"/>
        </joints>
        <vertex_weights count="536">
          <input semantic="JOINT" source="#Biped_m_armor_dress-skin-joints" offset="0"/>
          <input semantic="WEIGHT" source="#Biped_m_armor_dress-skin-weights" offset="1"/>
          <vcount>4 5 3 3 4 3 5 4 3 4 5 4 5 1 1 2 2 2 1 2 2 2 2 2 2 2 2 1 2 1 2 1 1 2 1 4 4 4 3 4 3 3 3 3 3 2 4 4 3 3 3 2 3 2 2 4 4 1 3 2 3 2 4 4 4 4 3 3 1 1 1 3 2 3 4 5 3 3 4 3 5 4 3 4 5 4 5 1 1 2 1 2 1 2 2 2 2 2 2 2 1 2 1 2 1 1 2 4 4 4 3 4 3 3 3 3 3 2 4 4 3 3 3 1 2 2 2 1 2 2 2 2 2 2 1 1 2 2 1 4 5 3 3 5 5 5 2 2 2 1 2 2 2 2 1 2 2 2 4 5 2 2 2 2 2 2 2 2 2 2 2 2 4 4 4 4 3 3 1 1 1 4 5 4 5 4 3 7 3 1 6 4 3 2 4 6 4 3 5 3 2 1 2 3 2 4 4 4 5 4 4 5 2 3 2 1 2 2 1 1 1 1 1 1 2 2 2 2 1 4 4 1 1 1 4 3 4 1 3 3 3 4 2 1 3 2 1 1 3 2 1 1 3 1 1 2 1 2 1 2 1 2 2 2 2 2 5 5 4 5 4 4 5 5 3 5 4 4 7 4 4 4 4 3 4 3 3 4 3 4 4 4 4 5 5 3 4 2 3 3 4 4 4 2 3 2 2 2 2 2 2 2 2 2 2 2 1 2 2 2 1 1 2 2 2 2 1 1 4 3 5 3 3 2 4 3 3 1 1 1 3 3 2 3 3 1 3 1 3 5 4 4 2 3 3 3 4 2 1 1 1 3 3 2 2 3 3 5 6 3 4 4 4 3 5 4 5 4 4 4 3 3 3 4 3 4 5 5 5 3 4 4 1 4 4 4 2 2 2 2 2 2 2 2 1 2 2 2 2 2 1 2 2 2 2 2 2 2 1 2 1 4 5 3 6 4 3 2 3 3 2 2 3 2 2 2 2 2 2 2 2 2 2 1 2 2 4 3 1 1 3 4 1 4 1 1 1 1 1 2 1 2 2 4 4 3 4 3 1 1 2 2 3 3 5 4 4 4 2 1 2 5 5 5 2 1 1 3 1 1 1 1 1 1 1 2 1 3 2 1 2 2 1 1 1 2 1 3 2 2 2 1 1 3 1 1 1 3 2 4 2 3 2 1 2 2 1 2 2 2 2 2 2 5 1 2 </vcount>
          <v>0 0 1 1 4 2 5 3 0 4 1 5 4 6 5 7 15 8 1 9 2 10 6 11 1 12 6 13 7 14 0 15 1 16 4 17 5 18 0 19 1 20 5 21 0 22 1 23 5 24 6 25 7 26 0 27 1 28 5 29 6 30 0 31 4 32 15 33 1 34 2 35 6 36 7 37 0 38 1 39 4 40 5 41 15 42 0 43 1 44 5 45 7 46 0 47 1 48 5 49 6 50 7 51 15 52 15 53 4 54 15 55 4 56 15 57 15 58 16 59 15 60 15 61 16 62 15 63 16 64 15 65 16 66 15 67 16 68 15 69 16 70 15 71 16 72 15 73 16 74 15 75 16 76 16 77 15 78 16 79 16 80 15 81 16 82 16 83 16 84 16 85 17 86 16 87 0 88 1 89 5 90 7 91 0 92 1 93 5 94 7 95 0 96 1 97 5 98 7 99 1 100 2 101 6 102 1 103 2 104 6 105 11 106 1 107 2 108 6 109 1 110 6 111 7 112 1 113 6 114 7 115 1 116 6 117 7 118 1 119 6 120 7 121 6 122 7 123 0 124 1 125 6 126 7 127 0 128 1 129 6 130 7 131 1 132 6 133 7 134 1 135 6 136 7 137 1 138 6 139 7 140 15 141 16 142 0 143 4 144 15 145 15 146 16 147 15 148 16 149 0 150 4 151 5 152 15 153 0 154 4 155 5 156 15 157 15 158 0 159 4 160 15 161 18 162 19 163 0 164 4 165 18 166 19 167 20 168 1 169 2 170 6 171 10 172 1 173 2 174 6 175 10 176 1 177 2 178 6 179 10 180 1 181 2 182 6 183 10 184 2 185 6 186 10 187 2 188 6 189 10 190 10 191 10 192 10 193 0 194 4 195 15 196 4 197 15 198 0 199 4 200 15 201 0 202 1 203 4 204 5 205 0 206 1 207 4 208 5 209 18 210 1 211 2 212 11 213 1 214 11 215 12 216 0 217 1 218 4 219 5 220 0 221 1 222 5 223 0 224 1 225 5 226 11 227 12 228 0 229 1 230 5 231 11 232 0 233 4 234 18 235 1 236 2 237 11 238 12 239 0 240 1 241 4 242 5 243 18 244 0 245 1 246 5 247 12 248 0 249 1 250 5 251 11 252 12 253 18 254 18 255 4 256 18 257 18 258 18 259 19 260 18 261 18 262 19 263 18 264 19 265 18 266 19 267 18 268 19 269 18 270 19 271 18 272 19 273 18 274 19 275 19 276 18 277 19 278 19 279 18 280 19 281 19 282 19 283 19 284 20 285 0 286 1 287 5 288 12 289 0 290 1 291 5 292 12 293 0 294 1 295 5 296 12 297 1 298 2 299 11 300 1 301 2 302 6 303 11 304 1 305 2 306 11 307 1 308 11 309 12 310 1 311 11 312 12 313 1 314 11 315 12 316 1 317 11 318 12 319 11 320 12 321 0 322 1 323 11 324 12 325 0 326 1 327 11 328 12 329 1 330 11 331 12 332 1 333 11 334 12 335 1 336 11 337 12 338 16 339 15 340 16 341 15 342 16 343 15 344 16 345 15 346 15 347 16 348 15 349 16 350 15 351 16 352 15 353 16 354 15 355 16 356 15 357 16 358 16 359 15 360 15 361 16 362 15 363 16 364 15 365 0 366 4 367 5 368 15 369 0 370 4 371 5 372 15 373 18 374 0 375 4 376 18 377 0 378 4 379 18 380 0 381 4 382 5 383 15 384 18 385 0 386 4 387 5 388 15 389 18 390 0 391 4 392 5 393 15 394 18 395 19 396 20 397 19 398 20 399 18 400 19 401 19 402 18 403 19 404 18 405 19 406 18 407 19 408 18 409 19 410 19 411 19 412 20 413 18 414 19 415 18 416 19 417 0 418 4 419 5 420 18 421 0 422 4 423 5 424 15 425 18 426 16 427 17 428 18 429 19 430 18 431 19 432 18 433 19 434 18 435 19 436 18 437 19 438 18 439 19 440 18 441 19 442 18 443 19 444 18 445 19 446 18 447 19 448 18 449 19 450 1 451 2 452 10 453 11 454 1 455 2 456 10 457 11 458 1 459 2 460 10 461 11 462 1 463 2 464 10 465 11 466 2 467 10 468 11 469 2 470 10 471 11 472 10 473 10 474 10 475 1 476 2 477 6 478 11 479 0 480 4 481 5 482 15 483 18 484 1 485 2 486 6 487 11 488 0 489 1 490 5 491 15 492 18 493 0 494 1 495 4 496 5 497 0 498 1 499 5 500 0 501 1 502 5 503 6 504 7 505 11 506 12 507 0 508 1 509 5 510 4 511 0 512 1 513 4 514 5 515 15 516 18 517 0 518 1 519 4 520 5 521 0 522 1 523 5 524 1 525 2 526 1 527 2 528 6 529 11 530 0 531 1 532 6 533 7 534 11 535 12 536 1 537 2 538 6 539 11 540 1 541 2 542 10 543 1 544 2 545 6 546 10 547 11 548 1 549 2 550 10 551 2 552 10 553 10 554 2 555 10 556 0 557 4 558 18 559 4 560 18 561 0 562 4 563 15 564 18 565 0 566 4 567 5 568 15 569 0 570 4 571 5 572 15 573 0 574 4 575 5 576 15 577 18 578 0 579 4 580 5 581 18 582 0 583 4 584 5 585 18 586 0 587 4 588 5 589 15 590 18 591 16 592 17 593 0 594 4 595 15 596 16 597 17 598 15 599 18 600 19 601 15 602 16 603 15 604 18 605 18 606 18 607 18 608 18 609 15 610 16 611 18 612 19 613 18 614 19 615 18 616 19 617 18 618 0 619 4 620 5 621 18 622 0 623 4 624 5 625 18 626 18 627 18 628 18 629 0 630 4 631 15 632 18 633 0 634 4 635 18 636 0 637 4 638 15 639 18 640 15 641 0 642 4 643 15 644 0 645 4 646 15 647 0 648 4 649 15 650 0 651 4 652 5 653 15 654 15 655 16 656 15 657 4 658 15 659 16 660 15 661 16 662 18 663 18 664 4 665 18 666 19 667 18 668 19 669 15 670 18 671 4 672 18 673 19 674 15 675 19 676 4 677 19 678 16 679 15 680 16 681 15 682 15 683 16 684 15 685 16 686 17 687 15 688 16 689 15 690 16 691 15 692 16 693 15 694 16 695 0 696 1 697 5 698 6 699 7 700 0 701 1 702 5 703 11 704 12 705 0 706 1 707 4 708 5 709 0 710 4 711 5 712 15 713 18 714 0 715 1 716 4 717 5 718 0 719 1 720 5 721 7 722 0 723 1 724 4 725 5 726 15 727 0 728 1 729 4 730 5 731 15 732 0 733 1 734 5 735 0 736 1 737 5 738 15 739 18 740 0 741 1 742 6 743 7 744 1 745 2 746 6 747 11 748 0 749 1 750 5 751 6 752 7 753 11 754 12 755 0 756 1 757 4 758 5 759 0 760 1 761 5 762 7 763 0 764 1 765 5 766 7 767 0 768 1 769 5 770 7 771 0 772 1 773 5 774 1 775 2 776 6 777 11 778 1 779 2 780 6 781 1 782 2 783 6 784 1 785 2 786 6 787 7 788 1 789 6 790 7 791 1 792 2 793 6 794 11 795 1 796 2 797 6 798 11 799 1 800 2 801 6 802 11 803 0 804 1 805 4 806 5 807 0 808 1 809 5 810 6 811 7 812 0 813 1 814 5 815 6 816 7 817 1 818 6 819 7 820 0 821 1 822 6 823 7 824 4 825 15 826 0 827 4 828 15 829 0 830 4 831 15 832 0 833 4 834 5 835 15 836 0 837 4 838 5 839 15 840 0 841 4 842 5 843 15 844 15 845 16 846 4 847 15 848 16 849 15 850 16 851 15 852 16 853 15 854 16 855 15 856 16 857 15 858 16 859 15 860 16 861 15 862 16 863 15 864 16 865 15 866 16 867 15 868 16 869 15 870 16 871 16 872 15 873 16 874 15 875 16 876 15 877 16 878 16 879 16 880 16 881 17 882 15 883 16 884 15 885 16 886 15 887 16 888 16 889 16 890 0 891 1 892 5 893 6 894 0 895 1 896 5 897 0 898 1 899 5 900 6 901 7 902 1 903 6 904 7 905 0 906 1 907 5 908 1 909 2 910 1 911 2 912 6 913 10 914 1 915 2 916 6 917 1 918 6 919 7 920 15 921 15 922 15 923 1 924 6 925 7 926 1 927 6 928 7 929 6 930 7 931 1 932 6 933 7 934 1 935 6 936 7 937 15 938 0 939 4 940 18 941 18 942 0 943 4 944 18 945 1 946 2 947 6 948 10 949 11 950 1 951 2 952 6 953 10 954 1 955 2 956 6 957 10 958 2 959 10 960 2 961 6 962 10 963 2 964 6 965 10 966 1 967 2 968 10 969 1 970 2 971 6 972 10 973 2 974 10 975 10 976 10 977 10 978 1 979 2 980 10 981 0 982 4 983 15 984 4 985 15 986 4 987 15 988 0 989 4 990 15 991 0 992 4 993 15 994 0 995 4 996 5 997 15 998 18 999 0 1000 1 1001 4 1002 5 1003 15 1004 18 1005 0 1006 4 1007 18 1008 0 1009 1 1010 4 1011 5 1012 0 1013 1 1014 4 1015 5 1016 0 1017 1 1018 5 1019 12 1020 0 1021 1 1022 5 1023 0 1024 1 1025 4 1026 5 1027 18 1028 0 1029 1 1030 11 1031 12 1032 0 1033 1 1034 5 1035 11 1036 12 1037 0 1038 1 1039 5 1040 12 1041 0 1042 1 1043 5 1044 12 1045 0 1046 1 1047 5 1048 12 1049 1 1050 2 1051 11 1052 1 1053 2 1054 11 1055 1 1056 11 1057 12 1058 1 1059 2 1060 11 1061 12 1062 1 1063 11 1064 12 1065 1 1066 2 1067 6 1068 11 1069 0 1070 4 1071 5 1072 15 1073 18 1074 0 1075 1 1076 4 1077 5 1078 18 1079 0 1080 1 1081 5 1082 11 1083 12 1084 1 1085 11 1086 12 1087 0 1088 1 1089 11 1090 12 1091 0 1092 4 1093 15 1094 18 1095 18 1096 0 1097 4 1098 5 1099 18 1100 0 1101 4 1102 5 1103 18 1104 0 1105 4 1106 5 1107 18 1108 18 1109 19 1110 18 1111 19 1112 18 1113 19 1114 18 1115 19 1116 18 1117 19 1118 18 1119 19 1120 18 1121 19 1122 18 1123 19 1124 19 1125 18 1126 19 1127 18 1128 19 1129 18 1130 19 1131 18 1132 19 1133 18 1134 19 1135 19 1136 18 1137 19 1138 18 1139 19 1140 18 1141 19 1142 18 1143 19 1144 18 1145 19 1146 18 1147 19 1148 18 1149 19 1150 19 1151 18 1152 19 1153 19 1154 0 1155 1 1156 5 1157 11 1158 0 1159 1 1160 5 1161 11 1162 12 1163 1 1164 11 1165 12 1166 0 1167 1 1168 6 1169 7 1170 11 1171 12 1172 1 1173 2 1174 10 1175 11 1176 1 1177 2 1178 11 1179 15 1180 16 1181 1 1182 11 1183 12 1184 1 1185 11 1186 12 1187 18 1188 19 1189 18 1190 19 1191 1 1192 11 1193 12 1194 15 1195 16 1196 18 1197 19 1198 15 1199 16 1200 18 1201 19 1202 18 1203 19 1204 18 1205 19 1206 18 1207 19 1208 15 1209 16 1210 15 1211 16 1212 15 1213 16 1214 16 1215 15 1216 16 1217 15 1218 16 1219 0 1220 4 1221 5 1222 15 1223 0 1224 4 1225 15 1226 15 1227 15 1228 0 1229 4 1230 18 1231 0 1232 4 1233 15 1234 18 1235 18 1236 0 1237 4 1238 15 1239 18 1240 18 1241 18 1242 18 1243 18 1244 18 1245 18 1246 19 1247 18 1248 18 1249 19 1250 18 1251 19 1252 1 1253 2 1254 10 1255 11 1256 1 1257 2 1258 10 1259 11 1260 2 1261 10 1262 11 1263 1 1264 2 1265 10 1266 11 1267 2 1268 10 1269 11 1270 10 1271 10 1272 4 1273 18 1274 4 1275 18 1276 0 1277 4 1278 18 1279 0 1280 4 1281 18 1282 0 1283 4 1284 5 1285 15 1286 18 1287 0 1288 4 1289 5 1290 15 1291 0 1292 4 1293 5 1294 15 1295 0 1296 4 1297 5 1298 18 1299 19 1300 20 1301 19 1302 18 1303 19 1304 0 1305 4 1306 5 1307 15 1308 18 1309 0 1310 4 1311 5 1312 15 1313 18 1314 0 1315 4 1316 5 1317 15 1318 18 1319 15 1320 16 1321 15 1322 18 1323 4 1324 18 1325 19 1326 18 1327 18 1328 4 1329 15 1330 15 1331 15 1332 15 1333 15 1334 16 1335 18 1336 4 1337 18 1338 19 1339 18 1340 19 1341 15 1342 16 1343 17 1344 16 1345 17 1346 16 1347 19 1348 19 1349 18 1350 19 1351 15 1352 0 1353 4 1354 15 1355 15 1356 16 1357 15 1358 16 1359 15 1360 16 1361 16 1362 18 1363 0 1364 4 1365 15 1366 15 1367 15 1368 10 1369 0 1370 4 1371 15 1372 11 1373 12 1374 0 1375 4 1376 5 1377 18 1378 19 1379 20 1380 1 1381 11 1382 12 1383 19 1384 20 1385 18 1386 19 1387 20 1388 19 1389 20 1390 18 1391 15 1392 16 1393 15 1394 16 1395 15 1396 16 1397 15 1398 16 1399 16 1400 17 1401 16 1402 17 1403 0 1404 4 1405 5 1406 15 1407 18 1408 10 1409 4 1410 19 1411</v>
        </vertex_weights>
      </skin>
    </controller>
  </library_controllers>
  <library_visual_scenes>
    <visual_scene id="Scene" name="Scene">
      <node id="Biped" name="Biped" type="NODE">
        <matrix sid="transform">1 0 0 0 0 1 0 0 0 0 1 0 0 0 0 1</matrix>
        <node id="Biped_hip" name="hip" sid="hip" type="JOINT">
          <matrix sid="transform">1 0 4.45839e-7 1.27547e-7 4.42032e-7 -0.1304008 -0.9914613 0.0180889 5.81377e-8 0.9914613 -0.1304007 2.193881 0 0 0 1</matrix>
          <node id="Biped_spine" name="spine" sid="spine" type="JOINT">
            <matrix sid="transform">1 -1.10585e-6 1.30027e-6 8.05354e-8 1.41779e-6 0.9623082 -0.2719614 0.1862907 -9.50509e-7 0.2719614 0.9623082 0.02581863 0 0 0 1</matrix>
            <node id="Biped_spine1" name="spine1" sid="spine1" type="JOINT">
              <matrix sid="transform">1 3.61019e-7 2.56184e-7 8.52651e-14 -4.27904e-7 0.9365782 0.3504588 0.18987 -1.13414e-7 -0.3504588 0.9365782 -7.45058e-9 0 0 0 1</matrix>
              <node id="Biped_chest" name="chest" sid="chest" type="JOINT">
                <matrix sid="transform">1 2.32709e-6 -1.271e-6 -2.27374e-13 -1.79219e-6 0.9464588 0.3228244 0.2606301 1.95419e-6 -0.3228244 0.9464589 0 0 0 0 1</matrix>
                <node id="Biped_shoulder_L" name="shoulder_L" sid="shoulder_L" type="JOINT">
                  <matrix sid="transform">0.2876391 0.9577391 9.23872e-7 0.06797552 0.9202882 -0.276392 0.2769071 0.7223074 0.265205 -0.07964856 -0.9608968 0.02024824 0 0 0 1</matrix>
                  <node id="Biped_arm_L" name="arm_L" sid="arm_L" type="JOINT">
                    <matrix sid="transform">0.5985817 -0.8010582 -0.002354352 -2.23517e-8 0.8010533 0.5985864 -0.002832682 0.3783839 0.003678426 -1.9037e-4 0.9999933 3.72529e-9 0 0 0 1</matrix>
                    <node id="Biped_forearm_L" name="forearm_L" sid="forearm_L" type="JOINT">
                      <matrix sid="transform">0.9157951 0.09665272 -0.3898431 0 0.05684349 0.9296549 0.36402 0.5925392 0.3976031 -0.3555278 0.8458794 0 0 0 0 1</matrix>
                      <node id="Biped_hand_L" name="hand_L" sid="hand_L" type="JOINT">
                        <matrix sid="transform">0.9160138 -0.209932 0.3418294 5.96046e-8 0.2868816 0.9384395 -0.1924323 0.615816 -0.2803885 0.2743352 0.9198492 1.19209e-7 0 0 0 1</matrix>
                        <node id="Biped_finger_L" name="finger_L" sid="finger_L" type="JOINT">
                          <matrix sid="transform">0.3113966 -0.9498352 0.02907615 0 0.9422573 0.3046554 -0.1390545 0.2098636 0.1232207 0.07069831 0.9898578 4.47035e-8 0 0 0 1</matrix>
                          <node id="Biped_fingertip_L" name="fingertip_L" sid="fingertip_L" type="JOINT">
                            <matrix sid="transform">0.3331504 -0.9422044 0.03552324 1.19209e-7 0.9422654 0.3340524 0.02334658 0.1049311 -0.03386387 0.0256944 0.9990962 2.98023e-8 0 0 0 1</matrix>
                            <extra>
                              <technique profile="blender">
                                <connect sid="connect" type="bool">1</connect>
                                <roll sid="roll" type="float">2.412628</roll>
                                <tip_x sid="tip_x" type="float">-0.0745064</tip_x>
                                <tip_y sid="tip_y" type="float">0.006671428</tip_y>
                                <tip_z sid="tip_z" type="float">0.07358551</tip_z>
                              </technique>
                            </extra>
                          </node>
                          <node id="Biped_prop_glove_finger_L" name="prop_glove_finger_L" sid="prop_glove_finger_L" type="JOINT">
                            <matrix sid="transform">0.06020225 0.02864 0.9977752 0.005854666 -0.001729626 -0.9995837 0.02879632 0.01412231 0.9981848 -0.003459377 -0.06012768 0.03082278 0 0 0 1</matrix>
                            <extra>
                              <technique profile="blender">
                                <roll sid="roll" type="float">2.614848</roll>
                                <tip_x sid="tip_x" type="float">0.09692126</tip_x>
                                <tip_y sid="tip_y" type="float">0.001021981</tip_y>
                                <tip_z sid="tip_z" type="float">0.04337882</tip_z>
                              </technique>
                            </extra>
                          </node>
                          <extra>
                            <technique profile="blender">
                              <connect sid="connect" type="bool">1</connect>
                              <roll sid="roll" type="float">1.166868</roll>
                            </technique>
                          </extra>
                        </node>
                        <node id="Biped_shield" name="shield" sid="shield" type="JOINT">
                          <matrix sid="transform">0.02028002 -0.998822 0.04408292 0.09742814 -0.1121731 -0.04608673 -0.9926193 0.1460419 0.9934819 0.01518547 -0.1129756 0.005743355 0 0 0 1</matrix>
                          <node id="Biped_prop-shield" name="prop-shield" sid="prop-shield" type="JOINT">
                            <matrix sid="transform">1 -2.43075e-7 2.77907e-6 2.98023e-8 2.4261e-7 1 -2.6077e-7 -2.98023e-7 -2.77907e-6 2.5332e-7 1 -6.10948e-7 0 0 0 1</matrix>
                            <extra>
                              <technique profile="blender">
                                <roll sid="roll" type="float">-0.01396644</roll>
                                <tip_x sid="tip_x" type="float">-0.1115778</tip_x>
                                <tip_y sid="tip_y" type="float">-5.6766e-4</tip_y>
                                <tip_z sid="tip_z" type="float">-0.009953498</tip_z>
                              </technique>
                            </extra>
                          </node>
                          <extra>
                            <technique profile="blender">
                              <roll sid="roll" type="float">-0.01396924</roll>
                              <tip_x sid="tip_x" type="float">-0.2090299</tip_x>
                              <tip_y sid="tip_y" type="float">-0.001063406</tip_y>
                              <tip_z sid="tip_z" type="float">-0.01864695</tip_z>
                            </technique>
                          </extra>
                        </node>
                        <node id="Biped_weapon_bow" name="weapon_bow" sid="weapon_bow" type="JOINT">
                          <matrix sid="transform">-0.9980885 0.006517075 0.06145323 -0.09042805 -0.01324488 -0.9938749 -0.1097106 0.1807224 0.06036342 -0.1103167 0.9920531 -0.101882 0 0 0 1</matrix>
                          <node id="Biped_prop-weapon_bow" name="prop-weapon_bow" sid="prop-weapon_bow" type="JOINT">
                            <matrix sid="transform">1 -2.38419e-7 -3.01749e-7 5.96046e-8 2.68221e-7 1 4.39584e-7 3.27826e-7 3.0268e-7 -4.54485e-7 0.9999999 2.98023e-8 0 0 0 1</matrix>
                            <extra>
                              <technique profile="blender">
                                <roll sid="roll" type="float">2.981171</roll>
                                <tip_x sid="tip_x" type="float">-0.01439148</tip_x>
                                <tip_y sid="tip_y" type="float">0.008733868</tip_y>
                                <tip_z sid="tip_z" type="float">0.1126172</tip_z>
                              </technique>
                            </extra>
                          </node>
                          <extra>
                            <technique profile="blender">
                              <roll sid="roll" type="float">2.981171</roll>
                              <tip_x sid="tip_x" type="float">-0.02652388</tip_x>
                              <tip_y sid="tip_y" type="float">0.01609683</tip_y>
                              <tip_z sid="tip_z" type="float">0.2075562</tip_z>
                            </technique>
                          </extra>
                        </node>
                        <node id="Biped_ammo" name="ammo" sid="ammo" type="JOINT">
                          <matrix sid="transform">-0.999833 -0.008522294 -0.01616513 -0.119449 -0.01176132 0.9771329 0.2123049 0.2116541 0.01398615 0.2124597 -0.9770699 -0.1952899 0 0 0 1</matrix>
                          <node id="Biped_prop-ammo" name="prop-ammo" sid="prop-ammo" type="JOINT">
                            <matrix sid="transform">1 -3.57628e-7 -6.72182e-7 4.17233e-7 3.42727e-7 0.9999999 -1.45286e-7 2.01166e-7 6.72648e-7 1.47149e-7 0.9999999 0 0 0 0 1</matrix>
                            <extra>
                              <technique profile="blender">
                                <roll sid="roll" type="float">3.006779</roll>
                                <tip_x sid="tip_x" type="float">0.01291775</tip_x>
                                <tip_y sid="tip_y" type="float">0.002828776</tip_y>
                                <tip_z sid="tip_z" type="float">-0.1052269</tip_z>
                              </technique>
                            </extra>
                          </node>
                          <extra>
                            <technique profile="blender">
                              <roll sid="roll" type="float">3.00678</roll>
                              <tip_x sid="tip_x" type="float">0.0255618</tip_x>
                              <tip_y sid="tip_y" type="float">0.005597651</tip_y>
                              <tip_z sid="tip_z" type="float">-0.208225</tip_z>
                            </technique>
                          </extra>
                        </node>
                        <node id="Biped_weapon_L" name="weapon_L" sid="weapon_L" type="JOINT">
                          <matrix sid="transform">0.9927635 0.09339821 -0.07549769 -0.06953132 0.1013545 -0.988804 0.1095175 0.1578654 -0.06442125 -0.116377 -0.9911151 0.003906727 0 0 0 1</matrix>
                          <node id="Biped_prop-weapon_L" name="prop-weapon_L" sid="prop-weapon_L" type="JOINT">
                            <matrix sid="transform">1 -1.04308e-7 3.0268e-9 -1.19209e-7 9.68575e-8 0.9999999 -5.21541e-8 -5.96046e-8 -2.79397e-9 4.47035e-8 0.9999999 1.49012e-8 0 0 0 1</matrix>
                            <extra>
                              <technique profile="blender">
                                <roll sid="roll" type="float">-0.09361559</roll>
                                <tip_x sid="tip_x" type="float">-0.004417657</tip_x>
                                <tip_y sid="tip_y" type="float">0.008066534</tip_y>
                                <tip_z sid="tip_z" type="float">0.1112058</tip_z>
                              </technique>
                            </extra>
                          </node>
                          <extra>
                            <technique profile="blender">
                              <roll sid="roll" type="float">-0.09361547</roll>
                              <tip_x sid="tip_x" type="float">-0.00830841</tip_x>
                              <tip_y sid="tip_y" type="float">0.01517099</tip_y>
                              <tip_z sid="tip_z" type="float">0.2091481</tip_z>
                            </technique>
                          </extra>
                        </node>
                        <node id="Biped_prop_glove_hand_L" name="prop_glove_hand_L" sid="prop_glove_hand_L" type="JOINT">
                          <matrix sid="transform">-0.03481216 0.4233732 0.9052864 0.001941204 -0.01425834 -0.9059539 0.4231368 0.09790301 0.9992943 0.001821578 0.03757474 0.005178392 0 0 0 1</matrix>
                          <extra>
                            <technique profile="blender">
                              <roll sid="roll" type="float">1.86264</roll>
                              <tip_x sid="tip_x" type="float">0.06185138</tip_x>
                              <tip_y sid="tip_y" type="float">0.03784501</tip_y>
                              <tip_z sid="tip_z" type="float">0.1944007</tip_z>
                            </technique>
                          </extra>
                        </node>
                        <extra>
                          <technique profile="blender">
                            <connect sid="connect" type="bool">1</connect>
                            <roll sid="roll" type="float">-0.1659543</roll>
                          </technique>
                        </extra>
                      </node>
                      <node id="Biped_prop_glove_wrist_L" name="prop_glove_wrist_L" sid="prop_glove_wrist_L" type="JOINT">
                        <matrix sid="transform">0.9181917 -0.210588 0.3355247 -1.78814e-7 0.2857079 0.938749 -0.1926694 0.6158157 -0.2743995 0.2727695 0.9221181 1.19209e-7 0 0 0 1</matrix>
                        <extra>
                          <technique profile="blender">
                            <roll sid="roll" type="float">-0.172406</roll>
                            <tip_x sid="tip_x" type="float">0.02811759</tip_x>
                            <tip_y sid="tip_y" type="float">-0.0393902</tip_y>
                            <tip_z sid="tip_z" type="float">-0.2042059</tip_z>
                          </technique>
                        </extra>
                      </node>
                      <node id="Biped_shield_arm" name="shield_arm" sid="shield_arm" type="JOINT">
                        <matrix sid="transform">0.3592962 -0.9224803 0.1411959 0.186498 -0.9332235 -0.3551597 0.054362 0.4254778 -8.34465e-7 -0.1512994 -0.9884879 0.0483001 0 0 0 1</matrix>
                        <node id="Biped_prop-shield_arm" name="prop-shield_arm" sid="prop-shield_arm" type="JOINT">
                          <matrix sid="transform">0.9999999 3.72529e-8 -2.98023e-7 -5.7742e-7 -5.96046e-8 1 -3.72529e-7 2.98023e-7 2.68221e-7 3.39001e-7 1 -1.49012e-7 0 0 0 1</matrix>
                          <extra>
                            <technique profile="blender">
                              <roll sid="roll" type="float">-0.8919026</roll>
                              <tip_x sid="tip_x" type="float">-0.3255901</tip_x>
                              <tip_y sid="tip_y" type="float">-0.131555</tip_y>
                              <tip_z sid="tip_z" type="float">0.04621577</tip_z>
                            </technique>
                          </extra>
                        </node>
                        <extra>
                          <technique profile="blender">
                            <roll sid="roll" type="float">-0.8919027</roll>
                            <tip_x sid="tip_x" type="float">-0.566088</tip_x>
                            <tip_y sid="tip_y" type="float">-0.2287282</tip_y>
                            <tip_z sid="tip_z" type="float">0.08035302</tip_z>
                          </technique>
                        </extra>
                      </node>
                      <node id="Biped_prop_brace_L" name="prop_brace_L" sid="prop_brace_L" type="JOINT">
                        <matrix sid="transform">0.8805111 0.3949443 0.2621435 -0.03081042 0.4096321 -0.3556683 -0.8400605 0.3028051 -0.2385409 0.8470649 -0.4749515 -0.05929142 0 0 0 1</matrix>
                        <extra>
                          <technique profile="blender">
                            <roll sid="roll" type="float">0.0012362</roll>
                            <tip_x sid="tip_x" type="float">-0.001397907</tip_x>
                            <tip_y sid="tip_y" type="float">0.2302293</tip_y>
                            <tip_z sid="tip_z" type="float">-5.92709e-4</tip_z>
                          </technique>
                        </extra>
                      </node>
                      <extra>
                        <technique profile="blender">
                          <connect sid="connect" type="bool">1</connect>
                          <roll sid="roll" type="float">-0.8982964</roll>
                        </technique>
                      </extra>
                    </node>
                    <node id="Biped_prop_couter_L" name="prop_couter_L" sid="prop_couter_L" type="JOINT">
                      <matrix sid="transform">0.004193528 -0.9393733 0.3428709 0.1207138 -9.65637e-7 -0.3428739 -0.9393814 0.6310942 0.9999913 0.003939036 -0.001438776 0.005679771 0 0 0 1</matrix>
                      <extra>
                        <technique profile="blender">
                          <roll sid="roll" type="float">-2.2893e-6</roll>
                          <tip_x sid="tip_x" type="float">-0.2302064</tip_x>
                          <tip_y sid="tip_y" type="float">1.26652e-4</tip_y>
                          <tip_z sid="tip_z" type="float">2.38419e-7</tip_z>
                        </technique>
                      </extra>
                    </node>
                    <node id="Biped_prop-armpad_L" name="prop-armpad_L" sid="prop-armpad_L" type="JOINT">
                      <matrix sid="transform">0.9996554 -0.02600296 -0.003580958 -7.98702e-5 -0.001142085 0.09320732 -0.9956461 0.08836076 0.02622352 0.9953073 0.0931455 1.70283e-5 0 0 0 1</matrix>
                      <extra>
                        <technique profile="blender">
                          <roll sid="roll" type="float">-0.3525098</roll>
                          <tip_x sid="tip_x" type="float">0.001663506</tip_x>
                          <tip_y sid="tip_y" type="float">0.3980758</tip_y>
                          <tip_z sid="tip_z" type="float">-0.03916072</tip_z>
                        </technique>
                      </extra>
                    </node>
                    <node id="Biped_prop_rerebrace_L" name="prop_rerebrace_L" sid="prop_rerebrace_L" type="JOINT">
                      <matrix sid="transform">0.9393749 0.003673665 0.3428723 -3.73125e-5 0.3428753 -1.89375e-4 -0.9393809 0.2962708 -0.00338604 0.9999932 -0.00143746 -0.01040978 0 0 0 1</matrix>
                      <extra>
                        <technique profile="blender">
                          <roll sid="roll" type="float">2.15788e-6</roll>
                          <tip_x sid="tip_x" type="float">-6.55651e-7</tip_x>
                          <tip_y sid="tip_y" type="float">0.2302346</tip_y>
                          <tip_z sid="tip_z" type="float">4.76837e-7</tip_z>
                        </technique>
                      </extra>
                    </node>
                    <extra>
                      <technique profile="blender">
                        <connect sid="connect" type="bool">1</connect>
                        <roll sid="roll" type="float">-0.3536494</roll>
                      </technique>
                    </extra>
                  </node>
                  <node id="Biped_prop-shoulderpad_L" name="prop-shoulderpad_L" sid="prop-shoulderpad_L" type="JOINT">
                    <matrix sid="transform">0.2692915 0.02581807 0.9627125 0.05685043 0.9630584 -0.007756276 -0.2691803 0.1974268 5.17346e-4 0.9996364 -0.02695289 2.68221e-7 0 0 0 1</matrix>
                    <extra>
                      <technique profile="blender">
                        <roll sid="roll" type="float">0.01911133</roll>
                        <tip_x sid="tip_x" type="float">-3.27826e-7</tip_x>
                        <tip_y sid="tip_y" type="float">0.3782455</tip_y>
                        <tip_z sid="tip_z" type="float">0.01020216</tip_z>
                      </technique>
                    </extra>
                  </node>
                  <extra>
                    <technique profile="blender">
                      <roll sid="roll" type="float">-1.27903</roll>
                    </technique>
                  </extra>
                </node>
                <node id="Biped_neck" name="neck" sid="neck" type="JOINT">
                  <matrix sid="transform">1 -1.50315e-6 2.64629e-6 -1.13687e-13 2.90335e-6 0.7319117 -0.6813996 0.8305258 -9.12608e-7 0.6813996 0.7319117 -1.49012e-8 0 0 0 1</matrix>
                  <node id="Biped_head" name="head" sid="head" type="JOINT">
                    <matrix sid="transform">1 1.68907e-6 -1.3067e-6 -4.9738e-13 -1.18205e-6 0.9474063 0.3200333 0.1851747 1.77853e-6 -0.3200333 0.9474063 5.96046e-8 0 0 0 1</matrix>
                    <node id="Biped_helmet" name="helmet" sid="helmet" type="JOINT">
                      <matrix sid="transform">1 2.38419e-7 2.66857e-7 -1.19015e-7 -2.66857e-7 -2.01166e-6 1 -0.1038736 2.3842e-7 -1 -2.02656e-6 -0.02317555 0 0 0 1</matrix>
                      <node id="Biped_prop-helmet" name="prop-helmet" sid="prop-helmet" type="JOINT">
                        <matrix sid="transform">1 1.03029e-13 7.97294e-9 -4.40165e-9 -1.10134e-13 1 5.81145e-7 0.01122504 -7.973e-9 -5.81145e-7 1 0.01795342 0 0 0 1</matrix>
                        <extra>
                          <technique profile="blender">
                            <roll sid="roll" type="float">2.7483e-7</roll>
                            <tip_x sid="tip_x" type="float">0</tip_x>
                            <tip_y sid="tip_y" type="float">0.04702574</tip_y>
                            <tip_z sid="tip_z" type="float">0.006787061</tip_z>
                          </technique>
                        </extra>
                      </node>
                      <extra>
                        <technique profile="blender">
                          <roll sid="roll" type="float">2.66857e-7</roll>
                          <tip_x sid="tip_x" type="float">0</tip_x>
                          <tip_y sid="tip_y" type="float">0.08745503</tip_y>
                          <tip_z sid="tip_z" type="float">0.01262211</tip_z>
                        </technique>
                      </extra>
                    </node>
                    <node id="Biped_prop-head" name="prop-head" sid="prop-head" type="JOINT">
                      <matrix sid="transform">1 2.38419e-7 2.66857e-7 -3.53903e-8 -2.66857e-7 -1.07288e-6 1 -2.20723e-7 2.38419e-7 -1 -1.07288e-6 7.63685e-8 0 0 0 1</matrix>
                      <extra>
                        <technique profile="blender">
                          <roll sid="roll" type="float">2.66857e-7</roll>
                          <tip_x sid="tip_x" type="float">0</tip_x>
                          <tip_y sid="tip_y" type="float">0.221906</tip_y>
                          <tip_z sid="tip_z" type="float">0.03202724</tip_z>
                        </technique>
                      </extra>
                    </node>
                    <extra>
                      <technique profile="blender">
                        <connect sid="connect" type="bool">1</connect>
                        <roll sid="roll" type="float">2.38419e-7</roll>
                        <tip_x sid="tip_x" type="float">0</tip_x>
                        <tip_y sid="tip_y" type="float">-0.06014364</tip_y>
                        <tip_z sid="tip_z" type="float">0.4167118</tip_z>
                      </technique>
                    </extra>
                  </node>
                  <node id="Biped_neck_guard" name="neck_guard" sid="neck_guard" type="JOINT">
                    <matrix sid="transform">-1 -3.39753e-7 1.58622e-5 -7.57963e-7 1.52681e-5 0.2512299 0.9679275 -0.1547809 -4.31392e-6 0.9679275 -0.2512299 0.1264123 0 0 0 1</matrix>
                    <node id="Biped_prop-neck_guard" name="prop-neck_guard" sid="prop-neck_guard" type="JOINT">
                      <matrix sid="transform">1 -7.95808e-12 -8.03229e-8 -7.45064e-9 7.27596e-12 1 7.45058e-7 -1.78814e-7 8.0322e-8 -7.45058e-7 1 -3.92087e-7 0 0 0 1</matrix>
                      <extra>
                        <technique profile="blender">
                          <roll sid="roll" type="float">3.141566</roll>
                          <tip_x sid="tip_x" type="float">1.21357e-7</tip_x>
                          <tip_y sid="tip_y" type="float">-0.08964246</tip_y>
                          <tip_z sid="tip_z" type="float">-0.01959013</tip_z>
                        </technique>
                      </extra>
                    </node>
                    <extra>
                      <technique profile="blender">
                        <roll sid="roll" type="float">3.141566</roll>
                        <tip_x sid="tip_x" type="float">2.44907e-7</tip_x>
                        <tip_y sid="tip_y" type="float">-0.1809046</tip_y>
                        <tip_z sid="tip_z" type="float">-0.03953409</tip_z>
                      </technique>
                    </extra>
                  </node>
                  <extra>
                    <technique profile="blender">
                      <connect sid="connect" type="bool">1</connect>
                      <roll sid="roll" type="float">2.04315e-7</roll>
                    </technique>
                  </extra>
                </node>
                <node id="Biped_prop_bevor" name="prop_bevor" sid="prop_bevor" type="JOINT">
                  <matrix sid="transform">1 -4.80936e-7 -3.1453e-7 -5.9058e-7 4.84512e-7 0.411325 0.911489 0.7661318 -3.08994e-7 -0.9114889 0.4113249 0.2234569 0 0 0 1</matrix>
                  <extra>
                    <technique profile="blender">
                      <roll sid="roll" type="float">2.67392e-7</roll>
                      <tip_x sid="tip_x" type="float">0</tip_x>
                      <tip_y sid="tip_y" type="float">0.2288495</tip_y>
                      <tip_z sid="tip_z" type="float">0.03302931</tip_z>
                    </technique>
                  </extra>
                </node>
                <node id="Biped_shoulder_R" name="shoulder_R" sid="shoulder_R" type="JOINT">
                  <matrix sid="transform">0.2876405 -0.9577383 -1.37463e-6 -0.06797595 -0.9202877 -0.2763931 0.2769063 0.7223071 -0.2652041 -0.07964814 -0.960897 0.02024821 0 0 0 1</matrix>
                  <node id="Biped_arm_R" name="arm_R" sid="arm_R" type="JOINT">
                    <matrix sid="transform">0.5971365 0.8017963 0.02347296 -2.45869e-7 -0.8012126 0.5975975 -0.0305949 0.3783833 -0.03855825 -5.37493e-4 0.9992562 -7.45058e-9 0 0 0 1</matrix>
                    <node id="Biped_forearm_R" name="forearm_R" sid="forearm_R" type="JOINT">
                      <matrix sid="transform">0.9296872 -0.08655104 0.3580371 -5.96046e-8 -0.05381685 0.9296567 0.3644753 0.5925411 -0.3643973 -0.3581164 0.8596321 0 0 0 0 1</matrix>
                      <node id="Biped_hand_R" name="hand_R" sid="hand_R" type="JOINT">
                        <matrix sid="transform">0.916836 0.2185321 -0.3341491 5.96046e-8 -0.2932918 0.9364888 -0.1922722 0.6158146 0.2709092 0.2742853 0.9227004 1.19209e-7 0 0 0 1</matrix>
                        <node id="Biped_finger_R" name="finger_R" sid="finger_R" type="JOINT">
                          <matrix sid="transform">0.3341711 0.9421732 -0.0252855 0 -0.934479 0.3277082 -0.139128 0.2098692 -0.1227964 0.07012132 0.9899516 0 0 0 0 1</matrix>
                          <node id="Biped_fingertip_R" name="fingertip_R" sid="fingertip_R" type="JOINT">
                            <matrix sid="transform">0.3199622 0.9467694 -0.03538598 2.98023e-8 -0.9468457 0.3208537 0.0231624 0.1057718 0.03328318 0.02609398 0.9991052 1.49012e-8 0 0 0 1</matrix>
                            <extra>
                              <technique profile="blender">
                                <connect sid="connect" type="bool">1</connect>
                                <roll sid="roll" type="float">-2.418212</roll>
                                <tip_x sid="tip_x" type="float">0.07374608</tip_x>
                                <tip_y sid="tip_y" type="float">0.0061993</tip_y>
                                <tip_z sid="tip_z" type="float">0.07247519</tip_z>
                              </technique>
                            </extra>
                          </node>
                          <node id="Biped_prop_glove_finger_R" name="prop_glove_finger_R" sid="prop_glove_finger_R" type="JOINT">
                            <matrix sid="transform">0.06123456 -0.0419004 -0.9972436 -0.006213784 0.009854887 -0.9990444 0.04258126 0.01258296 -0.9980756 -0.0124352 -0.0607636 0.03137614 0 0 0 1</matrix>
                            <extra>
                              <technique profile="blender">
                                <roll sid="roll" type="float">-2.611919</roll>
                                <tip_x sid="tip_x" type="float">-0.0968762</tip_x>
                                <tip_y sid="tip_y" type="float">0.001086533</tip_y>
                                <tip_z sid="tip_z" type="float">0.04371261</tip_z>
                              </technique>
                            </extra>
                          </node>
                          <extra>
                            <technique profile="blender">
                              <connect sid="connect" type="bool">1</connect>
                              <roll sid="roll" type="float">-1.149621</roll>
                            </technique>
                          </extra>
                        </node>
                        <node id="Biped_weapon_R" name="weapon_R" sid="weapon_R" type="JOINT">
                          <matrix sid="transform">0.9930203 -0.09294152 0.07254355 0.06952596 -0.1005566 -0.9888815 0.1095526 0.1597491 0.061566 -0.1160827 -0.9913235 0.003905684 0 0 0 1</matrix>
                          <node id="Biped_prop-weapon_R" name="prop-weapon_R" sid="prop-weapon_R" type="JOINT">
                            <matrix sid="transform">1 4.09782e-7 5.36442e-7 -2.98023e-7 -4.09782e-7 1 -1.56462e-7 -2.30968e-7 -5.30854e-7 1.49012e-7 0.9999999 -2.5332e-7 0 0 0 1</matrix>
                            <extra>
                              <technique profile="blender">
                                <roll sid="roll" type="float">0.07866036</roll>
                                <tip_x sid="tip_x" type="float">0.003634452</tip_x>
                                <tip_y sid="tip_y" type="float">0.008410751</tip_y>
                                <tip_z sid="tip_z" type="float">0.1114912</tip_z>
                              </technique>
                            </extra>
                          </node>
                          <extra>
                            <technique profile="blender">
                              <roll sid="roll" type="float">0.07865947</roll>
                              <tip_x sid="tip_x" type="float">0.006835341</tip_x>
                              <tip_y sid="tip_y" type="float">0.01581841</tip_y>
                              <tip_z sid="tip_z" type="float">0.2096853</tip_z>
                            </technique>
                          </extra>
                        </node>
                        <node id="Biped_projectile" name="projectile" sid="projectile" type="JOINT">
                          <matrix sid="transform">-0.9690909 -0.006304815 -0.2466167 0.09192455 0.03327434 -0.9938791 -0.1053361 0.172273 -0.2444503 -0.1102906 0.9633502 -0.02773641 0 0 0 1</matrix>
                          <node id="Biped_prop-projectile" name="prop-projectile" sid="prop-projectile" type="JOINT">
                            <matrix sid="transform">1 1.04308e-7 3.67407e-7 2.38419e-7 -1.19209e-7 1 6.33299e-8 1.49012e-7 -3.78117e-7 -6.70552e-8 1 -2.45869e-7 0 0 0 1</matrix>
                            <extra>
                              <technique profile="blender">
                                <roll sid="roll" type="float">-2.805884</roll>
                                <tip_x sid="tip_x" type="float">0.01395153</tip_x>
                                <tip_y sid="tip_y" type="float">0.009241282</tip_y>
                                <tip_z sid="tip_z" type="float">0.115931</tip_z>
                              </technique>
                            </extra>
                          </node>
                          <extra>
                            <technique profile="blender">
                              <roll sid="roll" type="float">-2.805884</roll>
                              <tip_x sid="tip_x" type="float">0.02500212</tip_x>
                              <tip_y sid="tip_y" type="float">0.01656103</tip_y>
                              <tip_z sid="tip_z" type="float">0.2077562</tip_z>
                            </technique>
                          </extra>
                        </node>
                        <node id="Biped_prop_glove_hand_R" name="prop_glove_hand_R" sid="prop_glove_hand_R" type="JOINT">
                          <matrix sid="transform">-0.02796527 -0.4160304 -0.9089205 -0.002655864 0.01568186 -0.9093468 0.4157432 0.09785891 -0.9994846 -0.002626687 0.03195431 0.005350903 0 0 0 1</matrix>
                          <extra>
                            <technique profile="blender">
                              <roll sid="roll" type="float">-1.861114</roll>
                              <tip_x sid="tip_x" type="float">-0.06177771</tip_x>
                              <tip_y sid="tip_y" type="float">0.03795468</tip_y>
                              <tip_z sid="tip_z" type="float">0.1949701</tip_z>
                            </technique>
                          </extra>
                        </node>
                        <extra>
                          <technique profile="blender">
                            <connect sid="connect" type="bool">1</connect>
                            <roll sid="roll" type="float">0.1641404</roll>
                          </technique>
                        </extra>
                      </node>
                      <node id="Biped_prop_glove_wrist_R" name="prop_glove_wrist_R" sid="prop_glove_wrist_R" type="JOINT">
                        <matrix sid="transform">0.918311 0.2122 -0.3341798 5.96046e-8 -0.2868788 0.9384404 -0.1924321 0.6158156 0.2727737 0.2725816 0.922656 1.49012e-7 0 0 0 1</matrix>
                        <extra>
                          <technique profile="blender">
                            <roll sid="roll" type="float">0.1724063</roll>
                            <tip_x sid="tip_x" type="float">-0.02811759</tip_x>
                            <tip_y sid="tip_y" type="float">-0.03938984</tip_y>
                            <tip_z sid="tip_z" type="float">-0.2042062</tip_z>
                          </technique>
                        </extra>
                      </node>
                      <node id="Biped_prop_brace_R" name="prop_brace_R" sid="prop_brace_R" type="JOINT">
                        <matrix sid="transform">0.8804179 -0.3939267 -0.263981 0.03032655 -0.4107501 -0.3553443 -0.8396516 0.3027779 0.236957 0.8476745 -0.474657 -0.05940181 0 0 0 1</matrix>
                        <extra>
                          <technique profile="blender">
                            <roll sid="roll" type="float">-0.0012362</roll>
                            <tip_x sid="tip_x" type="float">0.001398086</tip_x>
                            <tip_y sid="tip_y" type="float">0.2302293</tip_y>
                            <tip_z sid="tip_z" type="float">-5.92232e-4</tip_z>
                          </technique>
                        </extra>
                      </node>
                      <extra>
                        <technique profile="blender">
                          <connect sid="connect" type="bool">1</connect>
                          <roll sid="roll" type="float">0.8982964</roll>
                        </technique>
                      </extra>
                    </node>
                    <node id="Biped_prop_couter_R" name="prop_couter_R" sid="prop_couter_R" type="JOINT">
                      <matrix sid="transform">0.03249425 0.9388859 -0.3426911 -0.1208261 8.89879e-7 -0.3428722 -0.939382 0.6310955 -0.9994717 0.03052404 -0.01114221 0.00226099 0 0 0 1</matrix>
                      <extra>
                        <technique profile="blender">
                          <roll sid="roll" type="float">-0.003822684</roll>
                          <tip_x sid="tip_x" type="float">0.230203</tip_x>
                          <tip_y sid="tip_y" type="float">-0.001269638</tip_y>
                          <tip_z sid="tip_z" type="float">2.85864e-4</tip_z>
                        </technique>
                      </extra>
                    </node>
                    <node id="Biped_prop-armpad_R" name="prop-armpad_R" sid="prop-armpad_R" type="JOINT">
                      <matrix sid="transform">0.9999973 -0.002176803 9.45866e-4 7.9602e-5 0.001144677 0.09320781 -0.995646 0.08836125 0.002079153 0.9956443 0.09321015 1.94274e-5 0 0 0 1</matrix>
                      <extra>
                        <technique profile="blender">
                          <roll sid="roll" type="float">0.351579</roll>
                          <tip_x sid="tip_x" type="float">8.00431e-4</tip_x>
                          <tip_y sid="tip_y" type="float">0.3979758</tip_y>
                          <tip_z sid="tip_z" type="float">-0.04018855</tip_z>
                        </technique>
                      </extra>
                    </node>
                    <node id="Biped_prop_rerebrace_R" name="prop_rerebrace_R" sid="prop_rerebrace_R" type="JOINT">
                      <matrix sid="transform">0.9389037 -0.03197357 -0.3426917 3.32415e-4 -0.3428725 -1.87823e-4 -0.939382 0.2962719 0.02997102 0.9994887 -0.01113918 -0.01040456 0 0 0 1</matrix>
                      <extra>
                        <technique profile="blender">
                          <roll sid="roll" type="float">-0.001235783</roll>
                          <tip_x sid="tip_x" type="float">0.001397907</tip_x>
                          <tip_y sid="tip_y" type="float">0.2302293</tip_y>
                          <tip_z sid="tip_z" type="float">-5.93185e-4</tip_z>
                        </technique>
                      </extra>
                    </node>
                    <extra>
                      <technique profile="blender">
                        <connect sid="connect" type="bool">1</connect>
                        <roll sid="roll" type="float">0.3873054</roll>
                      </technique>
                    </extra>
                  </node>
                  <node id="Biped_prop-shoulderpad_R" name="prop-shoulderpad_R" sid="prop-shoulderpad_R" type="JOINT">
                    <matrix sid="transform">0.269292 -0.025819 -0.9627126 -0.05685079 -0.9630587 -0.007756313 -0.2691808 0.1974263 -5.17121e-4 0.9996367 -0.02695393 2.16067e-7 0 0 0 1</matrix>
                    <extra>
                      <technique profile="blender">
                        <roll sid="roll" type="float">-0.01911067</roll>
                        <tip_x sid="tip_x" type="float">3.57628e-7</tip_x>
                        <tip_y sid="tip_y" type="float">0.3782455</tip_y>
                        <tip_z sid="tip_z" type="float">0.01020216</tip_z>
                      </technique>
                    </extra>
                  </node>
                  <extra>
                    <technique profile="blender">
                      <roll sid="roll" type="float">1.279031</roll>
                    </technique>
                  </extra>
                </node>
                <node id="Biped_prop-back" name="prop-back" sid="prop-back" type="JOINT">
                  <matrix sid="transform">1 -2.86509e-7 -2.9487e-7 -3.68489e-7 3.27672e-7 0.1222009 0.9925054 0.3811204 -2.48328e-7 -0.9925055 0.1222009 -0.333319 0 0 0 1</matrix>
                  <extra>
                    <technique profile="blender">
                      <roll sid="roll" type="float">4.0359e-7</roll>
                      <tip_x sid="tip_x" type="float">0</tip_x>
                      <tip_y sid="tip_y" type="float">0.2152653</tip_y>
                      <tip_z sid="tip_z" type="float">-0.03431153</tip_z>
                    </technique>
                  </extra>
                </node>
                <node id="Biped_prop-quiver_back" name="prop-quiver_back" sid="prop-quiver_back" type="JOINT">
                  <matrix sid="transform">1 -4.09782e-7 -6.44655e-7 -0.1699782 7.32917e-7 0.2769027 0.9608979 0.6582766 -2.15252e-7 -0.9608979 0.2769029 -0.2972229 0 0 0 1</matrix>
                  <extra>
                    <technique profile="blender">
                      <tip_x sid="tip_x" type="float">0</tip_x>
                      <tip_y sid="tip_y" type="float">0.4000002</tip_y>
                      <tip_z sid="tip_z" type="float">0</tip_z>
                    </technique>
                  </extra>
                </node>
                <node id="Biped_cape1" name="cape1" sid="cape1" type="JOINT">
                  <matrix sid="transform">1 2.30633e-7 -1.02246e-6 -1.80267e-7 6.37475e-7 -0.9081614 0.4186204 0.7078469 -8.32012e-7 -0.4186205 -0.9081611 -0.2957827 0 0 0 1</matrix>
                  <node id="Biped_cape2" name="cape2" sid="cape2" type="JOINT">
                    <matrix sid="transform">1 4.55561e-7 5.8043e-7 0 -5.57758e-7 0.9817001 0.1904328 0.6693076 -4.83055e-7 -0.1904328 0.9817002 5.96046e-8 0 0 0 1</matrix>
                    <node id="Biped_cape3" name="cape3" sid="cape3" type="JOINT">
                      <matrix sid="transform">1 -2.14113e-7 -2.02411e-7 -1.42109e-14 1.91108e-7 0.9942029 -0.1075217 0.6621922 2.2426e-7 0.1075217 0.9942029 0 0 0 0 1</matrix>
                      <extra>
                        <technique profile="blender">
                          <connect sid="connect" type="bool">1</connect>
                          <roll sid="roll" type="float">-2.38419e-7</roll>
                          <tip_x sid="tip_x" type="float">0</tip_x>
                          <tip_y sid="tip_y" type="float">0.09024715</tip_y>
                          <tip_z sid="tip_z" type="float">-1.335291</tip_z>
                        </technique>
                      </extra>
                    </node>
                    <extra>
                      <technique profile="blender">
                        <connect sid="connect" type="bool">1</connect>
                        <roll sid="roll" type="float">-2.38424e-7</roll>
                      </technique>
                    </extra>
                  </node>
                  <extra>
                    <technique profile="blender">
                      <roll sid="roll" type="float">-2.3843e-7</roll>
                    </technique>
                  </extra>
                </node>
                <node id="Biped_prop_breastplate" name="prop_breastplate" sid="prop_breastplate" type="JOINT">
                  <matrix sid="transform">1 -3.92878e-7 -6.44655e-7 -1.5144e-7 7.28237e-7 0.2769027 0.9608981 0.2636864 -1.99009e-7 -0.960898 0.2769027 0.3777829 0 0 0 1</matrix>
                  <extra>
                    <technique profile="blender">
                      <tip_x sid="tip_x" type="float">0</tip_x>
                      <tip_y sid="tip_y" type="float">0.2299742</tip_y>
                      <tip_z sid="tip_z" type="float">0</tip_z>
                    </technique>
                  </extra>
                </node>
                <node id="Biped_prop_backplate" name="prop_backplate" sid="prop_backplate" type="JOINT">
                  <matrix sid="transform">-1 3.92878e-7 -5.82589e-7 -5.23814e-7 -6.68597e-7 -0.2769027 0.9608981 0.4831436 2.16195e-7 0.9608982 0.2769027 -0.3837738 0 0 0 1</matrix>
                  <extra>
                    <technique profile="blender">
                      <tip_x sid="tip_x" type="float">0</tip_x>
                      <tip_y sid="tip_y" type="float">-0.2299742</tip_y>
                      <tip_z sid="tip_z" type="float">0</tip_z>
                    </technique>
                  </extra>
                </node>
                <node id="Biped_prop_quiver_B" name="prop_quiver_B" sid="prop_quiver_B" type="JOINT">
                  <matrix sid="transform">0.0779467 0.1131076 0.9905202 0.07023598 0.7900279 -0.6130208 0.007831333 0.7691002 0.6080956 0.7819284 -0.137141 -0.445461 0 0 0 1</matrix>
                  <extra>
                    <technique profile="blender">
                      <roll sid="roll" type="float">0.9247987</roll>
                      <tip_x sid="tip_x" type="float">0.02601164</tip_x>
                      <tip_y sid="tip_y" type="float">-0.2118294</tip_y>
                      <tip_z sid="tip_z" type="float">-0.08567285</tip_z>
                    </technique>
                  </extra>
                </node>
                <extra>
                  <technique profile="blender">
                    <connect sid="connect" type="bool">1</connect>
                    <roll sid="roll" type="float">3.49006e-7</roll>
                  </technique>
                </extra>
              </node>
              <extra>
                <technique profile="blender">
                  <connect sid="connect" type="bool">1</connect>
                  <roll sid="roll" type="float">3.05973e-7</roll>
                </technique>
              </extra>
            </node>
            <extra>
              <technique profile="blender">
                <roll sid="roll" type="float">2.33982e-7</roll>
              </technique>
            </extra>
          </node>
          <node id="Biped_thigh_L" name="thigh_L" sid="thigh_L" type="JOINT">
            <matrix sid="transform">0.9973584 0.06125139 -0.03925049 0.225766 0.0580533 -0.9952612 -0.0780078 0.1218944 -0.04386429 0.07552317 -0.9961933 0.02428889 0 0 0 1</matrix>
            <node id="Biped_leg_L" name="leg_L" sid="leg_L" type="JOINT">
              <matrix sid="transform">0.9996771 0.01946996 0.01633034 0 -0.01783023 0.9953022 -0.09516156 1.067799 -0.0181064 0.09483965 0.9953279 3.72529e-9 0 0 0 1</matrix>
              <node id="Biped_foot_L" name="foot_L" sid="foot_L" type="JOINT">
                <matrix sid="transform">0.9966444 -0.03124708 -0.07565365 0 0.07665803 0.03230269 0.9965339 1.134663 -0.02869497 -0.9989896 0.03458966 2.98023e-8 0 0 0 1</matrix>
                <node id="Biped_prop_foot_L" name="prop_foot_L" sid="prop_foot_L" type="JOINT">
                  <matrix sid="transform">1 -4.13894e-5 -6.15578e-6 9.56655e-6 -4.18293e-5 -0.9848077 -0.173649 0.2297627 1.12798e-6 0.1736489 -0.984814 0.09435543 0 0 0 1</matrix>
                  <extra>
                    <technique profile="blender">
                      <roll sid="roll" type="float">5.2296e-6</roll>
                      <tip_x sid="tip_x" type="float">2.11e-5</tip_x>
                      <tip_y sid="tip_y" type="float">0.4798796</tip_y>
                      <tip_z sid="tip_z" type="float">0.004259288</tip_z>
                    </technique>
                  </extra>
                </node>
                <extra>
                  <technique profile="blender">
                    <connect sid="connect" type="bool">1</connect>
                    <roll sid="roll" type="float">9.39534e-4</roll>
                    <tip_x sid="tip_x" type="float">-4.12762e-5</tip_x>
                    <tip_y sid="tip_y" type="float">-0.4718912</tip_y>
                    <tip_z sid="tip_z" type="float">-0.08753174</tip_z>
                  </technique>
                </extra>
              </node>
              <node id="Biped_prop_leg_L" name="prop_leg_L" sid="prop_leg_L" type="JOINT">
                <matrix sid="transform">0.9964967 0.02232541 0.08059566 0.002030581 0.07636549 0.1499704 -0.9857368 0.4698776 -0.03409395 0.9884383 0.1477402 0.08841004 0 0 0 1</matrix>
                <extra>
                  <technique profile="blender">
                    <roll sid="roll" type="float">5.33509e-4</roll>
                    <tip_x sid="tip_x" type="float">0.002271711</tip_x>
                    <tip_y sid="tip_y" type="float">0.4153767</tip_y>
                    <tip_z sid="tip_z" type="float">1.81139e-4</tip_z>
                  </technique>
                </extra>
              </node>
              <extra>
                <technique profile="blender">
                  <connect sid="connect" type="bool">1</connect>
                  <roll sid="roll" type="float">-0.094648</roll>
                </technique>
              </extra>
            </node>
            <node id="Biped_prop_cuisse_L" name="prop_cuisse_L" sid="prop_cuisse_L" type="JOINT">
              <matrix sid="transform">0.9971039 0.04137858 0.06380926 -0.002395108 0.06149856 0.05489816 -0.9965963 0.4146938 -0.04474074 0.9976344 0.05219426 8.05875e-4 0 0 0 1</matrix>
              <extra>
                <technique profile="blender">
                  <roll sid="roll" type="float">5.49188e-4</roll>
                  <tip_x sid="tip_x" type="float">0.002273678</tip_x>
                  <tip_y sid="tip_y" type="float">0.4153765</tip_y>
                  <tip_z sid="tip_z" type="float">1.43051e-4</tip_z>
                </technique>
              </extra>
            </node>
            <node id="Biped_prop_chaff_L" name="prop_chaff_L" sid="prop_chaff_L" type="JOINT">
              <matrix sid="transform">0.9971039 0.04137864 0.06380932 -0.02362029 0.06149858 0.05489931 -0.9965963 0.2017179 -0.04474089 0.9976342 0.05219556 -0.2837922 0 0 0 1</matrix>
              <extra>
                <technique profile="blender">
                  <roll sid="roll" type="float">5.49217e-4</roll>
                  <tip_x sid="tip_x" type="float">0.002273738</tip_x>
                  <tip_y sid="tip_y" type="float">0.4153765</tip_y>
                  <tip_z sid="tip_z" type="float">1.42574e-4</tip_z>
                </technique>
              </extra>
            </node>
            <extra>
              <technique profile="blender">
                <roll sid="roll" type="float">-0.09734243</roll>
              </technique>
            </extra>
          </node>
          <node id="Biped_thigh_R" name="thigh_R" sid="thigh_R" type="JOINT">
            <matrix sid="transform">0.997905 -0.06102647 0.02186084 -0.225766 -0.0591807 -0.995277 -0.07695154 0.1218987 0.02647509 0.07549662 -0.9968087 0.02428831 0 0 0 1</matrix>
            <node id="Biped_leg_R" name="leg_R" sid="leg_R" type="JOINT">
              <matrix sid="transform">0.9998331 -0.01824914 9.01033e-4 0 0.01825208 0.9953002 -0.09510136 1.067803 8.38718e-4 0.09510191 0.9954672 0 0 0 0 1</matrix>
              <node id="Biped_foot_R" name="foot_R" sid="foot_R" type="JOINT">
                <matrix sid="transform">0.9966335 0.03107081 0.07587109 5.96046e-8 -0.07687021 0.03233263 0.9965167 1.134663 0.02850946 -0.998994 0.03461218 -1.49012e-8 0 0 0 1</matrix>
                <node id="Biped_prop_foot_R" name="prop_foot_R" sid="prop_foot_R" type="JOINT">
                  <matrix sid="transform">1 4.14255e-5 5.75546e-6 -9.59635e-6 4.17955e-5 -0.9848073 -0.1736508 0.2297602 -1.52676e-6 0.1736508 -0.9848098 0.09435546 0 0 0 1</matrix>
                  <extra>
                    <technique profile="blender">
                      <tip_x sid="tip_x" type="float">-1.81794e-6</tip_x>
                      <tip_y sid="tip_y" type="float">0.4798746</tip_y>
                      <tip_z sid="tip_z" type="float">0.004259884</tip_z>
                    </technique>
                  </extra>
                </node>
                <extra>
                  <technique profile="blender">
                    <connect sid="connect" type="bool">1</connect>
                    <roll sid="roll" type="float">-4.97563e-4</roll>
                    <tip_x sid="tip_x" type="float">2.18451e-5</tip_x>
                    <tip_y sid="tip_y" type="float">-0.4718858</tip_y>
                    <tip_z sid="tip_z" type="float">-0.08753228</tip_z>
                  </technique>
                </extra>
              </node>
              <node id="Biped_prop_leg_R" name="prop_leg_R" sid="prop_leg_R" type="JOINT">
                <matrix sid="transform">0.9964852 -0.02215438 -0.08078519 -0.002162099 -0.07657811 0.1499749 -0.9857197 0.469878 0.03395376 0.9884415 0.1477514 0.08840887 0 0 0 1</matrix>
                <extra>
                  <technique profile="blender">
                    <roll sid="roll" type="float">-5.34866e-4</roll>
                    <tip_x sid="tip_x" type="float">-0.002273619</tip_x>
                    <tip_y sid="tip_y" type="float">0.4153735</tip_y>
                    <tip_z sid="tip_z" type="float">1.68741e-4</tip_z>
                  </technique>
                </extra>
              </node>
              <extra>
                <technique profile="blender">
                  <connect sid="connect" type="bool">1</connect>
                  <roll sid="roll" type="float">0.0946874</roll>
                </technique>
              </extra>
            </node>
            <node id="Biped_prop_cuisse_R" name="prop_cuisse_R" sid="prop_cuisse_R" type="JOINT">
              <matrix sid="transform">0.9977465 -0.02399623 -0.06265629 0.002313465 -0.06126469 0.05489631 -0.9966108 0.4146965 0.0273545 0.9982035 0.05330272 7.634e-4 0 0 0 1</matrix>
              <extra>
                <technique profile="blender">
                  <roll sid="roll" type="float">-5.40541e-4</roll>
                  <tip_x sid="tip_x" type="float">-0.002274155</tip_x>
                  <tip_y sid="tip_y" type="float">0.4153729</tip_y>
                  <tip_z sid="tip_z" type="float">1.55091e-4</tip_z>
                </technique>
              </extra>
            </node>
            <node id="Biped_prop_chaff_R" name="prop_chaff_R" sid="prop_chaff_R" type="JOINT">
              <matrix sid="transform">0.9977465 -0.02399622 -0.06265633 0.0186238 -0.06126472 0.05489674 -0.9966107 0.201722 0.02735452 0.9982036 0.05330301 -0.2841584 0 0 0 1</matrix>
              <extra>
                <technique profile="blender">
                  <roll sid="roll" type="float">-5.40567e-4</roll>
                  <tip_x sid="tip_x" type="float">-0.002274155</tip_x>
                  <tip_y sid="tip_y" type="float">0.4153729</tip_y>
                  <tip_z sid="tip_z" type="float">1.54972e-4</tip_z>
                </technique>
              </extra>
            </node>
            <extra>
              <technique profile="blender">
                <roll sid="roll" type="float">0.07969576</roll>
              </technique>
            </extra>
          </node>
          <node id="Biped_prop-sheath_L" name="prop-sheath_L" sid="prop-sheath_L" type="JOINT">
            <matrix sid="transform">1 4.70887e-7 4.50545e-7 0.4458506 -4.50545e-7 -1.2666e-6 1 0.04214893 4.70888e-7 -1 -1.20699e-6 -0.005543416 0 0 0 1</matrix>
            <extra>
              <technique profile="blender">
                <roll sid="roll" type="float">4.50545e-7</roll>
                <tip_x sid="tip_x" type="float">0</tip_x>
                <tip_y sid="tip_y" type="float">0.1882479</tip_y>
                <tip_z sid="tip_z" type="float">0.02475881</tip_z>
              </technique>
            </extra>
          </node>
          <node id="Biped_prop-quiver_R" name="prop-quiver_R" sid="prop-quiver_R" type="JOINT">
            <matrix sid="transform">1 4.70887e-7 4.50793e-7 -0.4458506 -4.50792e-7 -1.2517e-6 1 0.04214894 4.70888e-7 -1 -1.2964e-6 -0.005543765 0 0 0 1</matrix>
            <extra>
              <technique profile="blender">
                <roll sid="roll" type="float">4.50792e-7</roll>
                <tip_x sid="tip_x" type="float">0</tip_x>
                <tip_y sid="tip_y" type="float">0.1882479</tip_y>
                <tip_z sid="tip_z" type="float">0.02475881</tip_z>
              </technique>
            </extra>
          </node>
          <node id="Biped_prop_fauld" name="prop_fauld" sid="prop_fauld" type="JOINT">
            <matrix sid="transform">1 4.42032e-7 5.03976e-7 -9.50216e-9 -4.42031e-7 -0.1304007 0.9914614 0.09935199 5.03977e-7 -0.9914615 -0.1304007 0.03358676 0 0 0 1</matrix>
            <extra>
              <technique profile="blender">
                <roll sid="roll" type="float">4.45838e-7</roll>
                <tip_x sid="tip_x" type="float">0</tip_x>
                <tip_y sid="tip_y" type="float">0.1896892</tip_y>
                <tip_z sid="tip_z" type="float">0</tip_z>
              </technique>
            </extra>
          </node>
          <node id="Biped_sheath_01_R" name="sheath_01_R" sid="sheath_01_R" type="JOINT">
            <matrix sid="transform">0.8207216 -0.4961011 0.2833721 -0.366219 -0.1558677 0.2827491 0.946445 0.1455296 -0.5496557 -0.8209366 0.1547321 0.3623982 0 0 0 1</matrix>
            <node id="Biped_prop_sheath_01_R" name="prop_sheath_01_R" sid="prop_sheath_01_R" type="JOINT">
              <matrix sid="transform">1 -4.39584e-7 2.98023e-7 4.17233e-7 3.42727e-7 0.9999999 -1.19209e-7 2.38419e-7 -2.75671e-7 1.78814e-7 1 -1.49012e-8 0 0 0 1</matrix>
              <extra>
                <technique profile="blender">
                  <roll sid="roll" type="float">0.2075778</roll>
                  <tip_x sid="tip_x" type="float">-0.2060842</tip_x>
                  <tip_y sid="tip_y" type="float">0.3227945</tip_y>
                  <tip_z sid="tip_z" type="float">0.1609227</tip_z>
                </technique>
              </extra>
            </node>
            <extra>
              <technique profile="blender">
                <roll sid="roll" type="float">0.2075775</roll>
                <tip_x sid="tip_x" type="float">-0.2060841</tip_x>
                <tip_y sid="tip_y" type="float">0.3227947</tip_y>
                <tip_z sid="tip_z" type="float">0.1609227</tip_z>
              </technique>
            </extra>
          </node>
          <node id="Biped_sheath_01_L" name="sheath_01_L" sid="sheath_01_L" type="JOINT">
            <matrix sid="transform">0.8207209 0.4961019 -0.2833726 0.3662185 0.1558681 0.2827491 0.9464449 0.1455301 0.5496565 -0.8209358 0.1547318 0.3623982 0 0 0 1</matrix>
            <node id="Biped_prop_sheath_01_L" name="prop_sheath_01_L" sid="prop_sheath_01_L" type="JOINT">
              <matrix sid="transform">0.9999999 8.9407e-8 -8.19564e-8 -1.19209e-7 -2.6077e-8 1 -4.47035e-7 6.10948e-7 9.68575e-8 4.76837e-7 1 1.2666e-7 0 0 0 1</matrix>
              <extra>
                <technique profile="blender">
                  <roll sid="roll" type="float">-0.207578</roll>
                  <tip_x sid="tip_x" type="float">0.206084</tip_x>
                  <tip_y sid="tip_y" type="float">0.3227943</tip_y>
                  <tip_z sid="tip_z" type="float">0.1609227</tip_z>
                </technique>
              </extra>
            </node>
            <extra>
              <technique profile="blender">
                <roll sid="roll" type="float">-0.2075777</roll>
                <tip_x sid="tip_x" type="float">0.2060843</tip_x>
                <tip_y sid="tip_y" type="float">0.3227947</tip_y>
                <tip_z sid="tip_z" type="float">0.1609227</tip_z>
              </technique>
            </extra>
          </node>
          <node id="Biped_prop_seax_front" name="prop_seax_front" sid="prop_seax_front" type="JOINT">
            <matrix sid="transform">8.1933e-7 1.78814e-7 -1 -6.6439e-8 0.3522561 0.9359039 4.17233e-7 0.2003376 0.9359038 -0.3522562 7.07805e-7 0.4261086 0 0 0 1</matrix>
            <extra>
              <technique profile="blender">
                <roll sid="roll" type="float">-1.570795</roll>
                <tip_x sid="tip_x" type="float">0</tip_x>
                <tip_y sid="tip_y" type="float">0.0348941</tip_y>
                <tip_z sid="tip_z" type="float">0.1495628</tip_z>
              </technique>
            </extra>
          </node>
          <node id="Biped_prop_seax_back" name="prop_seax_back" sid="prop_seax_back" type="JOINT">
            <matrix sid="transform">7.94575e-7 -5.96046e-8 -1 1.67968e-7 -0.130653 0.9914283 -1.78814e-7 0.02690966 0.9914282 0.130653 7.80448e-7 -0.3670246 0 0 0 1</matrix>
            <extra>
              <technique profile="blender">
                <roll sid="roll" type="float">-1.570795</roll>
                <tip_x sid="tip_x" type="float">0</tip_x>
                <tip_y sid="tip_y" type="float">-0.0397495</tip_y>
                <tip_z sid="tip_z" type="float">0.1483464</tip_z>
              </technique>
            </extra>
          </node>
          <node id="Biped_sheath_02_R" name="sheath_02_R" sid="sheath_02_R" type="JOINT">
            <matrix sid="transform">0.9288079 -0.2294098 0.2910105 -0.4715531 -0.2319681 0.2524661 0.9393891 0.1182689 -0.2889753 -0.9400171 0.1812768 0.1551297 0 0 0 1</matrix>
            <node id="Biped_prop_sheath_02_R" name="prop_sheath_02_R" sid="prop_sheath_02_R" type="JOINT">
              <matrix sid="transform">1 -1.49012e-7 4.32134e-7 2.68221e-7 1.86265e-7 1 -2.68221e-7 3.72529e-7 -4.02331e-7 2.38419e-7 1 -5.96046e-8 0 0 0 1</matrix>
              <extra>
                <technique profile="blender">
                  <roll sid="roll" type="float">0.2573323</roll>
                  <tip_x sid="tip_x" type="float">-0.09900343</tip_x>
                  <tip_y sid="tip_y" type="float">0.3879986</tip_y>
                  <tip_z sid="tip_z" type="float">0.1609227</tip_z>
                </technique>
              </extra>
            </node>
            <extra>
              <technique profile="blender">
                <roll sid="roll" type="float">0.2573319</roll>
                <tip_x sid="tip_x" type="float">-0.09900343</tip_x>
                <tip_y sid="tip_y" type="float">0.3879989</tip_y>
                <tip_z sid="tip_z" type="float">0.1609227</tip_z>
              </technique>
            </extra>
          </node>
          <node id="Biped_sheath_02_L" name="sheath_02_L" sid="sheath_02_L" type="JOINT">
            <matrix sid="transform">0.9288076 0.2294106 -0.291011 0.4715528 0.2319686 0.2524661 0.9393889 0.1182686 0.2889762 -0.940017 0.1812764 0.1551295 0 0 0 1</matrix>
            <node id="Biped_prop_sheath_02_L" name="prop_sheath_02_L" sid="prop_sheath_02_L" type="JOINT">
              <matrix sid="transform">1 5.28991e-7 -1.49012e-8 -3.27826e-7 -5.43892e-7 1 -3.8743e-7 1.78814e-7 1.49012e-8 3.8743e-7 1 -3.27826e-7 0 0 0 1</matrix>
              <extra>
                <technique profile="blender">
                  <roll sid="roll" type="float">-0.2573323</roll>
                  <tip_x sid="tip_x" type="float">0.09900349</tip_x>
                  <tip_y sid="tip_y" type="float">0.3879984</tip_y>
                  <tip_z sid="tip_z" type="float">0.1609227</tip_z>
                </technique>
              </extra>
            </node>
            <extra>
              <technique profile="blender">
                <roll sid="roll" type="float">-0.2573323</roll>
                <tip_x sid="tip_x" type="float">0.09900343</tip_x>
                <tip_y sid="tip_y" type="float">0.387999</tip_y>
                <tip_z sid="tip_z" type="float">0.1609227</tip_z>
              </technique>
            </extra>
          </node>
          <node id="Biped_quiver_R" name="quiver_R" sid="quiver_R" type="JOINT">
            <matrix sid="transform">0.9279921 -0.03269313 0.3711631 -0.5100688 -0.3234892 0.4236182 0.8461102 0.09364106 -0.1848934 -0.9052507 0.3825384 0.01012942 0 0 0 1</matrix>
            <node id="Biped_prop_quiver_R" name="prop_quiver_R" sid="prop_quiver_R" type="JOINT">
              <matrix sid="transform">0.9999999 7.45058e-8 -5.06639e-7 2.98023e-8 -1.19209e-7 0.9999999 1.49012e-7 1.546e-7 5.21541e-7 -1.19209e-7 1 -4.47035e-8 0 0 0 1</matrix>
              <extra>
                <technique profile="blender">
                  <roll sid="roll" type="float">0.3709212</roll>
                  <tip_x sid="tip_x" type="float">-0.01411879</tip_x>
                  <tip_y sid="tip_y" type="float">0.3637422</tip_y>
                  <tip_z sid="tip_z" type="float">0.2323572</tip_z>
                </technique>
              </extra>
            </node>
            <extra>
              <technique profile="blender">
                <roll sid="roll" type="float">0.3709216</roll>
                <tip_x sid="tip_x" type="float">-0.01411885</tip_x>
                <tip_y sid="tip_y" type="float">0.3637424</tip_y>
                <tip_z sid="tip_z" type="float">0.2323575</tip_z>
              </technique>
            </extra>
          </node>
          <node id="Biped_quiver_L" name="quiver_L" sid="quiver_L" type="JOINT">
            <matrix sid="transform">0.9279918 0.032694 -0.3711632 0.5100686 0.3234891 0.4236183 0.8461102 0.09364066 0.1848942 -0.9052507 0.3825381 0.01013054 0 0 0 1</matrix>
            <node id="Biped_prop_quiver_L" name="prop_quiver_L" sid="prop_quiver_L" type="JOINT">
              <matrix sid="transform">0.9999999 -1.93715e-7 3.8743e-7 -5.96046e-8 2.38419e-7 1 8.9407e-8 2.75671e-7 -3.57628e-7 -5.96046e-8 1 1.49012e-7 0 0 0 1</matrix>
              <extra>
                <technique profile="blender">
                  <roll sid="roll" type="float">-0.3709211</roll>
                  <tip_x sid="tip_x" type="float">0.01411879</tip_x>
                  <tip_y sid="tip_y" type="float">0.3637421</tip_y>
                  <tip_z sid="tip_z" type="float">0.2323572</tip_z>
                </technique>
              </extra>
            </node>
            <extra>
              <technique profile="blender">
                <roll sid="roll" type="float">-0.3709215</roll>
                <tip_x sid="tip_x" type="float">0.01411885</tip_x>
                <tip_y sid="tip_y" type="float">0.3637424</tip_y>
                <tip_z sid="tip_z" type="float">0.2323575</tip_z>
              </technique>
            </extra>
          </node>
          <node id="Biped_prop-sheath_R" name="prop-sheath_R" sid="prop-sheath_R" type="JOINT">
            <matrix sid="transform">1 4.70887e-7 -4.50544e-7 -0.4458506 4.50545e-7 -1.2517e-6 1 0.04214894 4.70887e-7 -1 -1.2964e-6 -0.005543761 0 0 0 1</matrix>
            <extra>
              <technique profile="blender">
                <roll sid="roll" type="float">-4.50545e-7</roll>
                <tip_x sid="tip_x" type="float">0</tip_x>
                <tip_y sid="tip_y" type="float">0.1882479</tip_y>
                <tip_z sid="tip_z" type="float">0.02475881</tip_z>
              </technique>
            </extra>
          </node>
          <extra>
            <technique profile="blender">
              <roll sid="roll" type="float">4.45839e-7</roll>
              <tip_x sid="tip_x" type="float">0</tip_x>
              <tip_y sid="tip_y" type="float">-0.02475905</tip_y>
              <tip_z sid="tip_z" type="float">0.1882476</tip_z>
            </technique>
          </extra>
        </node>
        <node id="Biped_knee_L" name="knee_L" sid="knee_L" type="JOINT">
          <matrix sid="transform">-1 0 0 0.6688504 0 -1 0 -2.524968 0 0 1 1.247289 0 0 0 1</matrix>
          <extra>
            <technique profile="blender">
              <tip_x sid="tip_x" type="float">0</tip_x>
              <tip_y sid="tip_y" type="float">-0.5</tip_y>
              <tip_z sid="tip_z" type="float">0</tip_z>
            </technique>
          </extra>
        </node>
        <node id="Biped_knee_R" name="knee_R" sid="knee_R" type="JOINT">
          <matrix sid="transform">-1 0 0 -0.6688504 0 -1 0 -2.524968 0 0 1 1.247289 0 0 0 1</matrix>
          <extra>
            <technique profile="blender">
              <tip_x sid="tip_x" type="float">0</tip_x>
              <tip_y sid="tip_y" type="float">-0.5</tip_y>
              <tip_z sid="tip_z" type="float">0</tip_z>
            </technique>
          </extra>
        </node>
        <node id="Biped_handIK_L" name="handIK_L" sid="handIK_L" type="JOINT">
          <matrix sid="transform">0.9914272 0.1306154 -0.003441763 0.8864825 0.02793835 -0.186185 0.9821175 -0.1577512 0.1276388 -0.973794 -0.1882382 2.327101 0 0 0 1</matrix>
          <extra>
            <technique profile="blender">
              <roll sid="roll" type="float">-0.161774</roll>
              <tip_x sid="tip_x" type="float">0.05482321</tip_x>
              <tip_y sid="tip_y" type="float">-0.07814747</tip_y>
              <tip_z sid="tip_z" type="float">-0.4087308</tip_z>
            </technique>
          </extra>
        </node>
        <node id="Biped_handIK_R" name="handIK_R" sid="handIK_R" type="JOINT">
          <matrix sid="transform">0.9913952 -0.1305481 0.009633966 -0.8864824 -0.03428164 -0.1879006 0.9815895 -0.1577512 -0.1263344 -0.9734734 -0.1907591 2.327101 0 0 0 1</matrix>
          <extra>
            <technique profile="blender">
              <roll sid="roll" type="float">0.1682205</roll>
              <tip_x sid="tip_x" type="float">-0.05479496</tip_x>
              <tip_y sid="tip_y" type="float">-0.07886755</tip_y>
              <tip_z sid="tip_z" type="float">-0.4085962</tip_z>
            </technique>
          </extra>
        </node>
        <node id="Biped_footIK_L" name="footIK_L" sid="footIK_L" type="JOINT">
          <matrix sid="transform">1 0 4.2924e-7 0.3781533 -7.82853e-8 -0.983228 0.1823806 0.2069193 4.22042e-7 -0.1823806 -0.983224 0.1289359 0 0 0 1</matrix>
          <extra>
            <technique profile="blender">
              <roll sid="roll" type="float">4.29243e-7</roll>
              <tip_x sid="tip_x" type="float">0</tip_x>
              <tip_y sid="tip_y" type="float">-0.4718444</tip_y>
              <tip_z sid="tip_z" type="float">-0.08752322</tip_z>
            </technique>
          </extra>
        </node>
        <node id="Biped_footIK_R" name="footIK_R" sid="footIK_R" type="JOINT">
          <matrix sid="transform">1 0 -4.2924e-7 -0.3781533 7.82853e-8 -0.983228 0.1823806 0.2069193 -4.22042e-7 -0.1823806 -0.983224 0.1289359 0 0 0 1</matrix>
          <extra>
            <technique profile="blender">
              <roll sid="roll" type="float">-4.29243e-7</roll>
              <tip_x sid="tip_x" type="float">0</tip_x>
              <tip_y sid="tip_y" type="float">-0.4718444</tip_y>
              <tip_z sid="tip_z" type="float">-0.08752322</tip_z>
            </technique>
          </extra>
        </node>
        <node id="Biped_elbow_L" name="elbow_L" sid="elbow_L" type="JOINT">
          <matrix sid="transform">1 0 0 0.6339188 0 1 0 1.381869 0 0 1 2.844311 0 0 0 1</matrix>
          <extra>
            <technique profile="blender">
              <tip_x sid="tip_x" type="float">0</tip_x>
              <tip_y sid="tip_y" type="float">0.4999999</tip_y>
              <tip_z sid="tip_z" type="float">0</tip_z>
            </technique>
          </extra>
        </node>
        <node id="Biped_elbow_R" name="elbow_R" sid="elbow_R" type="JOINT">
          <matrix sid="transform">1 0 0 -0.6339188 0 1 0 1.381869 0 0 1 2.844311 0 0 0 1</matrix>
          <extra>
            <technique profile="blender">
              <tip_x sid="tip_x" type="float">0</tip_x>
              <tip_y sid="tip_y" type="float">0.4999999</tip_y>
              <tip_z sid="tip_z" type="float">0</tip_z>
            </technique>
          </extra>
        </node>
        <node id="m_armor_dress" name="m_armor_dress" type="NODE">
          <matrix sid="transform">1 0 0 0 0 1 0 0 0 0 1 0 0 0 0 1</matrix>
          <instance_controller url="#Biped_m_armor_dress-skin">
            <skeleton>#Biped_hip</skeleton>
            <skeleton>#Biped_knee_L</skeleton>
            <skeleton>#Biped_knee_R</skeleton>
            <skeleton>#Biped_handIK_L</skeleton>
            <skeleton>#Biped_handIK_R</skeleton>
            <skeleton>#Biped_footIK_L</skeleton>
            <skeleton>#Biped_footIK_R</skeleton>
            <skeleton>#Biped_elbow_L</skeleton>
            <skeleton>#Biped_elbow_R</skeleton>
            <bind_material>
              <technique_common>
                <instance_material symbol="Skin-material" target="#Skin-material">
                  <bind_vertex_input semantic="Cube_023-mesh-map-0" input_semantic="TEXCOORD" input_set="0"/>
                </instance_material>
              </technique_common>
            </bind_material>
          </instance_controller>
        </node>
      </node>
    </visual_scene>
  </library_visual_scenes>
  <scene>
    <instance_visual_scene url="#Scene"/>
  </scene>
</COLLADA>